state_i,state_j,max_similarity,mean_similarity,squire_diff,squire_mean,partisan_align,both_unified_dem,both_unified_rep,same_policy_dir,both_protective,both_restrictive,pac_jaccard,contiguous,bill_count_product,gov_i,gov_j,lean_i,lean_j
Alabama,Arizona,0.08571691619663506,0.07498504274127638,0.0,0.169,0,0,0,1,0,1,0.3333333333333333,0,2,Unified Republican,Divided,restrictive,restrictive
Alabama,Arkansas,0.0566674226818972,0.03149951533154923,0.07100000000000001,0.1335,1,0,1,1,0,1,0.0,0,12,Unified Republican,Unified Republican,restrictive,restrictive
Alabama,California,0.12243350674713907,0.0487152805340284,0.563,0.4505,0,0,0,0,0,0,0.3333333333333333,0,17,Unified Republican,Unified Democratic,restrictive,protective
Alabama,Colorado,0.08741840538498963,0.0460179216538385,0.08099999999999999,0.20950000000000002,0,0,0,0,0,0,0.3333333333333333,0,4,Unified Republican,Unified Democratic,restrictive,protective
Alabama,Connecticut,0.07033655513000238,0.07033655513000238,0.0,0.169,0,0,0,0,0,0,0.3333333333333333,0,1,Unified Republican,Unified Democratic,restrictive,protective
Alabama,Delaware,0.0353441597134274,0.03325105437683624,0.016000000000000014,0.161,0,0,0,0,0,0,0.0,0,2,Unified Republican,Unified Democratic,restrictive,protective
Alabama,Florida,0.10145765909299495,0.10145765909299495,0.059,0.1985,1,0,1,1,0,1,0.3333333333333333,1,1,Unified Republican,Unified Republican,restrictive,restrictive
Alabama,Hawaii,0.06484021973270622,0.034692162366961855,0.143,0.2405,0,0,0,0,0,0,0.0,0,4,Unified Republican,Unified Democratic,restrictive,protective
Alabama,Idaho,0.08789587574955532,0.05226084248695215,0.07800000000000001,0.13,1,0,1,0,0,0,0.0,0,4,Unified Republican,Unified Republican,restrictive,mixed
Alabama,Illinois,0.06831972088559625,0.05737667334352629,0.18399999999999997,0.261,0,0,0,0,0,0,0.3333333333333333,0,5,Unified Republican,Unified Democratic,restrictive,protective
Alabama,Indiana,0.01577126458205458,0.01577126458205458,0.013999999999999985,0.176,1,0,1,0,0,0,0.3333333333333333,0,1,Unified Republican,Unified Republican,restrictive,protective
Alabama,Iowa,0.015435391510140546,0.015435391510140546,0.0020000000000000018,0.168,1,0,1,1,0,1,0.3333333333333333,0,1,Unified Republican,Unified Republican,restrictive,restrictive
Alabama,Kansas,0.17999075057495495,0.05453649510011404,0.027000000000000024,0.1555,0,0,0,1,0,1,0.3333333333333333,0,9,Unified Republican,Divided,restrictive,restrictive
Alabama,Kentucky,0.06249145605569714,0.0413012914374627,0.0,0.169,0,0,0,1,0,1,0.3333333333333333,0,2,Unified Republican,Divided,restrictive,restrictive
Alabama,Louisiana,0.07437054894632433,0.04193990513640274,0.0,0.169,0,0,0,1,0,1,0.0,0,3,Unified Republican,Divided,restrictive,restrictive
Alabama,Maine,0.06662416755198626,0.028513516561673145,0.036000000000000004,0.15100000000000002,0,0,0,0,0,0,0.0,0,7,Unified Republican,Unified Democratic,restrictive,protective
Alabama,Maryland,0.0725477252573185,0.04275659777424494,0.11499999999999996,0.22649999999999998,0,0,0,0,0,0,0.3333333333333333,0,4,Unified Republican,Unified Democratic,restrictive,protective
Alabama,Michigan,0.09721118584311478,0.0321623626211427,0.488,0.41300000000000003,0,0,0,0,0,0,0.3333333333333333,0,16,Unified Republican,Unified Democratic,restrictive,protective
Alabama,Minnesota,0.0970394691844816,0.055809956938067576,0.0,0.169,0,0,0,0,0,0,0.3333333333333333,0,2,Unified Republican,Unified Democratic,restrictive,protective
Alabama,Mississippi,0.09111390307136046,0.06141541442772478,0.06600000000000002,0.136,1,0,1,1,0,1,1.0,1,6,Unified Republican,Unified Republican,restrictive,restrictive
Alabama,Missouri,0.09423373358362416,0.06896070589348909,0.025999999999999884,0.18199999999999994,1,0,1,1,0,1,0.5,0,6,Unified Republican,Unified Republican,restrictive,restrictive
Alabama,Montana,0.056408128341108796,0.03412539017122546,0.08700000000000001,0.1255,1,0,1,1,0,1,0.0,0,10,Unified Republican,Unified Republican,restrictive,restrictive
Alabama,Nebraska,0.051521207552857405,0.05040961219584192,0.008000000000000007,0.165,1,0,1,1,0,1,0.3333333333333333,0,2,Unified Republican,Unified Republican,restrictive,restrictive
Alabama,Nevada,0.06419031895877757,0.04271862331583407,0.064,0.201,0,0,0,0,0,0,0.3333333333333333,0,3,Unified Republican,Unified Democratic,restrictive,protective
Alabama,New Jersey,0.08736403651590494,0.0736029556072046,0.156,0.247,0,0,0,0,0,0,0.3333333333333333,0,3,Unified Republican,Unified Democratic,restrictive,protective
Alabama,New Mexico,0.07001310827463932,0.06297472360960689,0.0,0.169,0,0,0,0,0,0,0.3333333333333333,0,2,Unified Republican,Unified Democratic,restrictive,protective
Alabama,New York,0.05663138998023365,0.03127082943073175,0.491,0.41450000000000004,0,0,0,0,0,0,0.3333333333333333,0,7,Unified Republican,Unified Democratic,restrictive,protective
Alabama,North Carolina,0.08469793256043096,0.07994926719701799,0.0119999999999999,0.17499999999999996,0,0,0,1,0,1,0.3333333333333333,0,3,Unified Republican,Divided,restrictive,restrictive
Alabama,North Dakota,0.04558351783280278,0.03202744371114671,0.084,0.127,1,0,1,1,0,1,1.0,0,4,Unified Republican,Unified Republican,restrictive,restrictive
Alabama,Ohio,0.06841494243610201,0.04014610148385909,0.12199999999999997,0.22999999999999998,1,0,1,1,0,1,0.3333333333333333,0,2,Unified Republican,Unified Republican,restrictive,restrictive
Alabama,Oklahoma,0.05977920954319719,0.05977920954319719,0.0,0.169,1,0,1,1,0,1,1.0,0,1,Unified Republican,Unified Republican,restrictive,restrictive
Alabama,Oregon,0.07634609686373309,0.07634609686373309,0.056999999999999995,0.1975,0,0,0,0,0,0,0.0,0,1,Unified Republican,Unified Democratic,restrictive,protective
Alabama,Pennsylvania,0.05513336901784569,0.05513336901784569,0.0,0.169,0,0,0,1,0,1,0.3333333333333333,0,1,Unified Republican,Divided,restrictive,restrictive
Alabama,Rhode Island,0.05097534907074882,0.05097534907074882,0.03799999999999998,0.188,0,0,0,0,0,0,0.0,0,1,Unified Republican,Unified Democratic,restrictive,protective
Alabama,South Carolina,0.03559957051261721,0.02763091277695521,0.035,0.15150000000000002,1,0,1,0,0,0,0.0,0,2,Unified Republican,Unified Republican,restrictive,mixed
Alabama,South Dakota,0.019354106710732268,0.019354106710732268,0.09600000000000002,0.121,1,0,1,0,0,0,0.0,0,1,Unified Republican,Unified Republican,restrictive,mixed
Alabama,Tennessee,0.026034217852315633,0.020071240841607742,0.017000000000000015,0.1605,1,0,1,1,0,1,1.0,1,4,Unified Republican,Unified Republican,restrictive,restrictive
Alabama,Texas,0.04799781053497117,0.030446003544396142,0.028000000000000025,0.155,1,0,1,1,0,1,0.3333333333333333,0,7,Unified Republican,Unified Republican,restrictive,restrictive
Alabama,Utah,0.3719564255384313,0.09149777756107073,0.01100000000000001,0.1635,1,0,1,1,0,1,1.0,0,7,Unified Republican,Unified Republican,restrictive,restrictive
Alabama,Vermont,0.05947673722044728,0.05947673722044728,0.07200000000000001,0.133,0,0,0,0,0,0,0.0,0,1,Unified Republican,Divided,restrictive,protective
Alabama,Virginia,0.08880930486857297,0.056918840666464826,0.034999999999999976,0.1865,0,0,0,1,0,1,0.25,0,4,Unified Republican,Divided,restrictive,restrictive
Alabama,Washington,0.07626766471827724,0.045659304896378726,0.086,0.21200000000000002,0,0,0,0,0,0,0.3333333333333333,0,5,Unified Republican,Unified Democratic,restrictive,protective
Alabama,West Virginia,0.046276852772938575,0.037879723344408596,0.06100000000000001,0.1385,1,0,1,1,0,1,0.0,0,4,Unified Republican,Unified Republican,restrictive,restrictive
Alabama,Wisconsin,0.04984780230598992,0.04984780230598992,0.0,0.169,0,0,0,1,0,1,0.3333333333333333,0,1,Unified Republican,Divided,restrictive,restrictive
Alabama,Wyoming,0.05281664505003212,0.043651850532657306,0.09800000000000002,0.12,1,0,1,1,0,1,1.0,0,2,Unified Republican,Unified Republican,restrictive,restrictive
Arizona,Arkansas,0.1506031090146935,0.07701140962940713,0.07100000000000001,0.1335,0,0,0,1,0,1,0.0,0,24,Divided,Unified Republican,restrictive,restrictive
Arizona,California,0.2537948970834307,0.08094517582526568,0.563,0.4505,0,0,0,0,0,0,1.0,1,34,Divided,Unified Democratic,restrictive,protective
Arizona,Colorado,0.10816909310146304,0.07285226036263569,0.08099999999999999,0.20950000000000002,0,0,0,0,0,0,1.0,1,8,Divided,Unified Democratic,restrictive,protective
Arizona,Connecticut,0.16033448155160296,0.1210002680498452,0.0,0.169,0,0,0,0,0,0,1.0,0,2,Divided,Unified Democratic,restrictive,protective
Arizona,Delaware,0.08271159387156242,0.07038877207213719,0.016000000000000014,0.161,0,0,0,0,0,0,0.0,0,4,Divided,Unified Democratic,restrictive,protective
Arizona,Florida,0.10602439484305783,0.09225227259502622,0.059,0.1985,0,0,0,1,0,1,1.0,0,2,Divided,Unified Republican,restrictive,restrictive
Arizona,Hawaii,0.18467903580707282,0.08687364701723492,0.143,0.2405,0,0,0,0,0,0,0.6666666666666666,0,8,Divided,Unified Democratic,restrictive,protective
Arizona,Idaho,0.24262855066481825,0.12302812493604492,0.07800000000000001,0.13,0,0,0,0,0,0,0.3333333333333333,0,8,Divided,Unified Republican,restrictive,mixed
Arizona,Illinois,0.18396685213823274,0.12153135686873413,0.18399999999999997,0.261,0,0,0,0,0,0,1.0,0,10,Divided,Unified Democratic,restrictive,protective
Arizona,Indiana,0.06917730444701728,0.04817016998667428,0.013999999999999985,0.176,0,0,0,0,0,0,0.5,0,2,Divided,Unified Republican,restrictive,protective
Arizona,Iowa,0.08097618649472317,0.054181072686931425,0.0020000000000000018,0.168,0,0,0,1,0,1,1.0,0,2,Divided,Unified Republican,restrictive,restrictive
Arizona,Kansas,0.24693148555518077,0.08824917823482391,0.027000000000000024,0.1555,1,0,0,1,0,1,1.0,0,18,Divided,Divided,restrictive,restrictive
Arizona,Kentucky,0.09511789644402328,0.06797785969252465,0.0,0.169,1,0,0,1,0,1,1.0,0,4,Divided,Divided,restrictive,restrictive
Arizona,Louisiana,0.16930531080039543,0.09315269436029089,0.0,0.169,1,0,0,1,0,1,0.0,0,6,Divided,Divided,restrictive,restrictive
Arizona,Maine,0.13699327478220327,0.05182275241718692,0.036000000000000004,0.15100000000000002,0,0,0,0,0,0,0.6666666666666666,0,14,Divided,Unified Democratic,restrictive,protective
Arizona,Maryland,0.14354527345053197,0.06839442905926342,0.11499999999999996,0.22649999999999998,0,0,0,0,0,0,0.5,0,8,Divided,Unified Democratic,restrictive,protective
Arizona,Michigan,0.24414426486699722,0.04782008451338336,0.488,0.41300000000000003,0,0,0,0,0,0,1.0,0,32,Divided,Unified Democratic,restrictive,protective
Arizona,Minnesota,0.22293658973688898,0.1210165489645635,0.0,0.169,0,0,0,0,0,0,1.0,0,4,Divided,Unified Democratic,restrictive,protective
Arizona,Mississippi,0.3912638186370547,0.10917901087120942,0.06600000000000002,0.136,0,0,0,1,0,1,0.3333333333333333,0,12,Divided,Unified Republican,restrictive,restrictive
Arizona,Missouri,0.3289289503682658,0.16888122116964255,0.025999999999999884,0.18199999999999994,0,0,0,1,0,1,0.6666666666666666,0,12,Divided,Unified Republican,restrictive,restrictive
Arizona,Montana,0.24238473607308164,0.07239277856961579,0.08700000000000001,0.1255,0,0,0,1,0,1,0.3333333333333333,0,20,Divided,Unified Republican,restrictive,restrictive
Arizona,Nebraska,0.17072202318280033,0.102089093770199,0.008000000000000007,0.165,0,0,0,1,0,1,1.0,0,4,Divided,Unified Republican,restrictive,restrictive
Arizona,Nevada,0.25671890555122345,0.08464729021655266,0.064,0.201,0,0,0,0,0,0,1.0,1,6,Divided,Unified Democratic,restrictive,protective
Arizona,New Jersey,0.25276453616651495,0.17289251164858546,0.156,0.247,0,0,0,0,0,0,1.0,0,6,Divided,Unified Democratic,restrictive,protective
Arizona,New Mexico,0.09139230207854225,0.07311122548690134,0.0,0.169,0,0,0,0,0,0,1.0,1,4,Divided,Unified Democratic,restrictive,protective
Arizona,New York,0.10606624062140588,0.0520517266884536,0.491,0.41450000000000004,0,0,0,0,0,0,1.0,0,14,Divided,Unified Democratic,restrictive,protective
Arizona,North Carolina,0.18635255158643405,0.1402877821189932,0.0119999999999999,0.17499999999999996,1,0,0,1,0,1,1.0,0,6,Divided,Divided,restrictive,restrictive
Arizona,North Dakota,0.17775339463422687,0.06570239836870084,0.084,0.127,0,0,0,1,0,1,0.3333333333333333,0,8,Divided,Unified Republican,restrictive,restrictive
Arizona,Ohio,0.10037797364522372,0.05944408159759735,0.12199999999999997,0.22999999999999998,0,0,0,1,0,1,1.0,0,4,Divided,Unified Republican,restrictive,restrictive
Arizona,Oklahoma,0.07988486131658888,0.07282172362572299,0.0,0.169,0,0,0,1,0,1,0.3333333333333333,0,2,Divided,Unified Republican,restrictive,restrictive
Arizona,Oregon,0.17432576718380302,0.14848242832558717,0.056999999999999995,0.1975,0,0,0,0,0,0,0.6666666666666666,0,2,Divided,Unified Democratic,restrictive,protective
Arizona,Pennsylvania,0.10678998961284472,0.0974730408717592,0.0,0.169,1,0,0,1,0,1,1.0,0,2,Divided,Divided,restrictive,restrictive
Arizona,Rhode Island,0.11012891406838697,0.09808475041638053,0.03799999999999998,0.188,0,0,0,0,0,0,0.6666666666666666,0,2,Divided,Unified Democratic,restrictive,protective
Arizona,South Carolina,0.13026830613639245,0.05483096565659315,0.035,0.15150000000000002,0,0,0,0,0,0,0.3333333333333333,0,4,Divided,Unified Republican,restrictive,mixed
Arizona,South Dakota,0.018526586498988695,0.01818005475105459,0.09600000000000002,0.121,0,0,0,0,0,0,0.0,0,2,Divided,Unified Republican,restrictive,mixed
Arizona,Tennessee,0.059431689661196774,0.03610032238777133,0.017000000000000015,0.1605,0,0,0,1,0,1,0.3333333333333333,0,8,Divided,Unified Republican,restrictive,restrictive
Arizona,Texas,0.0886273553469968,0.0547466917413006,0.028000000000000025,0.155,0,0,0,1,0,1,1.0,0,14,Divided,Unified Republican,restrictive,restrictive
Arizona,Utah,0.22653231940828494,0.09793057235725011,0.01100000000000001,0.1635,0,0,0,1,0,1,0.3333333333333333,1,14,Divided,Unified Republican,restrictive,restrictive
Arizona,Vermont,0.12504480544042107,0.09963778643618748,0.07200000000000001,0.133,1,0,0,0,0,0,0.6666666666666666,0,2,Divided,Divided,restrictive,protective
Arizona,Virginia,0.33821296069998796,0.14153312235117094,0.034999999999999976,0.1865,1,0,0,1,0,1,0.75,0,8,Divided,Divided,restrictive,restrictive
Arizona,Washington,0.11164994694171401,0.0780244224963251,0.086,0.21200000000000002,0,0,0,0,0,0,1.0,0,10,Divided,Unified Democratic,restrictive,protective
Arizona,West Virginia,0.14364515837852113,0.08437175378270355,0.06100000000000001,0.1385,0,0,0,1,0,1,0.0,0,8,Divided,Unified Republican,restrictive,restrictive
Arizona,Wisconsin,0.1706903117346956,0.13364076133034752,0.0,0.169,1,0,0,1,0,1,1.0,0,2,Divided,Divided,restrictive,restrictive
Arizona,Wyoming,0.09172514476465958,0.06006239353134148,0.09800000000000002,0.12,0,0,0,1,0,1,0.3333333333333333,0,4,Divided,Unified Republican,restrictive,restrictive
Arkansas,California,0.17563282309336933,0.034661933867743536,0.634,0.415,0,0,0,0,0,0,0.0,0,204,Unified Republican,Unified Democratic,restrictive,protective
Arkansas,Colorado,0.09801647972919035,0.033096574377215464,0.152,0.174,0,0,0,0,0,0,0.0,0,48,Unified Republican,Unified Democratic,restrictive,protective
Arkansas,Connecticut,0.062124021570107386,0.031958514393570885,0.07100000000000001,0.1335,0,0,0,0,0,0,0.0,0,12,Unified Republican,Unified Democratic,restrictive,protective
Arkansas,Delaware,0.1389802049956275,0.037741219202110016,0.05499999999999999,0.1255,0,0,0,0,0,0,0,0,24,Unified Republican,Unified Democratic,restrictive,protective
Arkansas,Florida,0.12661501840645414,0.06321909832175965,0.13,0.163,1,0,1,1,0,1,0.0,0,12,Unified Republican,Unified Republican,restrictive,restrictive
Arkansas,Hawaii,0.08621281708699334,0.04356632952974082,0.214,0.20500000000000002,0,0,0,0,0,0,0.0,0,48,Unified Republican,Unified Democratic,restrictive,protective
Arkansas,Idaho,0.17475259991161915,0.07074666184645105,0.007000000000000006,0.0945,1,0,1,0,0,0,0.0,0,48,Unified Republican,Unified Republican,restrictive,mixed
Arkansas,Illinois,0.29551733853667944,0.06725708658747813,0.255,0.22549999999999998,0,0,0,0,0,0,0.0,0,60,Unified Republican,Unified Democratic,restrictive,protective
Arkansas,Indiana,0.0400731294929088,0.026193514444819373,0.08499999999999999,0.1405,1,0,1,0,0,0,0.0,0,12,Unified Republican,Unified Republican,restrictive,protective
Arkansas,Iowa,0.11171757759413226,0.040601510778166525,0.069,0.1325,1,0,1,1,0,1,0.0,0,12,Unified Republican,Unified Republican,restrictive,restrictive
Arkansas,Kansas,0.20544204531670193,0.037203790815254524,0.043999999999999984,0.12,0,0,0,1,0,1,0.0,0,108,Unified Republican,Divided,restrictive,restrictive
Arkansas,Kentucky,0.10807985511674612,0.04782384187941046,0.07100000000000001,0.1335,0,0,0,1,0,1,0.0,0,24,Unified Republican,Divided,restrictive,restrictive
Arkansas,Louisiana,0.20874273161224197,0.055666927061208266,0.07100000000000001,0.1335,0,0,0,1,0,1,0,1,36,Unified Republican,Divided,restrictive,restrictive
Arkansas,Maine,0.11389593432672628,0.02218453891454676,0.035,0.1155,0,0,0,0,0,0,0.0,0,84,Unified Republican,Unified Democratic,restrictive,protective
Arkansas,Maryland,0.11329937468816674,0.02484662873076013,0.18599999999999997,0.191,0,0,0,0,0,0,0.0,0,48,Unified Republican,Unified Democratic,restrictive,protective
Arkansas,Michigan,0.12028683172511982,0.022758845242196204,0.559,0.3775,0,0,0,0,0,0,0.0,0,192,Unified Republican,Unified Democratic,restrictive,protective
Arkansas,Minnesota,0.21388048625200068,0.06586706659004563,0.07100000000000001,0.1335,0,0,0,0,0,0,0.0,0,24,Unified Republican,Unified Democratic,restrictive,protective
Arkansas,Mississippi,0.12857685811628924,0.03930158718280783,0.0049999999999999906,0.1005,1,0,1,1,0,1,0.0,1,72,Unified Republican,Unified Republican,restrictive,restrictive
Arkansas,Missouri,0.15431523272592737,0.05413953602594987,0.09699999999999989,0.14649999999999996,1,0,1,1,0,1,0.0,1,72,Unified Republican,Unified Republican,restrictive,restrictive
Arkansas,Montana,0.10765199223712463,0.02824865165657397,0.016,0.09,1,0,1,1,0,1,0.0,0,120,Unified Republican,Unified Republican,restrictive,restrictive
Arkansas,Nebraska,0.13558775322624236,0.0479490919772578,0.063,0.1295,1,0,1,1,0,1,0.0,0,24,Unified Republican,Unified Republican,restrictive,restrictive
Arkansas,Nevada,0.07657420331817519,0.02307059337393124,0.135,0.1655,0,0,0,0,0,0,0.0,0,36,Unified Republican,Unified Democratic,restrictive,protective
Arkansas,New Jersey,0.24669731903863948,0.07524104281405292,0.227,0.21150000000000002,0,0,0,0,0,0,0.0,0,36,Unified Republican,Unified Democratic,restrictive,protective
Arkansas,New Mexico,0.07295704609442721,0.03635026096254656,0.07100000000000001,0.1335,0,0,0,0,0,0,0.0,0,24,Unified Republican,Unified Democratic,restrictive,protective
Arkansas,New York,0.10561375334103089,0.03132922650149506,0.562,0.379,0,0,0,0,0,0,0.0,0,84,Unified Republican,Unified Democratic,restrictive,protective
Arkansas,North Carolina,0.1528434797830885,0.06595710109475084,0.08299999999999991,0.13949999999999996,0,0,0,1,0,1,0.0,0,36,Unified Republican,Divided,restrictive,restrictive
Arkansas,North Dakota,0.16390102412695348,0.0400248092172708,0.012999999999999998,0.0915,1,0,1,1,0,1,0.0,0,48,Unified Republican,Unified Republican,restrictive,restrictive
Arkansas,Ohio,0.1154677025633517,0.04555326447557695,0.19299999999999998,0.1945,1,0,1,1,0,1,0.0,0,24,Unified Republican,Unified Republican,restrictive,restrictive
Arkansas,Oklahoma,0.0785329368055674,0.02941155774787842,0.07100000000000001,0.1335,1,0,1,1,0,1,0.0,1,12,Unified Republican,Unified Republican,restrictive,restrictive
Arkansas,Oregon,0.08767808716618085,0.03592269444928096,0.128,0.162,0,0,0,0,0,0,0.0,0,12,Unified Republican,Unified Democratic,restrictive,protective
Arkansas,Pennsylvania,0.17810331734919435,0.0692837558543491,0.07100000000000001,0.1335,0,0,0,1,0,1,0.0,0,12,Unified Republican,Divided,restrictive,restrictive
Arkansas,Rhode Island,0.1521318238269976,0.06126357631234266,0.10899999999999999,0.1525,0,0,0,0,0,0,0.0,0,12,Unified Republican,Unified Democratic,restrictive,protective
Arkansas,South Carolina,0.22883241792897774,0.04387122311687616,0.036000000000000004,0.116,1,0,1,0,0,0,0.0,0,24,Unified Republican,Unified Republican,restrictive,mixed
Arkansas,South Dakota,0.03351436429644252,0.018890349490517145,0.02500000000000001,0.08549999999999999,1,0,1,0,0,0,0,0,12,Unified Republican,Unified Republican,restrictive,mixed
Arkansas,Tennessee,0.13485856428293597,0.02570761566622408,0.05399999999999999,0.125,1,0,1,1,0,1,0.0,1,48,Unified Republican,Unified Republican,restrictive,restrictive
Arkansas,Texas,0.14996411904371632,0.0419148172291733,0.04299999999999998,0.1195,1,0,1,1,0,1,0.0,1,84,Unified Republican,Unified Republican,restrictive,restrictive
Arkansas,Utah,0.14396501532276493,0.03935712947192459,0.06,0.128,1,0,1,1,0,1,0.0,0,84,Unified Republican,Unified Republican,restrictive,restrictive
Arkansas,Vermont,0.11459187800777172,0.0383842664481112,0.0010000000000000009,0.0975,0,0,0,0,0,0,0.0,0,12,Unified Republican,Divided,restrictive,protective
Arkansas,Virginia,0.15343231981209457,0.0494713476163425,0.10599999999999998,0.151,0,0,0,1,0,1,0.0,0,48,Unified Republican,Divided,restrictive,restrictive
Arkansas,Washington,0.13491858042814486,0.040869799767113774,0.157,0.1765,0,0,0,0,0,0,0.0,0,60,Unified Republican,Unified Democratic,restrictive,protective
Arkansas,West Virginia,0.3646372535363402,0.05650088851067415,0.009999999999999995,0.10300000000000001,1,0,1,1,0,1,0,0,48,Unified Republican,Unified Republican,restrictive,restrictive
Arkansas,Wisconsin,0.09665130628718292,0.05168389025598696,0.07100000000000001,0.1335,0,0,0,1,0,1,0.0,0,12,Unified Republican,Divided,restrictive,restrictive
Arkansas,Wyoming,0.10936314610364814,0.045246337237477764,0.02700000000000001,0.08449999999999999,1,0,1,1,0,1,0.0,0,24,Unified Republican,Unified Republican,restrictive,restrictive
California,Colorado,0.35995864270798145,0.06421165940798856,0.482,0.491,1,1,0,1,1,0,1.0,0,68,Unified Democratic,Unified Democratic,protective,protective
California,Connecticut,0.3064805052145886,0.07405404093925731,0.563,0.4505,1,1,0,1,1,0,1.0,0,17,Unified Democratic,Unified Democratic,protective,protective
California,Delaware,0.13171705282391835,0.0526615675688427,0.579,0.4425,1,1,0,1,1,0,0.0,0,34,Unified Democratic,Unified Democratic,protective,protective
California,Florida,0.14910104643293304,0.07719864463139108,0.504,0.48,0,0,0,0,0,0,1.0,0,17,Unified Democratic,Unified Republican,protective,restrictive
California,Hawaii,0.2530160995136213,0.060796012726178746,0.42,0.522,1,1,0,1,1,0,0.6666666666666666,0,68,Unified Democratic,Unified Democratic,protective,protective
California,Idaho,0.26429287074509217,0.06767495619523164,0.641,0.4115,0,0,0,0,0,0,0.3333333333333333,0,68,Unified Democratic,Unified Republican,protective,mixed
California,Illinois,0.24749622756808526,0.07264103277265489,0.379,0.5425,1,1,0,1,1,0,1.0,0,85,Unified Democratic,Unified Democratic,protective,protective
California,Indiana,0.05910441616801687,0.025453192695254895,0.5489999999999999,0.4575,0,0,0,1,1,0,0.5,0,17,Unified Democratic,Unified Republican,protective,protective
California,Iowa,0.06038251235376038,0.02807555129725345,0.565,0.4495,0,0,0,0,0,0,1.0,0,17,Unified Democratic,Unified Republican,protective,restrictive
California,Kansas,0.20876369247329474,0.05381998144555668,0.59,0.437,0,0,0,0,0,0,1.0,0,153,Unified Democratic,Divided,protective,restrictive
California,Kentucky,0.18345947708771104,0.05198290957765676,0.563,0.4505,0,0,0,0,0,0,1.0,0,34,Unified Democratic,Divided,protective,restrictive
California,Louisiana,0.27212339372718186,0.052089877880416045,0.563,0.4505,0,0,0,0,0,0,0.0,0,51,Unified Democratic,Divided,protective,restrictive
California,Maine,0.20376647177221976,0.04024027655959715,0.599,0.4325,1,1,0,1,1,0,0.6666666666666666,0,119,Unified Democratic,Unified Democratic,protective,protective
California,Maryland,0.30393931483386466,0.06913864079210733,0.448,0.508,1,1,0,1,1,0,0.5,0,68,Unified Democratic,Unified Democratic,protective,protective
California,Michigan,0.24082830882520134,0.034526456378379186,0.07499999999999996,0.6945,1,1,0,1,1,0,1.0,0,272,Unified Democratic,Unified Democratic,protective,protective
California,Minnesota,0.24037332376501344,0.07628741685998015,0.563,0.4505,1,1,0,1,1,0,1.0,0,34,Unified Democratic,Unified Democratic,protective,protective
California,Mississippi,0.18276142722863023,0.04955989145155009,0.629,0.4175,0,0,0,0,0,0,0.3333333333333333,0,102,Unified Democratic,Unified Republican,protective,restrictive
California,Missouri,0.3268398246845564,0.08356516865441274,0.5370000000000001,0.4634999999999999,0,0,0,0,0,0,0.6666666666666666,0,102,Unified Democratic,Unified Republican,protective,restrictive
California,Montana,0.18244249559084275,0.04539668459664535,0.65,0.407,0,0,0,0,0,0,0.3333333333333333,0,170,Unified Democratic,Unified Republican,protective,restrictive
California,Nebraska,0.2639056598088987,0.07091657828394243,0.571,0.4465,0,0,0,0,0,0,1.0,0,34,Unified Democratic,Unified Republican,protective,restrictive
California,Nevada,0.2341643775921116,0.053697006314289884,0.499,0.4825,1,1,0,1,1,0,1.0,1,51,Unified Democratic,Unified Democratic,protective,protective
California,New Jersey,0.23847472142049161,0.08862928428828763,0.407,0.5285,1,1,0,1,1,0,1.0,0,51,Unified Democratic,Unified Democratic,protective,protective
California,New Mexico,0.3400541529115913,0.08139000836297558,0.563,0.4505,1,1,0,1,1,0,1.0,0,34,Unified Democratic,Unified Democratic,protective,protective
California,New York,0.41554342077154793,0.045393587252056,0.07199999999999995,0.696,1,1,0,1,1,0,1.0,0,119,Unified Democratic,Unified Democratic,protective,protective
California,North Carolina,0.28491690913812073,0.10273012562963568,0.551,0.45649999999999996,0,0,0,0,0,0,1.0,0,51,Unified Democratic,Divided,protective,restrictive
California,North Dakota,0.13804093600680864,0.042402167708965696,0.647,0.4085,0,0,0,0,0,0,0.3333333333333333,0,68,Unified Democratic,Unified Republican,protective,restrictive
California,Ohio,0.10494347650064179,0.039576749109891944,0.441,0.5115,0,0,0,0,0,0,1.0,0,34,Unified Democratic,Unified Republican,protective,restrictive
California,Oklahoma,0.12403242458561359,0.05484615089033678,0.563,0.4505,0,0,0,0,0,0,0.3333333333333333,0,17,Unified Democratic,Unified Republican,protective,restrictive
California,Oregon,0.20671128973692457,0.09650525693095224,0.506,0.479,1,1,0,1,1,0,0.6666666666666666,1,17,Unified Democratic,Unified Democratic,protective,protective
California,Pennsylvania,0.30655686362690027,0.0682837047401872,0.563,0.4505,0,0,0,0,0,0,1.0,0,17,Unified Democratic,Divided,protective,restrictive
California,Rhode Island,0.1519109297088174,0.06991736275178512,0.525,0.4695,1,1,0,1,1,0,0.6666666666666666,0,17,Unified Democratic,Unified Democratic,protective,protective
California,South Carolina,0.1054229644575696,0.03357612277676201,0.598,0.433,0,0,0,0,0,0,0.3333333333333333,0,34,Unified Democratic,Unified Republican,protective,mixed
California,South Dakota,0.020778772897816582,0.010540911716679816,0.659,0.40249999999999997,0,0,0,0,0,0,0.0,0,17,Unified Democratic,Unified Republican,protective,mixed
California,Tennessee,0.06330803650236254,0.021548345239657176,0.58,0.442,0,0,0,0,0,0,0.3333333333333333,0,68,Unified Democratic,Unified Republican,protective,restrictive
California,Texas,0.1817340172773924,0.04032103724636827,0.591,0.4365,0,0,0,0,0,0,1.0,0,119,Unified Democratic,Unified Republican,protective,restrictive
California,Utah,0.16447830210322462,0.049126773958834705,0.574,0.445,0,0,0,0,0,0,0.3333333333333333,0,119,Unified Democratic,Unified Republican,protective,restrictive
California,Vermont,0.4653213235213872,0.13607154717946976,0.635,0.4145,0,0,0,1,1,0,0.6666666666666666,0,17,Unified Democratic,Divided,protective,protective
California,Virginia,0.3325897149397016,0.08719641537524857,0.528,0.46799999999999997,0,0,0,0,0,0,0.75,0,68,Unified Democratic,Divided,protective,restrictive
California,Washington,0.3055838942982438,0.0462524038384694,0.477,0.4935,1,1,0,1,1,0,1.0,0,85,Unified Democratic,Unified Democratic,protective,protective
California,West Virginia,0.11493938379925835,0.04757215801925654,0.624,0.42,0,0,0,0,0,0,0.0,0,68,Unified Democratic,Unified Republican,protective,restrictive
California,Wisconsin,0.1731966298012572,0.061376874708571595,0.563,0.4505,0,0,0,0,0,0,1.0,0,17,Unified Democratic,Divided,protective,restrictive
California,Wyoming,0.09216839574928526,0.03710584288011457,0.661,0.40149999999999997,0,0,0,0,0,0,0.3333333333333333,0,34,Unified Democratic,Unified Republican,protective,restrictive
Colorado,Connecticut,0.07423741886682486,0.04794036924597953,0.08099999999999999,0.20950000000000002,1,1,0,1,1,0,1.0,0,4,Unified Democratic,Unified Democratic,protective,protective
Colorado,Delaware,0.11493775633504474,0.05971726979235695,0.097,0.2015,1,1,0,1,1,0,0.0,0,8,Unified Democratic,Unified Democratic,protective,protective
Colorado,Florida,0.0871582200386513,0.055372463966619656,0.021999999999999992,0.239,0,0,0,0,0,0,1.0,0,4,Unified Democratic,Unified Republican,protective,restrictive
Colorado,Hawaii,0.2009378173670029,0.07724746457554486,0.062,0.281,1,1,0,1,1,0,0.6666666666666666,0,16,Unified Democratic,Unified Democratic,protective,protective
Colorado,Idaho,0.09333707352597222,0.046527133901339515,0.159,0.17049999999999998,0,0,0,0,0,0,0.3333333333333333,0,16,Unified Democratic,Unified Republican,protective,mixed
Colorado,Illinois,0.15197831283750826,0.06639247766801352,0.10299999999999998,0.3015,1,1,0,1,1,0,1.0,0,20,Unified Democratic,Unified Democratic,protective,protective
Colorado,Indiana,0.04455407366757617,0.028860767809598377,0.067,0.2165,0,0,0,1,1,0,0.5,0,4,Unified Democratic,Unified Republican,protective,protective
Colorado,Iowa,0.0278749296838979,0.023273197705157872,0.08299999999999999,0.20850000000000002,0,0,0,0,0,0,1.0,0,4,Unified Democratic,Unified Republican,protective,restrictive
Colorado,Kansas,0.12163733622375202,0.034656513269925436,0.10800000000000001,0.196,0,0,0,0,0,0,1.0,1,36,Unified Democratic,Divided,protective,restrictive
Colorado,Kentucky,0.09511279454195422,0.04590611200657976,0.08099999999999999,0.20950000000000002,0,0,0,0,0,0,1.0,0,8,Unified Democratic,Divided,protective,restrictive
Colorado,Louisiana,0.06509196667447237,0.03743837720578363,0.08099999999999999,0.20950000000000002,0,0,0,0,0,0,0.0,0,12,Unified Democratic,Divided,protective,restrictive
Colorado,Maine,0.23244253028612893,0.040074270236591346,0.11699999999999999,0.1915,1,1,0,1,1,0,0.6666666666666666,0,28,Unified Democratic,Unified Democratic,protective,protective
Colorado,Maryland,0.35967621420901064,0.08156850055816464,0.033999999999999975,0.267,1,1,0,1,1,0,0.5,0,16,Unified Democratic,Unified Democratic,protective,protective
Colorado,Michigan,0.1302871828436602,0.028762775172801,0.40700000000000003,0.4535,1,1,0,1,1,0,1.0,0,64,Unified Democratic,Unified Democratic,protective,protective
Colorado,Minnesota,0.14549177814433603,0.0788289081427745,0.08099999999999999,0.20950000000000002,1,1,0,1,1,0,1.0,0,8,Unified Democratic,Unified Democratic,protective,protective
Colorado,Mississippi,0.0860131554153031,0.039150264975734365,0.14700000000000002,0.1765,0,0,0,0,0,0,0.3333333333333333,0,24,Unified Democratic,Unified Republican,protective,restrictive
Colorado,Missouri,0.16905456368907604,0.062324535143558964,0.055000000000000104,0.22249999999999995,0,0,0,0,0,0,0.6666666666666666,0,24,Unified Democratic,Unified Republican,protective,restrictive
Colorado,Montana,0.22436019856356174,0.0456570684087161,0.16799999999999998,0.166,0,0,0,0,0,0,0.3333333333333333,0,40,Unified Democratic,Unified Republican,protective,restrictive
Colorado,Nebraska,0.09831822834423454,0.05019286116664336,0.089,0.20550000000000002,0,0,0,0,0,0,1.0,1,8,Unified Democratic,Unified Republican,protective,restrictive
Colorado,Nevada,0.09221672701189233,0.04339098464748395,0.016999999999999987,0.2415,1,1,0,1,1,0,1.0,0,12,Unified Democratic,Unified Democratic,protective,protective
Colorado,New Jersey,0.22609066933048405,0.09152112856736071,0.07500000000000001,0.2875,1,1,0,1,1,0,1.0,0,12,Unified Democratic,Unified Democratic,protective,protective
Colorado,New Mexico,0.4472639289007721,0.13961767140639353,0.08099999999999999,0.20950000000000002,1,1,0,1,1,0,1.0,1,8,Unified Democratic,Unified Democratic,protective,protective
Colorado,New York,0.29573231259762417,0.04690438553275705,0.41000000000000003,0.455,1,1,0,1,1,0,1.0,0,28,Unified Democratic,Unified Democratic,protective,protective
Colorado,North Carolina,0.14038078400414258,0.07077729254704444,0.06900000000000009,0.21549999999999997,0,0,0,0,0,0,1.0,0,12,Unified Democratic,Divided,protective,restrictive
Colorado,North Dakota,0.07150703753824868,0.04159742401586274,0.16499999999999998,0.1675,0,0,0,0,0,0,0.3333333333333333,0,16,Unified Democratic,Unified Republican,protective,restrictive
Colorado,Ohio,0.05671475352082446,0.03797782916182764,0.04099999999999998,0.27049999999999996,0,0,0,0,0,0,1.0,0,8,Unified Democratic,Unified Republican,protective,restrictive
Colorado,Oklahoma,0.13942513150238375,0.06594157853837573,0.08099999999999999,0.20950000000000002,0,0,0,0,0,0,0.3333333333333333,1,4,Unified Democratic,Unified Republican,protective,restrictive
Colorado,Oregon,0.1828896414023612,0.0995654755706452,0.023999999999999994,0.238,1,1,0,1,1,0,0.6666666666666666,0,4,Unified Democratic,Unified Democratic,protective,protective
Colorado,Pennsylvania,0.05820487132962574,0.039485729659090064,0.08099999999999999,0.20950000000000002,0,0,0,0,0,0,1.0,0,4,Unified Democratic,Divided,protective,restrictive
Colorado,Rhode Island,0.11368805350238362,0.06761354903876607,0.04300000000000001,0.22849999999999998,1,1,0,1,1,0,0.6666666666666666,0,4,Unified Democratic,Unified Democratic,protective,protective
Colorado,South Carolina,0.04691715739710445,0.027297667851873816,0.11599999999999999,0.192,0,0,0,0,0,0,0.3333333333333333,0,8,Unified Democratic,Unified Republican,protective,mixed
Colorado,South Dakota,0.020428621050022272,0.015537229421034337,0.177,0.1615,0,0,0,0,0,0,0.0,0,4,Unified Democratic,Unified Republican,protective,mixed
Colorado,Tennessee,0.04933107645582811,0.02046890224615144,0.098,0.201,0,0,0,0,0,0,0.3333333333333333,0,16,Unified Democratic,Unified Republican,protective,restrictive
Colorado,Texas,0.07769262232574677,0.031463615491188805,0.10900000000000001,0.1955,0,0,0,0,0,0,1.0,0,28,Unified Democratic,Unified Republican,protective,restrictive
Colorado,Utah,0.13437731646733675,0.03885718536117192,0.092,0.20400000000000001,0,0,0,0,0,0,0.3333333333333333,1,28,Unified Democratic,Unified Republican,protective,restrictive
Colorado,Vermont,0.4867130914447958,0.22718670177176417,0.153,0.1735,0,0,0,1,1,0,0.6666666666666666,0,4,Unified Democratic,Divided,protective,protective
Colorado,Virginia,0.1794573355956998,0.06615001444658786,0.04600000000000001,0.22699999999999998,0,0,0,0,0,0,0.75,0,16,Unified Democratic,Divided,protective,restrictive
Colorado,Washington,0.08092010739405521,0.03906764404695204,0.0050000000000000044,0.2525,1,1,0,1,1,0,1.0,0,20,Unified Democratic,Unified Democratic,protective,protective
Colorado,West Virginia,0.07447359315854622,0.0313706118907365,0.14200000000000002,0.179,0,0,0,0,0,0,0.0,0,16,Unified Democratic,Unified Republican,protective,restrictive
Colorado,Wisconsin,0.06102814140554619,0.04395970084069323,0.08099999999999999,0.20950000000000002,0,0,0,0,0,0,1.0,0,4,Unified Democratic,Divided,protective,restrictive
Colorado,Wyoming,0.05019970972598029,0.03258924462856712,0.179,0.1605,0,0,0,0,0,0,0.3333333333333333,1,8,Unified Democratic,Unified Republican,protective,restrictive
Connecticut,Delaware,0.0566382137499109,0.05516956396951411,0.016000000000000014,0.161,1,1,0,1,1,0,0.0,0,2,Unified Democratic,Unified Democratic,protective,protective
Connecticut,Florida,0.057277085974719616,0.057277085974719616,0.059,0.1985,0,0,0,0,0,0,1.0,0,1,Unified Democratic,Unified Republican,protective,restrictive
Connecticut,Hawaii,0.07193898739440696,0.038726548474887705,0.143,0.2405,1,1,0,1,1,0,0.6666666666666666,0,4,Unified Democratic,Unified Democratic,protective,protective
Connecticut,Idaho,0.11409824322248001,0.06525375046994694,0.07800000000000001,0.13,0,0,0,0,0,0,0.3333333333333333,0,4,Unified Democratic,Unified Republican,protective,mixed
Connecticut,Illinois,0.11318026336688294,0.07551694543993673,0.18399999999999997,0.261,1,1,0,1,1,0,1.0,0,5,Unified Democratic,Unified Democratic,protective,protective
Connecticut,Indiana,0.021795494738301332,0.021795494738301332,0.013999999999999985,0.176,0,0,0,1,1,0,0.5,0,1,Unified Democratic,Unified Republican,protective,protective
Connecticut,Iowa,0.025174629313248872,0.025174629313248872,0.0020000000000000018,0.168,0,0,0,0,0,0,1.0,0,1,Unified Democratic,Unified Republican,protective,restrictive
Connecticut,Kansas,0.06737543890583897,0.05239703007184244,0.027000000000000024,0.1555,0,0,0,0,0,0,1.0,0,9,Unified Democratic,Divided,protective,restrictive
Connecticut,Kentucky,0.07357094175727448,0.0502833244015904,0.0,0.169,0,0,0,0,0,0,1.0,0,2,Unified Democratic,Divided,protective,restrictive
Connecticut,Louisiana,0.07097170174846404,0.03793303803259538,0.0,0.169,0,0,0,0,0,0,0.0,0,3,Unified Democratic,Divided,protective,restrictive
Connecticut,Maine,0.09335783517798779,0.03488837302002066,0.036000000000000004,0.15100000000000002,1,1,0,1,1,0,0.6666666666666666,0,7,Unified Democratic,Unified Democratic,protective,protective
Connecticut,Maryland,0.11764016714809555,0.05530444706233538,0.11499999999999996,0.22649999999999998,1,1,0,1,1,0,0.5,0,4,Unified Democratic,Unified Democratic,protective,protective
Connecticut,Michigan,0.10445453147354625,0.030338068387488926,0.488,0.41300000000000003,1,1,0,1,1,0,1.0,0,16,Unified Democratic,Unified Democratic,protective,protective
Connecticut,Minnesota,0.10883673861597581,0.07137702163415394,0.0,0.169,1,1,0,1,1,0,1.0,0,2,Unified Democratic,Unified Democratic,protective,protective
Connecticut,Mississippi,0.0721095187905366,0.04895916245207644,0.06600000000000002,0.136,0,0,0,0,0,0,0.3333333333333333,0,6,Unified Democratic,Unified Republican,protective,restrictive
Connecticut,Missouri,0.09941433390525199,0.07400011860386412,0.025999999999999884,0.18199999999999994,0,0,0,0,0,0,0.6666666666666666,0,6,Unified Democratic,Unified Republican,protective,restrictive
Connecticut,Montana,0.06266794798791439,0.03867464846896761,0.08700000000000001,0.1255,0,0,0,0,0,0,0.3333333333333333,0,10,Unified Democratic,Unified Republican,protective,restrictive
Connecticut,Nebraska,0.07753580178943184,0.06018750621317242,0.008000000000000007,0.165,0,0,0,0,0,0,1.0,0,2,Unified Democratic,Unified Republican,protective,restrictive
Connecticut,Nevada,0.3682555184808584,0.14865244382107293,0.064,0.201,1,1,0,1,1,0,1.0,0,3,Unified Democratic,Unified Democratic,protective,protective
Connecticut,New Jersey,0.1269618768666087,0.09937645405522544,0.156,0.247,1,1,0,1,1,0,1.0,0,3,Unified Democratic,Unified Democratic,protective,protective
Connecticut,New Mexico,0.07518543098892953,0.06680087392494366,0.0,0.169,1,1,0,1,1,0,1.0,0,2,Unified Democratic,Unified Democratic,protective,protective
Connecticut,New York,0.06928816925261279,0.03482532878960936,0.491,0.41450000000000004,1,1,0,1,1,0,1.0,1,7,Unified Democratic,Unified Democratic,protective,protective
Connecticut,North Carolina,0.1061974960490951,0.0976106648537668,0.0119999999999999,0.17499999999999996,0,0,0,0,0,0,1.0,0,3,Unified Democratic,Divided,protective,restrictive
Connecticut,North Dakota,0.07996797299181735,0.04188916914676104,0.084,0.127,0,0,0,0,0,0,0.3333333333333333,0,4,Unified Democratic,Unified Republican,protective,restrictive
Connecticut,Ohio,0.05389043513611156,0.038157893941273245,0.12199999999999997,0.22999999999999998,0,0,0,0,0,0,1.0,0,2,Unified Democratic,Unified Republican,protective,restrictive
Connecticut,Oklahoma,0.045722154689013465,0.045722154689013465,0.0,0.169,0,0,0,0,0,0,0.3333333333333333,0,1,Unified Democratic,Unified Republican,protective,restrictive
Connecticut,Oregon,0.09770472768343745,0.09770472768343745,0.056999999999999995,0.1975,1,1,0,1,1,0,0.6666666666666666,0,1,Unified Democratic,Unified Democratic,protective,protective
Connecticut,Pennsylvania,0.038556351582519695,0.038556351582519695,0.0,0.169,0,0,0,0,0,0,1.0,0,1,Unified Democratic,Divided,protective,restrictive
Connecticut,Rhode Island,0.08396801442439178,0.08396801442439178,0.03799999999999998,0.188,1,1,0,1,1,0,0.6666666666666666,1,1,Unified Democratic,Unified Democratic,protective,protective
Connecticut,South Carolina,0.04314659588696142,0.02881975401307638,0.035,0.15150000000000002,0,0,0,0,0,0,0.3333333333333333,0,2,Unified Democratic,Unified Republican,protective,mixed
Connecticut,South Dakota,0.009624598174781788,0.009624598174781788,0.09600000000000002,0.121,0,0,0,0,0,0,0.0,0,1,Unified Democratic,Unified Republican,protective,mixed
Connecticut,Tennessee,0.04935969469287166,0.03060952044266265,0.017000000000000015,0.1605,0,0,0,0,0,0,0.3333333333333333,0,4,Unified Democratic,Unified Republican,protective,restrictive
Connecticut,Texas,0.049218701933445075,0.035690274489499706,0.028000000000000025,0.155,0,0,0,0,0,0,1.0,0,7,Unified Democratic,Unified Republican,protective,restrictive
Connecticut,Utah,0.09567078269937135,0.05478335143564039,0.01100000000000001,0.1635,0,0,0,0,0,0,0.3333333333333333,0,7,Unified Democratic,Unified Republican,protective,restrictive
Connecticut,Vermont,0.08896046793656459,0.08896046793656459,0.07200000000000001,0.133,0,0,0,1,1,0,0.6666666666666666,0,1,Unified Democratic,Divided,protective,protective
Connecticut,Virginia,0.133308327252669,0.08011314041066542,0.034999999999999976,0.1865,0,0,0,0,0,0,0.75,0,4,Unified Democratic,Divided,protective,restrictive
Connecticut,Washington,0.3713125085639698,0.10534751262882538,0.086,0.21200000000000002,1,1,0,1,1,0,1.0,0,5,Unified Democratic,Unified Democratic,protective,protective
Connecticut,West Virginia,0.06581386638653637,0.04777351309689163,0.06100000000000001,0.1385,0,0,0,0,0,0,0.0,0,4,Unified Democratic,Unified Republican,protective,restrictive
Connecticut,Wisconsin,0.07589440211663215,0.07589440211663215,0.0,0.169,0,0,0,0,0,0,1.0,0,1,Unified Democratic,Divided,protective,restrictive
Connecticut,Wyoming,0.049496753382886644,0.0408440024310011,0.09800000000000002,0.12,0,0,0,0,0,0,0.3333333333333333,0,2,Unified Democratic,Unified Republican,protective,restrictive
Delaware,Florida,0.09888909690414598,0.07382906012591874,0.07500000000000001,0.1905,0,0,0,0,0,0,0.0,0,2,Unified Democratic,Unified Republican,protective,restrictive
Delaware,Hawaii,0.09709791545393523,0.04775170897333546,0.159,0.23249999999999998,1,1,0,1,1,0,0.0,0,8,Unified Democratic,Unified Democratic,protective,protective
Delaware,Idaho,0.1431604768542508,0.057449043116300016,0.062,0.122,0,0,0,0,0,0,0.0,0,8,Unified Democratic,Unified Republican,protective,mixed
Delaware,Illinois,0.1445184309201162,0.06774086272636139,0.19999999999999998,0.253,1,1,0,1,1,0,0.0,0,10,Unified Democratic,Unified Democratic,protective,protective
Delaware,Indiana,0.0199883823892379,0.017259132487847245,0.03,0.16799999999999998,0,0,0,1,1,0,0.0,0,2,Unified Democratic,Unified Republican,protective,protective
Delaware,Iowa,0.024690886404445094,0.021983427498285687,0.014000000000000012,0.16,0,0,0,0,0,0,0.0,0,2,Unified Democratic,Unified Republican,protective,restrictive
Delaware,Kansas,0.09368949120470509,0.04337348853829623,0.01100000000000001,0.1475,0,0,0,0,0,0,0.0,0,18,Unified Democratic,Divided,protective,restrictive
Delaware,Kentucky,0.06305508682216891,0.0417950438989188,0.016000000000000014,0.161,0,0,0,0,0,0,0.0,0,4,Unified Democratic,Divided,protective,restrictive
Delaware,Louisiana,0.09433022493317768,0.04226545553358354,0.016000000000000014,0.161,0,0,0,0,0,0,0,0,6,Unified Democratic,Divided,protective,restrictive
Delaware,Maine,0.08118117234488245,0.02729272106139807,0.01999999999999999,0.14300000000000002,1,1,0,1,1,0,0.0,0,14,Unified Democratic,Unified Democratic,protective,protective
Delaware,Maryland,0.1681118054002597,0.06452356289874785,0.13099999999999998,0.21849999999999997,1,1,0,1,1,0,0.0,1,8,Unified Democratic,Unified Democratic,protective,protective
Delaware,Michigan,0.09186913251793402,0.028070491440317338,0.504,0.405,1,1,0,1,1,0,0.0,0,32,Unified Democratic,Unified Democratic,protective,protective
Delaware,Minnesota,0.09148259906824065,0.06550696698224129,0.016000000000000014,0.161,1,1,0,1,1,0,0.0,0,4,Unified Democratic,Unified Democratic,protective,protective
Delaware,Mississippi,0.06854433349986985,0.03928091455492599,0.05,0.128,0,0,0,0,0,0,0.0,0,12,Unified Democratic,Unified Republican,protective,restrictive
Delaware,Missouri,0.08806037534345292,0.05807311463846815,0.0419999999999999,0.17399999999999993,0,0,0,0,0,0,0.0,0,12,Unified Democratic,Unified Republican,protective,restrictive
Delaware,Montana,0.06835414715339139,0.03429008210825164,0.071,0.1175,0,0,0,0,0,0,0.0,0,20,Unified Democratic,Unified Republican,protective,restrictive
Delaware,Nebraska,0.1301826109661418,0.06470117508966625,0.008000000000000007,0.157,0,0,0,0,0,0,0.0,0,4,Unified Democratic,Unified Republican,protective,restrictive
Delaware,Nevada,0.036525610367993164,0.03003885500330214,0.08000000000000002,0.193,1,1,0,1,1,0,0.0,0,6,Unified Democratic,Unified Democratic,protective,protective
Delaware,New Jersey,0.13831947862388186,0.08634821095325323,0.17200000000000001,0.239,1,1,0,1,1,0,0.0,1,6,Unified Democratic,Unified Democratic,protective,protective
Delaware,New Mexico,0.048902429411810874,0.04372783834537439,0.016000000000000014,0.161,1,1,0,1,1,0,0.0,0,4,Unified Democratic,Unified Democratic,protective,protective
Delaware,New York,0.16462158209197317,0.04552208416535684,0.507,0.40650000000000003,1,1,0,1,1,0,0.0,0,14,Unified Democratic,Unified Democratic,protective,protective
Delaware,North Carolina,0.10677996957066073,0.07934219603143647,0.027999999999999914,0.16699999999999995,0,0,0,0,0,0,0.0,0,6,Unified Democratic,Divided,protective,restrictive
Delaware,North Dakota,0.060342811196457284,0.04015454345728104,0.06799999999999999,0.119,0,0,0,0,0,0,0.0,0,8,Unified Democratic,Unified Republican,protective,restrictive
Delaware,Ohio,0.05290126634533131,0.031194942472754773,0.13799999999999998,0.22199999999999998,0,0,0,0,0,0,0.0,0,4,Unified Democratic,Unified Republican,protective,restrictive
Delaware,Oklahoma,0.05191059419182132,0.04635838950434733,0.016000000000000014,0.161,0,0,0,0,0,0,0.0,0,2,Unified Democratic,Unified Republican,protective,restrictive
Delaware,Oregon,0.13872324142606654,0.10159631263879243,0.07300000000000001,0.1895,1,1,0,1,1,0,0.0,0,2,Unified Democratic,Unified Democratic,protective,protective
Delaware,Pennsylvania,0.046945543514310385,0.039138300557425,0.016000000000000014,0.161,0,0,0,0,0,0,0.0,1,2,Unified Democratic,Divided,protective,restrictive
Delaware,Rhode Island,0.07299726509060529,0.07125317007781805,0.05399999999999999,0.18,1,1,0,1,1,0,0.0,0,2,Unified Democratic,Unified Democratic,protective,protective
Delaware,South Carolina,0.037327204074151396,0.028741745934761437,0.01899999999999999,0.14350000000000002,0,0,0,0,0,0,0.0,0,4,Unified Democratic,Unified Republican,protective,mixed
Delaware,South Dakota,0.009388231597182786,0.007170283459821778,0.08,0.11299999999999999,0,0,0,0,0,0,0,0,2,Unified Democratic,Unified Republican,protective,mixed
Delaware,Tennessee,0.037698056298223606,0.02642148545241488,0.0010000000000000009,0.1525,0,0,0,0,0,0,0.0,0,8,Unified Democratic,Unified Republican,protective,restrictive
Delaware,Texas,0.08445886913840973,0.03612686689603598,0.01200000000000001,0.147,0,0,0,0,0,0,0.0,0,14,Unified Democratic,Unified Republican,protective,restrictive
Delaware,Utah,0.09474528739179616,0.042262769275590396,0.0050000000000000044,0.1555,0,0,0,0,0,0,0.0,0,14,Unified Democratic,Unified Republican,protective,restrictive
Delaware,Vermont,0.1307579687536039,0.09993314080356511,0.055999999999999994,0.125,0,0,0,1,1,0,0.0,0,2,Unified Democratic,Divided,protective,protective
Delaware,Virginia,0.11635908563269763,0.06861745333609195,0.05099999999999999,0.1785,0,0,0,0,0,0,0.0,0,8,Unified Democratic,Divided,protective,restrictive
Delaware,Washington,0.10133478946587497,0.039275876523021655,0.10200000000000001,0.20400000000000001,1,1,0,1,1,0,0.0,0,10,Unified Democratic,Unified Democratic,protective,protective
Delaware,West Virginia,0.07925826556096136,0.04749184681034305,0.045,0.1305,0,0,0,0,0,0,0,0,8,Unified Democratic,Unified Republican,protective,restrictive
Delaware,Wisconsin,0.05194596474475202,0.04638923183364048,0.016000000000000014,0.161,0,0,0,0,0,0,0.0,0,2,Unified Democratic,Divided,protective,restrictive
Delaware,Wyoming,0.038068134882401294,0.030192715882439967,0.082,0.11199999999999999,0,0,0,0,0,0,0.0,0,4,Unified Democratic,Unified Republican,protective,restrictive
Florida,Hawaii,0.11231742042676393,0.05524765263489996,0.08399999999999999,0.27,0,0,0,0,0,0,0.6666666666666666,0,4,Unified Republican,Unified Democratic,restrictive,protective
Florida,Idaho,0.16538947994694722,0.0940381505234469,0.137,0.1595,1,0,1,0,0,0,0.3333333333333333,0,4,Unified Republican,Unified Republican,restrictive,mixed
Florida,Illinois,0.12664883937735696,0.09197337631808472,0.12499999999999997,0.2905,0,0,0,0,0,0,1.0,0,5,Unified Republican,Unified Democratic,restrictive,protective
Florida,Indiana,0.040591899482757876,0.040591899482757876,0.04500000000000001,0.20550000000000002,1,0,1,0,0,0,0.5,0,1,Unified Republican,Unified Republican,restrictive,protective
Florida,Iowa,0.10950680155959133,0.10950680155959133,0.061,0.1975,1,0,1,1,0,1,1.0,0,1,Unified Republican,Unified Republican,restrictive,restrictive
Florida,Kansas,0.13296849988698825,0.06624545831192842,0.08600000000000002,0.185,0,0,0,1,0,1,1.0,0,9,Unified Republican,Divided,restrictive,restrictive
Florida,Kentucky,0.07382998350062031,0.05239539450832619,0.059,0.1985,0,0,0,1,0,1,1.0,0,2,Unified Republican,Divided,restrictive,restrictive
Florida,Louisiana,0.09751281242656812,0.07544040771605043,0.059,0.1985,0,0,0,1,0,1,0.0,0,3,Unified Republican,Divided,restrictive,restrictive
Florida,Maine,0.08141618797645424,0.039176995301564196,0.095,0.1805,0,0,0,0,0,0,0.6666666666666666,0,7,Unified Republican,Unified Democratic,restrictive,protective
Florida,Maryland,0.08264924486566794,0.05396035315884443,0.055999999999999966,0.256,0,0,0,0,0,0,0.5,0,4,Unified Republican,Unified Democratic,restrictive,protective
Florida,Michigan,0.2726580301540355,0.05469975478976097,0.42900000000000005,0.4425,0,0,0,0,0,0,1.0,0,16,Unified Republican,Unified Democratic,restrictive,protective
Florida,Minnesota,0.1297569887430151,0.08457850690308168,0.059,0.1985,0,0,0,0,0,0,1.0,0,2,Unified Republican,Unified Democratic,restrictive,protective
Florida,Mississippi,0.0957875242279758,0.06160127636597482,0.125,0.1655,1,0,1,1,0,1,0.3333333333333333,0,6,Unified Republican,Unified Republican,restrictive,restrictive
Florida,Missouri,0.14702704287808643,0.10504165394154047,0.03300000000000011,0.21149999999999997,1,0,1,1,0,1,0.6666666666666666,0,6,Unified Republican,Unified Republican,restrictive,restrictive
Florida,Montana,0.10787030663392502,0.07434782004026645,0.14600000000000002,0.155,1,0,1,1,0,1,0.3333333333333333,0,10,Unified Republican,Unified Republican,restrictive,restrictive
Florida,Nebraska,0.09766306904512262,0.08577925908470943,0.067,0.1945,1,0,1,1,0,1,1.0,0,2,Unified Republican,Unified Republican,restrictive,restrictive
Florida,Nevada,0.0577660484658414,0.04377253459476068,0.0050000000000000044,0.2305,0,0,0,0,0,0,1.0,0,3,Unified Republican,Unified Democratic,restrictive,protective
Florida,New Jersey,0.11450892710060924,0.0923286947449784,0.097,0.2765,0,0,0,0,0,0,1.0,0,3,Unified Republican,Unified Democratic,restrictive,protective
Florida,New Mexico,0.04918510158431099,0.0485097155169988,0.059,0.1985,0,0,0,0,0,0,1.0,0,2,Unified Republican,Unified Democratic,restrictive,protective
Florida,New York,0.06967732191339274,0.042841735173718254,0.43200000000000005,0.444,0,0,0,0,0,0,1.0,0,7,Unified Republican,Unified Democratic,restrictive,protective
Florida,North Carolina,0.17550732082018586,0.12976246434348493,0.0470000000000001,0.20449999999999996,0,0,0,1,0,1,1.0,0,3,Unified Republican,Divided,restrictive,restrictive
Florida,North Dakota,0.16014738934850117,0.07903906833727013,0.14300000000000002,0.1565,1,0,1,1,0,1,0.3333333333333333,0,4,Unified Republican,Unified Republican,restrictive,restrictive
Florida,Ohio,0.0645864285900033,0.05458301686533797,0.06299999999999997,0.2595,1,0,1,1,0,1,1.0,0,2,Unified Republican,Unified Republican,restrictive,restrictive
Florida,Oklahoma,0.07390697783135353,0.07390697783135353,0.059,0.1985,1,0,1,1,0,1,0.3333333333333333,0,1,Unified Republican,Unified Republican,restrictive,restrictive
Florida,Oregon,0.0834955340216841,0.0834955340216841,0.0020000000000000018,0.227,0,0,0,0,0,0,0.6666666666666666,0,1,Unified Republican,Unified Democratic,restrictive,protective
Florida,Pennsylvania,0.06014623629729493,0.06014623629729493,0.059,0.1985,0,0,0,1,0,1,1.0,0,1,Unified Republican,Divided,restrictive,restrictive
Florida,Rhode Island,0.1035029810712178,0.1035029810712178,0.02100000000000002,0.2175,0,0,0,0,0,0,0.6666666666666666,0,1,Unified Republican,Unified Democratic,restrictive,protective
Florida,South Carolina,0.1898821230752115,0.09986428283650775,0.094,0.181,1,0,1,0,0,0,0.3333333333333333,0,2,Unified Republican,Unified Republican,restrictive,mixed
Florida,South Dakota,0.013044214569589405,0.013044214569589405,0.15500000000000003,0.1505,1,0,1,0,0,0,0.0,0,1,Unified Republican,Unified Republican,restrictive,mixed
Florida,Tennessee,0.08399616183421238,0.057659687575135794,0.07600000000000001,0.19,1,0,1,1,0,1,0.3333333333333333,0,4,Unified Republican,Unified Republican,restrictive,restrictive
Florida,Texas,0.09317118689737754,0.05584100447663538,0.08700000000000002,0.1845,1,0,1,1,0,1,1.0,0,7,Unified Republican,Unified Republican,restrictive,restrictive
Florida,Utah,0.1819963371693125,0.08648962477942714,0.07,0.193,1,0,1,1,0,1,0.3333333333333333,0,7,Unified Republican,Unified Republican,restrictive,restrictive
Florida,Vermont,0.10695353112567364,0.10695353112567364,0.131,0.1625,0,0,0,0,0,0,0.6666666666666666,0,1,Unified Republican,Divided,restrictive,protective
Florida,Virginia,0.1314494199670958,0.10587426452571813,0.02400000000000002,0.216,0,0,0,1,0,1,0.75,0,4,Unified Republican,Divided,restrictive,restrictive
Florida,Washington,0.057212341581005695,0.04622009328416239,0.026999999999999996,0.2415,0,0,0,0,0,0,1.0,0,5,Unified Republican,Unified Democratic,restrictive,protective
Florida,West Virginia,0.09498708828788517,0.07748854985998041,0.12000000000000001,0.168,1,0,1,1,0,1,0.0,0,4,Unified Republican,Unified Republican,restrictive,restrictive
Florida,Wisconsin,0.0745395672894875,0.0745395672894875,0.059,0.1985,0,0,0,1,0,1,1.0,0,1,Unified Republican,Divided,restrictive,restrictive
Florida,Wyoming,0.11179405071428482,0.09108706094963956,0.15700000000000003,0.1495,1,0,1,1,0,1,0.3333333333333333,0,2,Unified Republican,Unified Republican,restrictive,restrictive
Hawaii,Idaho,0.16917623725077502,0.06806515424866905,0.221,0.2015,0,0,0,0,0,0,0.5,0,16,Unified Democratic,Unified Republican,protective,mixed
Hawaii,Illinois,0.15823786602039833,0.07197596982901752,0.04099999999999998,0.3325,1,1,0,1,1,0,0.6666666666666666,0,20,Unified Democratic,Unified Democratic,protective,protective
Hawaii,Indiana,0.035771064651815905,0.02454082136835067,0.129,0.2475,0,0,0,1,1,0,0.25,0,4,Unified Democratic,Unified Republican,protective,protective
Hawaii,Iowa,0.04571132345416718,0.023116424715834468,0.145,0.2395,0,0,0,0,0,0,0.6666666666666666,0,4,Unified Democratic,Unified Republican,protective,restrictive
Hawaii,Kansas,0.09054594053684648,0.03447864915314012,0.17,0.22699999999999998,0,0,0,0,0,0,0.6666666666666666,0,36,Unified Democratic,Divided,protective,restrictive
Hawaii,Kentucky,0.0840255875568869,0.04711525022203371,0.143,0.2405,0,0,0,0,0,0,0.6666666666666666,0,8,Unified Democratic,Divided,protective,restrictive
Hawaii,Louisiana,0.11720611682634473,0.04586734416747167,0.143,0.2405,0,0,0,0,0,0,0.0,0,12,Unified Democratic,Divided,protective,restrictive
Hawaii,Maine,0.17184955814617853,0.03990473500596809,0.179,0.2225,1,1,0,1,1,0,1.0,0,28,Unified Democratic,Unified Democratic,protective,protective
Hawaii,Maryland,0.16806583736238243,0.060446717426327054,0.028000000000000025,0.298,1,1,0,1,1,0,0.25,0,16,Unified Democratic,Unified Democratic,protective,protective
Hawaii,Michigan,0.15861450091869672,0.031357498855571944,0.34500000000000003,0.48450000000000004,1,1,0,1,1,0,0.6666666666666666,0,64,Unified Democratic,Unified Democratic,protective,protective
Hawaii,Minnesota,0.13263306815581594,0.09748804599775311,0.143,0.2405,1,1,0,1,1,0,0.6666666666666666,0,8,Unified Democratic,Unified Democratic,protective,protective
Hawaii,Mississippi,0.10370079316726223,0.03532028141761207,0.20900000000000002,0.2075,0,0,0,0,0,0,0.0,0,24,Unified Democratic,Unified Republican,protective,restrictive
Hawaii,Missouri,0.1830605777334411,0.07405548903706928,0.1170000000000001,0.25349999999999995,0,0,0,0,0,0,0.3333333333333333,0,24,Unified Democratic,Unified Republican,protective,restrictive
Hawaii,Montana,0.10700047812426756,0.03945022108342705,0.22999999999999998,0.197,0,0,0,0,0,0,0.5,0,40,Unified Democratic,Unified Republican,protective,restrictive
Hawaii,Nebraska,0.11012010396535855,0.04211894369288205,0.151,0.2365,0,0,0,0,0,0,0.6666666666666666,0,8,Unified Democratic,Unified Republican,protective,restrictive
Hawaii,Nevada,0.11749954253150605,0.056086330499803806,0.07899999999999999,0.2725,1,1,0,1,1,0,0.6666666666666666,0,12,Unified Democratic,Unified Democratic,protective,protective
Hawaii,New Jersey,0.29282286381378636,0.10987549825347676,0.013000000000000012,0.3185,1,1,0,1,1,0,0.6666666666666666,0,12,Unified Democratic,Unified Democratic,protective,protective
Hawaii,New Mexico,0.14250624647832108,0.08908803484258648,0.143,0.2405,1,1,0,1,1,0,0.6666666666666666,0,8,Unified Democratic,Unified Democratic,protective,protective
Hawaii,New York,0.17891420969591482,0.04453328404229765,0.34800000000000003,0.486,1,1,0,1,1,0,0.6666666666666666,0,28,Unified Democratic,Unified Democratic,protective,protective
Hawaii,North Carolina,0.135401165259447,0.06134127686546273,0.1310000000000001,0.24649999999999994,0,0,0,0,0,0,0.6666666666666666,0,12,Unified Democratic,Divided,protective,restrictive
Hawaii,North Dakota,0.11057912411423877,0.03355318521028684,0.22699999999999998,0.1985,0,0,0,0,0,0,0.0,0,16,Unified Democratic,Unified Republican,protective,restrictive
Hawaii,Ohio,0.050356338647196144,0.04190360385999867,0.02100000000000002,0.3015,0,0,0,0,0,0,0.6666666666666666,0,8,Unified Democratic,Unified Republican,protective,restrictive
Hawaii,Oklahoma,0.0749813905406884,0.049097536877391365,0.143,0.2405,0,0,0,0,0,0,0.0,0,4,Unified Democratic,Unified Republican,protective,restrictive
Hawaii,Oregon,0.16849065921774942,0.08903736912580737,0.086,0.269,1,1,0,1,1,0,1.0,0,4,Unified Democratic,Unified Democratic,protective,protective
Hawaii,Pennsylvania,0.05262368117078827,0.04241813981948946,0.143,0.2405,0,0,0,0,0,0,0.6666666666666666,0,4,Unified Democratic,Divided,protective,restrictive
Hawaii,Rhode Island,0.10782718960582456,0.07377371642492188,0.10500000000000001,0.2595,1,1,0,1,1,0,1.0,0,4,Unified Democratic,Unified Democratic,protective,protective
Hawaii,South Carolina,0.0825436615736459,0.030982834418830214,0.178,0.223,0,0,0,0,0,0,0.5,0,8,Unified Democratic,Unified Republican,protective,mixed
Hawaii,South Dakota,0.016388975011299788,0.013246441464314218,0.239,0.1925,0,0,0,0,0,0,0.0,0,4,Unified Democratic,Unified Republican,protective,mixed
Hawaii,Tennessee,0.040625159245599514,0.019503225998661243,0.16,0.23199999999999998,0,0,0,0,0,0,0.0,0,16,Unified Democratic,Unified Republican,protective,restrictive
Hawaii,Texas,0.054709103954540324,0.027376705702502363,0.171,0.22649999999999998,0,0,0,0,0,0,0.6666666666666666,0,28,Unified Democratic,Unified Republican,protective,restrictive
Hawaii,Utah,0.1309682185848521,0.03741433163461716,0.154,0.235,0,0,0,0,0,0,0.0,0,28,Unified Democratic,Unified Republican,protective,restrictive
Hawaii,Vermont,0.23434441370258577,0.14485809789764778,0.215,0.20450000000000002,0,0,0,1,1,0,1.0,0,4,Unified Democratic,Divided,protective,protective
Hawaii,Virginia,0.20734271888943756,0.06831564199888558,0.10800000000000001,0.258,0,0,0,0,0,0,0.5,0,16,Unified Democratic,Divided,protective,restrictive
Hawaii,Washington,0.0793146952842822,0.04198167541220431,0.056999999999999995,0.2835,1,1,0,1,1,0,0.6666666666666666,0,20,Unified Democratic,Unified Democratic,protective,protective
Hawaii,West Virginia,0.07585817307811636,0.03590415729943389,0.20400000000000001,0.21,0,0,0,0,0,0,0.0,0,16,Unified Democratic,Unified Republican,protective,restrictive
Hawaii,Wisconsin,0.11019435093506949,0.06479725026284096,0.143,0.2405,0,0,0,0,0,0,0.6666666666666666,0,4,Unified Democratic,Divided,protective,restrictive
Hawaii,Wyoming,0.07182869813430057,0.03394771199444284,0.241,0.1915,0,0,0,0,0,0,0.0,0,8,Unified Democratic,Unified Republican,protective,restrictive
Idaho,Illinois,0.20307220225252048,0.09019157992295572,0.262,0.22199999999999998,0,0,0,0,0,0,0.3333333333333333,0,20,Unified Republican,Unified Democratic,mixed,protective
Idaho,Indiana,0.06005416261178077,0.03957492768315475,0.092,0.137,1,0,1,0,0,0,0.3333333333333333,0,4,Unified Republican,Unified Republican,mixed,protective
Idaho,Iowa,0.14266935587296634,0.05926824891888204,0.07600000000000001,0.129,1,0,1,0,0,0,0.3333333333333333,0,4,Unified Republican,Unified Republican,mixed,restrictive
Idaho,Kansas,0.20479314185996714,0.06579950079591404,0.05099999999999999,0.11649999999999999,0,0,0,0,0,0,0.3333333333333333,0,36,Unified Republican,Divided,mixed,restrictive
Idaho,Kentucky,0.13485925297066165,0.05506476786239492,0.07800000000000001,0.13,0,0,0,0,0,0,0.3333333333333333,0,8,Unified Republican,Divided,mixed,restrictive
Idaho,Louisiana,0.1869611648763746,0.07338096795526225,0.07800000000000001,0.13,0,0,0,0,0,0,0.0,0,12,Unified Republican,Divided,mixed,restrictive
Idaho,Maine,0.15743987701798323,0.03466338199624229,0.04200000000000001,0.112,0,0,0,0,0,0,0.5,0,28,Unified Republican,Unified Democratic,mixed,protective
Idaho,Maryland,0.12830164313424683,0.04148345297961904,0.19299999999999998,0.1875,0,0,0,0,0,0,0.0,0,16,Unified Republican,Unified Democratic,mixed,protective
Idaho,Michigan,0.18642877322603668,0.04065545961526245,0.5660000000000001,0.374,0,0,0,0,0,0,0.3333333333333333,0,64,Unified Republican,Unified Democratic,mixed,protective
Idaho,Minnesota,0.23947830782560062,0.07946341719637273,0.07800000000000001,0.13,0,0,0,0,0,0,0.3333333333333333,0,8,Unified Republican,Unified Democratic,mixed,protective
Idaho,Mississippi,0.15877878036969664,0.05626395610073378,0.011999999999999997,0.097,1,0,1,0,0,0,0.0,0,24,Unified Republican,Unified Republican,mixed,restrictive
Idaho,Missouri,0.32354977344238306,0.09451885798869551,0.1039999999999999,0.14299999999999996,1,0,1,0,0,0,0.5,0,24,Unified Republican,Unified Republican,mixed,restrictive
Idaho,Montana,0.17786891760919507,0.05195252719322487,0.008999999999999994,0.0865,1,0,1,0,0,0,0.0,1,40,Unified Republican,Unified Republican,mixed,restrictive
Idaho,Nebraska,0.1240990120299766,0.07097612183894393,0.07,0.126,1,0,1,0,0,0,0.3333333333333333,0,8,Unified Republican,Unified Republican,mixed,restrictive
Idaho,Nevada,0.10473950056259504,0.0447331265241524,0.14200000000000002,0.162,0,0,0,0,0,0,0.3333333333333333,1,12,Unified Republican,Unified Democratic,mixed,protective
Idaho,New Jersey,0.3201770346080062,0.12075913625888364,0.234,0.20800000000000002,0,0,0,0,0,0,0.3333333333333333,0,12,Unified Republican,Unified Democratic,mixed,protective
Idaho,New Mexico,0.09920213535199421,0.06264694035270153,0.07800000000000001,0.13,0,0,0,0,0,0,0.3333333333333333,0,8,Unified Republican,Unified Democratic,mixed,protective
Idaho,New York,0.13370780673425953,0.045562384384084005,0.5690000000000001,0.3755,0,0,0,0,0,0,0.3333333333333333,0,28,Unified Republican,Unified Democratic,mixed,protective
Idaho,North Carolina,0.22047733423693366,0.09785284729172515,0.08999999999999991,0.13599999999999995,0,0,0,0,0,0,0.3333333333333333,0,12,Unified Republican,Divided,mixed,restrictive
Idaho,North Dakota,0.2389351588921993,0.06294833465859008,0.0059999999999999915,0.088,1,0,1,0,0,0,0.0,0,16,Unified Republican,Unified Republican,mixed,restrictive
Idaho,Ohio,0.14399465707491504,0.05903252325265445,0.19999999999999998,0.191,1,0,1,0,0,0,0.3333333333333333,0,8,Unified Republican,Unified Republican,mixed,restrictive
Idaho,Oklahoma,0.07974619718695466,0.04766057239413911,0.07800000000000001,0.13,1,0,1,0,0,0,0.0,0,4,Unified Republican,Unified Republican,mixed,restrictive
Idaho,Oregon,0.14558497341264076,0.08053421377942864,0.135,0.1585,0,0,0,0,0,0,0.5,1,4,Unified Republican,Unified Democratic,mixed,protective
Idaho,Pennsylvania,0.12005881114922094,0.06621057295173984,0.07800000000000001,0.13,0,0,0,0,0,0,0.3333333333333333,0,4,Unified Republican,Divided,mixed,restrictive
Idaho,Rhode Island,0.11427314111571002,0.07624631135212938,0.11599999999999999,0.149,0,0,0,0,0,0,0.5,0,4,Unified Republican,Unified Democratic,mixed,protective
Idaho,South Carolina,0.28380915288999603,0.07181241148106848,0.04300000000000001,0.1125,1,0,1,0,0,0,0.0,0,8,Unified Republican,Unified Republican,mixed,mixed
Idaho,South Dakota,0.033282756870064045,0.021630694160853104,0.018000000000000002,0.08199999999999999,1,0,1,0,0,0,0.0,0,4,Unified Republican,Unified Republican,mixed,mixed
Idaho,Tennessee,0.17542630673275358,0.05167961721278751,0.061,0.1215,1,0,1,0,0,0,0.0,0,16,Unified Republican,Unified Republican,mixed,restrictive
Idaho,Texas,0.12919200830274427,0.04678241922639804,0.04999999999999999,0.11599999999999999,1,0,1,0,0,0,0.3333333333333333,0,28,Unified Republican,Unified Republican,mixed,restrictive
Idaho,Utah,0.24076996820641022,0.06606571186656043,0.067,0.1245,1,0,1,0,0,0,0.0,1,28,Unified Republican,Unified Republican,mixed,restrictive
Idaho,Vermont,0.12049253484738592,0.06650993783504904,0.006000000000000005,0.094,0,0,0,0,0,0,0.5,0,4,Unified Republican,Divided,mixed,protective
Idaho,Virginia,0.23898903809385397,0.08017251899151996,0.11299999999999999,0.1475,0,0,0,0,0,0,0.25,0,16,Unified Republican,Divided,mixed,restrictive
Idaho,Washington,0.11780289742199845,0.051830970454579864,0.164,0.173,0,0,0,0,0,0,0.3333333333333333,1,20,Unified Republican,Unified Democratic,mixed,protective
Idaho,West Virginia,0.13170494752205092,0.06353432753751329,0.017,0.0995,1,0,1,0,0,0,0.0,0,16,Unified Republican,Unified Republican,mixed,restrictive
Idaho,Wisconsin,0.2977088979620076,0.11792187746264397,0.07800000000000001,0.13,0,0,0,0,0,0,0.3333333333333333,0,4,Unified Republican,Divided,mixed,restrictive
Idaho,Wyoming,0.18197763885099968,0.08452163497743762,0.020000000000000004,0.08099999999999999,1,0,1,0,0,0,0.0,1,8,Unified Republican,Unified Republican,mixed,restrictive
Illinois,Indiana,0.051453941446713745,0.03990459261497745,0.16999999999999998,0.268,0,0,0,1,1,0,0.5,1,5,Unified Democratic,Unified Republican,protective,protective
Illinois,Iowa,0.05704440961359918,0.03723009488281866,0.18599999999999997,0.26,0,0,0,0,0,0,1.0,1,5,Unified Democratic,Unified Republican,protective,restrictive
Illinois,Kansas,0.27323405655236227,0.06865416723659662,0.211,0.2475,0,0,0,0,0,0,1.0,0,45,Unified Democratic,Divided,protective,restrictive
Illinois,Kentucky,0.12409833690777655,0.07222275713694862,0.18399999999999997,0.261,0,0,0,0,0,0,1.0,1,10,Unified Democratic,Divided,protective,restrictive
Illinois,Louisiana,0.15130572512528057,0.06719832130666448,0.18399999999999997,0.261,0,0,0,0,0,0,0.0,0,15,Unified Democratic,Divided,protective,restrictive
Illinois,Maine,0.14205750920256147,0.042496435308968385,0.21999999999999997,0.243,1,1,0,1,1,0,0.6666666666666666,0,35,Unified Democratic,Unified Democratic,protective,protective
Illinois,Maryland,0.16139342882904353,0.06210534126396283,0.069,0.3185,1,1,0,1,1,0,0.5,0,20,Unified Democratic,Unified Democratic,protective,protective
Illinois,Michigan,0.1635352606106047,0.041211443484864545,0.30400000000000005,0.505,1,1,0,1,1,0,1.0,0,80,Unified Democratic,Unified Democratic,protective,protective
Illinois,Minnesota,0.2103657835477403,0.10837930188198655,0.18399999999999997,0.261,1,1,0,1,1,0,1.0,0,10,Unified Democratic,Unified Democratic,protective,protective
Illinois,Mississippi,0.2728847783668599,0.07153653509070243,0.25,0.22799999999999998,0,0,0,0,0,0,0.3333333333333333,0,30,Unified Democratic,Unified Republican,protective,restrictive
Illinois,Missouri,0.21137192596653345,0.10863116937525681,0.15800000000000008,0.2739999999999999,0,0,0,0,0,0,0.6666666666666666,1,30,Unified Democratic,Unified Republican,protective,restrictive
Illinois,Montana,0.14035032664173838,0.05631320265161576,0.27099999999999996,0.2175,0,0,0,0,0,0,0.3333333333333333,0,50,Unified Democratic,Unified Republican,protective,restrictive
Illinois,Nebraska,0.1267757256286634,0.07746388726281364,0.19199999999999998,0.257,0,0,0,0,0,0,1.0,0,10,Unified Democratic,Unified Republican,protective,restrictive
Illinois,Nevada,0.09884146627331894,0.04791220332377537,0.11999999999999997,0.293,1,1,0,1,1,0,1.0,0,15,Unified Democratic,Unified Democratic,protective,protective
Illinois,New Jersey,0.32846493903906965,0.14006849850983857,0.02799999999999997,0.33899999999999997,1,1,0,1,1,0,1.0,0,15,Unified Democratic,Unified Democratic,protective,protective
Illinois,New Mexico,0.1166769275095559,0.089517372785296,0.18399999999999997,0.261,1,1,0,1,1,0,1.0,0,10,Unified Democratic,Unified Democratic,protective,protective
Illinois,New York,0.10965437369804976,0.04421874008830084,0.30700000000000005,0.5065,1,1,0,1,1,0,1.0,0,35,Unified Democratic,Unified Democratic,protective,protective
Illinois,North Carolina,0.28374392978553203,0.1183256161371463,0.17200000000000007,0.26699999999999996,0,0,0,0,0,0,1.0,0,15,Unified Democratic,Divided,protective,restrictive
Illinois,North Dakota,0.22100674378113172,0.06209504692065019,0.26799999999999996,0.219,0,0,0,0,0,0,0.3333333333333333,0,20,Unified Democratic,Unified Republican,protective,restrictive
Illinois,Ohio,0.10961807698389518,0.05253213960796579,0.062,0.32199999999999995,0,0,0,0,0,0,1.0,0,10,Unified Democratic,Unified Republican,protective,restrictive
Illinois,Oklahoma,0.09002953476540616,0.06655370446851513,0.18399999999999997,0.261,0,0,0,0,0,0,0.3333333333333333,0,5,Unified Democratic,Unified Republican,protective,restrictive
Illinois,Oregon,0.17450739970320567,0.11099052866009469,0.12699999999999997,0.2895,1,1,0,1,1,0,0.6666666666666666,0,5,Unified Democratic,Unified Democratic,protective,protective
Illinois,Pennsylvania,0.1473631573792465,0.08823953809488574,0.18399999999999997,0.261,0,0,0,0,0,0,1.0,0,5,Unified Democratic,Divided,protective,restrictive
Illinois,Rhode Island,0.11871674990505869,0.08772465125018658,0.146,0.27999999999999997,1,1,0,1,1,0,0.6666666666666666,0,5,Unified Democratic,Unified Democratic,protective,protective
Illinois,South Carolina,0.09878357024256858,0.040674632989968026,0.21899999999999997,0.2435,0,0,0,0,0,0,0.3333333333333333,0,10,Unified Democratic,Unified Republican,protective,mixed
Illinois,South Dakota,0.027812460115693084,0.02006861059009584,0.27999999999999997,0.213,0,0,0,0,0,0,0.0,0,5,Unified Democratic,Unified Republican,protective,mixed
Illinois,Tennessee,0.10154101103721405,0.031687128709386364,0.20099999999999998,0.2525,0,0,0,0,0,0,0.3333333333333333,0,20,Unified Democratic,Unified Republican,protective,restrictive
Illinois,Texas,0.2615202649460004,0.06103809151112371,0.212,0.247,0,0,0,0,0,0,1.0,0,35,Unified Democratic,Unified Republican,protective,restrictive
Illinois,Utah,0.19215395976590624,0.07149894079794715,0.19499999999999998,0.2555,0,0,0,0,0,0,0.3333333333333333,0,35,Unified Democratic,Unified Republican,protective,restrictive
Illinois,Vermont,0.26754959191736355,0.12804335675668513,0.256,0.22499999999999998,0,0,0,1,1,0,0.6666666666666666,0,5,Unified Democratic,Divided,protective,protective
Illinois,Virginia,0.3294517522756616,0.1112566269661017,0.149,0.27849999999999997,0,0,0,0,0,0,0.75,0,20,Unified Democratic,Divided,protective,restrictive
Illinois,Washington,0.10473760896002368,0.054154017491125375,0.09799999999999998,0.304,1,1,0,1,1,0,1.0,0,25,Unified Democratic,Unified Democratic,protective,protective
Illinois,West Virginia,0.15404285290421113,0.0697935519770514,0.245,0.23049999999999998,0,0,0,0,0,0,0.0,0,20,Unified Democratic,Unified Republican,protective,restrictive
Illinois,Wisconsin,0.13036005942949744,0.09409354919278148,0.18399999999999997,0.261,0,0,0,0,0,0,1.0,1,5,Unified Democratic,Divided,protective,restrictive
Illinois,Wyoming,0.08293105805080803,0.04672996884146658,0.282,0.212,0,0,0,0,0,0,0.3333333333333333,0,10,Unified Democratic,Unified Republican,protective,restrictive
Indiana,Iowa,0.030432961690851235,0.030432961690851235,0.015999999999999986,0.175,1,0,1,0,0,0,0.5,0,1,Unified Republican,Unified Republican,protective,restrictive
Indiana,Kansas,0.04562675833730822,0.02468485785653503,0.04100000000000001,0.16249999999999998,0,0,0,0,0,0,0.5,0,9,Unified Republican,Divided,protective,restrictive
Indiana,Kentucky,0.0338536858953766,0.027085011936760113,0.013999999999999985,0.176,0,0,0,0,0,0,0.5,1,2,Unified Republican,Divided,protective,restrictive
Indiana,Louisiana,0.03044863670047972,0.02248016400769404,0.013999999999999985,0.176,0,0,0,0,0,0,0.0,0,3,Unified Republican,Divided,protective,restrictive
Indiana,Maine,0.046611979347161284,0.022310960441590415,0.04999999999999999,0.158,0,0,0,1,1,0,0.25,0,7,Unified Republican,Unified Democratic,protective,protective
Indiana,Maryland,0.03556332614673849,0.021957526698330766,0.10099999999999998,0.23349999999999999,0,0,0,1,1,0,0.5,0,4,Unified Republican,Unified Democratic,protective,protective
Indiana,Michigan,0.042902165047062485,0.013706248149129477,0.47400000000000003,0.42000000000000004,0,0,0,1,1,0,0.5,1,16,Unified Republican,Unified Democratic,protective,protective
Indiana,Minnesota,0.07800169524583475,0.04455796040206644,0.013999999999999985,0.176,0,0,0,1,1,0,0.5,0,2,Unified Republican,Unified Democratic,protective,protective
Indiana,Mississippi,0.03166366914924303,0.019778290200685236,0.08,0.143,1,0,1,0,0,0,0.3333333333333333,0,6,Unified Republican,Unified Republican,protective,restrictive
Indiana,Missouri,0.06605487560272714,0.04385333346058263,0.0119999999999999,0.18899999999999995,1,0,1,0,0,0,0.6666666666666666,0,6,Unified Republican,Unified Republican,protective,restrictive
Indiana,Montana,0.10076522794758314,0.03269987519012124,0.10099999999999999,0.1325,1,0,1,0,0,0,0.0,0,10,Unified Republican,Unified Republican,protective,restrictive
Indiana,Nebraska,0.04380612137855761,0.03753498455524343,0.021999999999999992,0.172,1,0,1,0,0,0,0.5,0,2,Unified Republican,Unified Republican,protective,restrictive
Indiana,Nevada,0.04268922235718901,0.02591398293419297,0.05000000000000002,0.20800000000000002,0,0,0,1,1,0,0.5,0,3,Unified Republican,Unified Democratic,protective,protective
Indiana,New Jersey,0.12024127191028319,0.06580699001436764,0.14200000000000002,0.254,0,0,0,1,1,0,0.5,0,3,Unified Republican,Unified Democratic,protective,protective
Indiana,New Mexico,0.024372252173509204,0.02436108078394055,0.013999999999999985,0.176,0,0,0,1,1,0,0.5,0,2,Unified Republican,Unified Democratic,protective,protective
Indiana,New York,0.02888594578222897,0.018285273670062805,0.47700000000000004,0.4215,0,0,0,1,1,0,0.5,0,7,Unified Republican,Unified Democratic,protective,protective
Indiana,North Carolina,0.06910881552161566,0.050858159799791365,0.002000000000000085,0.18199999999999994,0,0,0,0,0,0,0.5,0,3,Unified Republican,Divided,protective,restrictive
Indiana,North Dakota,0.05002825622424158,0.029445921836178217,0.09799999999999999,0.134,1,0,1,0,0,0,0.3333333333333333,0,4,Unified Republican,Unified Republican,protective,restrictive
Indiana,Ohio,0.025788093626333504,0.020935472963944476,0.10799999999999998,0.237,1,0,1,0,0,0,0.5,1,2,Unified Republican,Unified Republican,protective,restrictive
Indiana,Oklahoma,0.021072823870520205,0.021072823870520205,0.013999999999999985,0.176,1,0,1,0,0,0,0.3333333333333333,0,1,Unified Republican,Unified Republican,protective,restrictive
Indiana,Oregon,0.041175605084144404,0.041175605084144404,0.04300000000000001,0.20450000000000002,0,0,0,1,1,0,0.25,0,1,Unified Republican,Unified Democratic,protective,protective
Indiana,Pennsylvania,0.018548669412340384,0.018548669412340384,0.013999999999999985,0.176,0,0,0,0,0,0,0.5,0,1,Unified Republican,Divided,protective,restrictive
Indiana,Rhode Island,0.029466580237721248,0.029466580237721248,0.023999999999999994,0.195,0,0,0,1,1,0,0.25,0,1,Unified Republican,Unified Democratic,protective,protective
Indiana,South Carolina,0.06328782314743324,0.035010895353518014,0.04899999999999999,0.1585,1,0,1,0,0,0,0.0,0,2,Unified Republican,Unified Republican,protective,mixed
Indiana,South Dakota,0.010396182863189309,0.010396182863189309,0.11,0.128,1,0,1,0,0,0,0.0,0,1,Unified Republican,Unified Republican,protective,mixed
Indiana,Tennessee,0.01986742147661834,0.013450592015415402,0.031,0.16749999999999998,1,0,1,0,0,0,0.3333333333333333,0,4,Unified Republican,Unified Republican,protective,restrictive
Indiana,Texas,0.03741739011850556,0.019390775586644714,0.04200000000000001,0.16199999999999998,1,0,1,0,0,0,0.5,0,7,Unified Republican,Unified Republican,protective,restrictive
Indiana,Utah,0.05978721708981637,0.033529644517623025,0.024999999999999994,0.17049999999999998,1,0,1,0,0,0,0.3333333333333333,0,7,Unified Republican,Unified Republican,protective,restrictive
Indiana,Vermont,0.05022726271073381,0.05022726271073381,0.086,0.14,0,0,0,1,1,0,0.25,0,1,Unified Republican,Divided,protective,protective
Indiana,Virginia,0.10067618358055001,0.056739086670831086,0.02099999999999999,0.1935,0,0,0,0,0,0,0.75,0,4,Unified Republican,Divided,protective,restrictive
Indiana,Washington,0.031506947282589286,0.023189318622121792,0.07200000000000001,0.219,0,0,0,1,1,0,0.5,0,5,Unified Republican,Unified Democratic,protective,protective
Indiana,West Virginia,0.032076085765994036,0.024809955499924603,0.075,0.1455,1,0,1,0,0,0,0.0,0,4,Unified Republican,Unified Republican,protective,restrictive
Indiana,Wisconsin,0.02558549157391076,0.02558549157391076,0.013999999999999985,0.176,0,0,0,0,0,0,0.5,0,1,Unified Republican,Divided,protective,restrictive
Indiana,Wyoming,0.0449085647170378,0.044165920764191645,0.112,0.127,1,0,1,0,0,0,0.3333333333333333,0,2,Unified Republican,Unified Republican,protective,restrictive
Iowa,Kansas,0.1442719521431008,0.051462981514779814,0.025000000000000022,0.1545,0,0,0,1,0,1,1.0,0,9,Unified Republican,Divided,restrictive,restrictive
Iowa,Kentucky,0.033478434629551725,0.03345025988237947,0.0020000000000000018,0.168,0,0,0,1,0,1,1.0,0,2,Unified Republican,Divided,restrictive,restrictive
Iowa,Louisiana,0.022924257400805254,0.017072264661664286,0.0020000000000000018,0.168,0,0,0,1,0,1,0.0,0,3,Unified Republican,Divided,restrictive,restrictive
Iowa,Maine,0.050352305837959174,0.01997012117560581,0.034,0.15000000000000002,0,0,0,0,0,0,0.6666666666666666,0,7,Unified Republican,Unified Democratic,restrictive,protective
Iowa,Maryland,0.0396501693455077,0.021504494791953477,0.11699999999999997,0.22549999999999998,0,0,0,0,0,0,0.5,0,4,Unified Republican,Unified Democratic,restrictive,protective
Iowa,Michigan,0.1214924176652898,0.02741533186925007,0.49,0.41200000000000003,0,0,0,0,0,0,1.0,0,16,Unified Republican,Unified Democratic,restrictive,protective
Iowa,Minnesota,0.03738756995879178,0.023220893649636802,0.0020000000000000018,0.168,0,0,0,0,0,0,1.0,1,2,Unified Republican,Unified Democratic,restrictive,protective
Iowa,Mississippi,0.04210738799195253,0.026027656502891152,0.06400000000000002,0.135,1,0,1,1,0,1,0.3333333333333333,0,6,Unified Republican,Unified Republican,restrictive,restrictive
Iowa,Missouri,0.10245997682380266,0.051796541508447376,0.027999999999999886,0.18099999999999994,1,0,1,1,0,1,0.6666666666666666,1,6,Unified Republican,Unified Republican,restrictive,restrictive
Iowa,Montana,0.10583365955773233,0.05148312716519286,0.085,0.1245,1,0,1,1,0,1,0.3333333333333333,0,10,Unified Republican,Unified Republican,restrictive,restrictive
Iowa,Nebraska,0.08369361462735507,0.050794795068765164,0.006000000000000005,0.164,1,0,1,1,0,1,1.0,1,2,Unified Republican,Unified Republican,restrictive,restrictive
Iowa,Nevada,0.05557109569808322,0.03717767128298782,0.066,0.2,0,0,0,0,0,0,1.0,0,3,Unified Republican,Unified Democratic,restrictive,protective
Iowa,New Jersey,0.05430895388269665,0.040215121863201156,0.158,0.246,0,0,0,0,0,0,1.0,0,3,Unified Republican,Unified Democratic,restrictive,protective
Iowa,New Mexico,0.02526751628438265,0.021675898926335202,0.0020000000000000018,0.168,0,0,0,0,0,0,1.0,0,2,Unified Republican,Unified Democratic,restrictive,protective
Iowa,New York,0.028169396464049316,0.014877255618303206,0.493,0.41350000000000003,0,0,0,0,0,0,1.0,0,7,Unified Republican,Unified Democratic,restrictive,protective
Iowa,North Carolina,0.15079598267684532,0.08251474757482966,0.013999999999999901,0.17399999999999996,0,0,0,1,0,1,1.0,0,3,Unified Republican,Divided,restrictive,restrictive
Iowa,North Dakota,0.2066525604194267,0.07888014990603513,0.082,0.126,1,0,1,1,0,1,0.3333333333333333,0,4,Unified Republican,Unified Republican,restrictive,restrictive
Iowa,Ohio,0.026402887294779055,0.0241913276391597,0.12399999999999997,0.22899999999999998,1,0,1,1,0,1,1.0,0,2,Unified Republican,Unified Republican,restrictive,restrictive
Iowa,Oklahoma,0.04131035994583776,0.04131035994583776,0.0020000000000000018,0.168,1,0,1,1,0,1,0.3333333333333333,0,1,Unified Republican,Unified Republican,restrictive,restrictive
Iowa,Oregon,0.0409499726006763,0.0409499726006763,0.059,0.1965,0,0,0,0,0,0,0.6666666666666666,0,1,Unified Republican,Unified Democratic,restrictive,protective
Iowa,Pennsylvania,0.008164632844735172,0.008164632844735172,0.0020000000000000018,0.168,0,0,0,1,0,1,1.0,0,1,Unified Republican,Divided,restrictive,restrictive
Iowa,Rhode Island,0.042653970264763065,0.042653970264763065,0.03999999999999998,0.187,0,0,0,0,0,0,0.6666666666666666,0,1,Unified Republican,Unified Democratic,restrictive,protective
Iowa,South Carolina,0.4052263054882251,0.20620302867300594,0.033,0.15050000000000002,1,0,1,0,0,0,0.3333333333333333,0,2,Unified Republican,Unified Republican,restrictive,mixed
Iowa,South Dakota,0.026437291346134942,0.026437291346134942,0.09400000000000001,0.12,1,0,1,0,0,0,0.0,1,1,Unified Republican,Unified Republican,restrictive,mixed
Iowa,Tennessee,0.0813960753342645,0.041509467834163,0.015000000000000013,0.1595,1,0,1,1,0,1,0.3333333333333333,0,4,Unified Republican,Unified Republican,restrictive,restrictive
Iowa,Texas,0.03961778566470935,0.019729803470675926,0.026000000000000023,0.154,1,0,1,1,0,1,1.0,0,7,Unified Republican,Unified Republican,restrictive,restrictive
Iowa,Utah,0.17175124249429088,0.054728070765614555,0.009000000000000008,0.1625,1,0,1,1,0,1,0.3333333333333333,0,7,Unified Republican,Unified Republican,restrictive,restrictive
Iowa,Vermont,0.034015457769559006,0.034015457769559006,0.07,0.132,0,0,0,0,0,0,0.6666666666666666,0,1,Unified Republican,Divided,restrictive,protective
Iowa,Virginia,0.08434093895999409,0.0511595137941134,0.03699999999999998,0.1855,0,0,0,1,0,1,0.75,0,4,Unified Republican,Divided,restrictive,restrictive
Iowa,Washington,0.02978879972313151,0.019782315153074496,0.088,0.21100000000000002,0,0,0,0,0,0,1.0,0,5,Unified Republican,Unified Democratic,restrictive,protective
Iowa,West Virginia,0.07807341292335071,0.044396120458229896,0.05900000000000001,0.1375,1,0,1,1,0,1,0.0,0,4,Unified Republican,Unified Republican,restrictive,restrictive
Iowa,Wisconsin,0.024661627707508776,0.024661627707508776,0.0020000000000000018,0.168,0,0,0,1,0,1,1.0,1,1,Unified Republican,Divided,restrictive,restrictive
Iowa,Wyoming,0.15009762837767043,0.11042290736846301,0.09600000000000002,0.119,1,0,1,1,0,1,0.3333333333333333,0,2,Unified Republican,Unified Republican,restrictive,restrictive
Kansas,Kentucky,0.11604553176435627,0.0541270738534687,0.027000000000000024,0.1555,1,0,0,1,0,1,1.0,0,18,Divided,Divided,restrictive,restrictive
Kansas,Louisiana,0.26287554730279655,0.048142144865901806,0.027000000000000024,0.1555,1,0,0,1,0,1,0.0,0,27,Divided,Divided,restrictive,restrictive
Kansas,Maine,0.0988025716546661,0.029502230004397792,0.00899999999999998,0.1375,0,0,0,0,0,0,0.6666666666666666,0,63,Divided,Unified Democratic,restrictive,protective
Kansas,Maryland,0.19601126791232112,0.046337749833112646,0.142,0.21299999999999997,0,0,0,0,0,0,0.5,0,36,Divided,Unified Democratic,restrictive,protective
Kansas,Michigan,0.16862505820579635,0.03185413697148604,0.515,0.3995,0,0,0,0,0,0,1.0,0,144,Divided,Unified Democratic,restrictive,protective
Kansas,Minnesota,0.11903690738144232,0.04955058260965178,0.027000000000000024,0.1555,0,0,0,0,0,0,1.0,0,18,Divided,Unified Democratic,restrictive,protective
Kansas,Mississippi,0.15784199501899557,0.05240081343808011,0.03899999999999999,0.1225,0,0,0,1,0,1,0.3333333333333333,0,54,Divided,Unified Republican,restrictive,restrictive
Kansas,Missouri,0.18821816101066638,0.08908512447054792,0.05299999999999991,0.16849999999999993,0,0,0,1,0,1,0.6666666666666666,1,54,Divided,Unified Republican,restrictive,restrictive
Kansas,Montana,0.2463495208614164,0.04649185766111501,0.059999999999999984,0.11199999999999999,0,0,0,1,0,1,0.3333333333333333,0,90,Divided,Unified Republican,restrictive,restrictive
Kansas,Nebraska,0.2242448744513918,0.07517745431651536,0.019000000000000017,0.1515,0,0,0,1,0,1,1.0,1,18,Divided,Unified Republican,restrictive,restrictive
Kansas,Nevada,0.09560731623242168,0.03776807755460542,0.09100000000000003,0.1875,0,0,0,0,0,0,1.0,0,27,Divided,Unified Democratic,restrictive,protective
Kansas,New Jersey,0.17038704495493714,0.08227048191092486,0.18300000000000002,0.23349999999999999,0,0,0,0,0,0,1.0,0,27,Divided,Unified Democratic,restrictive,protective
Kansas,New Mexico,0.06601938271227628,0.040224385590181426,0.027000000000000024,0.1555,0,0,0,0,0,0,1.0,0,18,Divided,Unified Democratic,restrictive,protective
Kansas,New York,0.10479492422839083,0.032682351485969846,0.518,0.401,0,0,0,0,0,0,1.0,0,63,Divided,Unified Democratic,restrictive,protective
Kansas,North Carolina,0.2226292519723133,0.10976714737231516,0.038999999999999924,0.16149999999999995,1,0,0,1,0,1,1.0,0,27,Divided,Divided,restrictive,restrictive
Kansas,North Dakota,0.2700810034834298,0.048628317241064783,0.05699999999999998,0.11349999999999999,0,0,0,1,0,1,0.3333333333333333,0,36,Divided,Unified Republican,restrictive,restrictive
Kansas,Ohio,0.10656955087470595,0.037034291085134216,0.149,0.21649999999999997,0,0,0,1,0,1,1.0,0,18,Divided,Unified Republican,restrictive,restrictive
Kansas,Oklahoma,0.08069494854269363,0.05325379183458376,0.027000000000000024,0.1555,0,0,0,1,0,1,0.3333333333333333,1,9,Divided,Unified Republican,restrictive,restrictive
Kansas,Oregon,0.09553197108195438,0.07240059482075839,0.08400000000000002,0.184,0,0,0,0,0,0,0.6666666666666666,0,9,Divided,Unified Democratic,restrictive,protective
Kansas,Pennsylvania,0.213286851158946,0.056759972755612,0.027000000000000024,0.1555,1,0,0,1,0,1,1.0,0,9,Divided,Divided,restrictive,restrictive
Kansas,Rhode Island,0.06581804909547993,0.0562195663674271,0.065,0.1745,0,0,0,0,0,0,0.6666666666666666,0,9,Divided,Unified Democratic,restrictive,protective
Kansas,South Carolina,0.2949590091105467,0.04880816607969299,0.00799999999999998,0.138,0,0,0,0,0,0,0.3333333333333333,0,18,Divided,Unified Republican,restrictive,mixed
Kansas,South Dakota,0.024877187193335436,0.01456654460425206,0.06899999999999999,0.10749999999999998,0,0,0,0,0,0,0.0,0,9,Divided,Unified Republican,restrictive,mixed
Kansas,Tennessee,0.12128996968823108,0.026082314616810074,0.010000000000000009,0.147,0,0,0,1,0,1,0.3333333333333333,0,36,Divided,Unified Republican,restrictive,restrictive
Kansas,Texas,0.13814842318194923,0.03396696668150229,0.0010000000000000009,0.1415,0,0,0,1,0,1,1.0,0,63,Divided,Unified Republican,restrictive,restrictive
Kansas,Utah,0.22225403296173174,0.05214630340473691,0.016000000000000014,0.15,0,0,0,1,0,1,0.3333333333333333,0,63,Divided,Unified Republican,restrictive,restrictive
Kansas,Vermont,0.08155190368676007,0.06092525911117816,0.044999999999999984,0.1195,1,0,0,0,0,0,0.6666666666666666,0,9,Divided,Divided,restrictive,protective
Kansas,Virginia,0.27946080070647683,0.08807727370322613,0.062,0.173,1,0,0,1,0,1,0.75,0,36,Divided,Divided,restrictive,restrictive
Kansas,Washington,0.2341340741079443,0.039488258709948126,0.11300000000000002,0.1985,0,0,0,0,0,0,1.0,0,45,Divided,Unified Democratic,restrictive,protective
Kansas,West Virginia,0.1278262195744673,0.05532810224863963,0.03399999999999999,0.125,0,0,0,1,0,1,0.0,0,36,Divided,Unified Republican,restrictive,restrictive
Kansas,Wisconsin,0.06790460313172707,0.05591096470321693,0.027000000000000024,0.1555,1,0,0,1,0,1,1.0,0,9,Divided,Divided,restrictive,restrictive
Kansas,Wyoming,0.14138873800647736,0.05898949872048129,0.071,0.10649999999999998,0,0,0,1,0,1,0.3333333333333333,0,18,Divided,Unified Republican,restrictive,restrictive
Kentucky,Louisiana,0.08285290773849703,0.05013909201188262,0.0,0.169,1,0,0,1,0,1,0.0,0,6,Divided,Divided,restrictive,restrictive
Kentucky,Maine,0.12171479591883905,0.03151426865743427,0.036000000000000004,0.15100000000000002,0,0,0,0,0,0,0.6666666666666666,0,14,Divided,Unified Democratic,restrictive,protective
Kentucky,Maryland,0.13154339696744546,0.04970371309973546,0.11499999999999996,0.22649999999999998,0,0,0,0,0,0,0.5,0,8,Divided,Unified Democratic,restrictive,protective
Kentucky,Michigan,0.09431904171014742,0.024352468542115015,0.488,0.41300000000000003,0,0,0,0,0,0,1.0,0,32,Divided,Unified Democratic,restrictive,protective
Kentucky,Minnesota,0.1405712273456682,0.06718895254838897,0.0,0.169,0,0,0,0,0,0,1.0,0,4,Divided,Unified Democratic,restrictive,protective
Kentucky,Mississippi,0.12362207890918737,0.05229475735780765,0.06600000000000002,0.136,0,0,0,1,0,1,0.3333333333333333,0,12,Divided,Unified Republican,restrictive,restrictive
Kentucky,Missouri,0.15659836592079115,0.07126235304525351,0.025999999999999884,0.18199999999999994,0,0,0,1,0,1,0.6666666666666666,1,12,Divided,Unified Republican,restrictive,restrictive
Kentucky,Montana,0.09160908126456105,0.040476267065277655,0.08700000000000001,0.1255,0,0,0,1,0,1,0.3333333333333333,0,20,Divided,Unified Republican,restrictive,restrictive
Kentucky,Nebraska,0.0835887226320698,0.053372200420423115,0.008000000000000007,0.165,0,0,0,1,0,1,1.0,0,4,Divided,Unified Republican,restrictive,restrictive
Kentucky,Nevada,0.06218345692949724,0.0323855513216775,0.064,0.201,0,0,0,0,0,0,1.0,0,6,Divided,Unified Democratic,restrictive,protective
Kentucky,New Jersey,0.12765887683900032,0.0798572244911603,0.156,0.247,0,0,0,0,0,0,1.0,0,6,Divided,Unified Democratic,restrictive,protective
Kentucky,New Mexico,0.06571777973884366,0.04982039783189618,0.0,0.169,0,0,0,0,0,0,1.0,0,4,Divided,Unified Democratic,restrictive,protective
Kentucky,New York,0.08382198471703448,0.04274625885917044,0.491,0.41450000000000004,0,0,0,0,0,0,1.0,0,14,Divided,Unified Democratic,restrictive,protective
Kentucky,North Carolina,0.14968452757055184,0.09362771968198025,0.0119999999999999,0.17499999999999996,1,0,0,1,0,1,1.0,0,6,Divided,Divided,restrictive,restrictive
Kentucky,North Dakota,0.07947134401733325,0.042450720036423965,0.084,0.127,0,0,0,1,0,1,0.3333333333333333,0,8,Divided,Unified Republican,restrictive,restrictive
Kentucky,Ohio,0.08248916119661105,0.05292852029101196,0.12199999999999997,0.22999999999999998,0,0,0,1,0,1,1.0,1,4,Divided,Unified Republican,restrictive,restrictive
Kentucky,Oklahoma,0.06934777162703576,0.04760506266617238,0.0,0.169,0,0,0,1,0,1,0.3333333333333333,0,2,Divided,Unified Republican,restrictive,restrictive
Kentucky,Oregon,0.1165144013111299,0.07159138146681654,0.056999999999999995,0.1975,0,0,0,0,0,0,0.6666666666666666,0,2,Divided,Unified Democratic,restrictive,protective
Kentucky,Pennsylvania,0.053116422159916264,0.053032959287667644,0.0,0.169,1,0,0,1,0,1,1.0,0,2,Divided,Divided,restrictive,restrictive
Kentucky,Rhode Island,0.14826530620468772,0.09543797631703749,0.03799999999999998,0.188,0,0,0,0,0,0,0.6666666666666666,0,2,Divided,Unified Democratic,restrictive,protective
Kentucky,South Carolina,0.05992698947439525,0.04381795076360279,0.035,0.15150000000000002,0,0,0,0,0,0,0.3333333333333333,0,4,Divided,Unified Republican,restrictive,mixed
Kentucky,South Dakota,0.018421281777018142,0.014551096915138426,0.09600000000000002,0.121,0,0,0,0,0,0,0.0,0,2,Divided,Unified Republican,restrictive,mixed
Kentucky,Tennessee,0.05215084054299243,0.02766262491110016,0.017000000000000015,0.1605,0,0,0,1,0,1,0.3333333333333333,1,8,Divided,Unified Republican,restrictive,restrictive
Kentucky,Texas,0.07020143916368458,0.03883640061369453,0.028000000000000025,0.155,0,0,0,1,0,1,1.0,0,14,Divided,Unified Republican,restrictive,restrictive
Kentucky,Utah,0.08364830621091335,0.04779337979238717,0.01100000000000001,0.1635,0,0,0,1,0,1,0.3333333333333333,0,14,Divided,Unified Republican,restrictive,restrictive
Kentucky,Vermont,0.1600040100662278,0.09416035550374952,0.07200000000000001,0.133,1,0,0,0,0,0,0.6666666666666666,0,2,Divided,Divided,restrictive,protective
Kentucky,Virginia,0.19735918993601997,0.08849898132193514,0.034999999999999976,0.1865,1,0,0,1,0,1,0.75,1,8,Divided,Divided,restrictive,restrictive
Kentucky,Washington,0.13848831900909533,0.04596263257817425,0.086,0.21200000000000002,0,0,0,0,0,0,1.0,0,10,Divided,Unified Democratic,restrictive,protective
Kentucky,West Virginia,0.06351991179227466,0.04242741394932382,0.06100000000000001,0.1385,0,0,0,1,0,1,0.0,1,8,Divided,Unified Republican,restrictive,restrictive
Kentucky,Wisconsin,0.0673342188317152,0.05500418992195043,0.0,0.169,1,0,0,1,0,1,1.0,0,2,Divided,Divided,restrictive,restrictive
Kentucky,Wyoming,0.05302242951542992,0.03786194579150217,0.09800000000000002,0.12,0,0,0,1,0,1,0.3333333333333333,0,4,Divided,Unified Republican,restrictive,restrictive
Louisiana,Maine,0.11075625338201771,0.02175006829215141,0.036000000000000004,0.15100000000000002,0,0,0,0,0,0,0.0,0,21,Divided,Unified Democratic,restrictive,protective
Louisiana,Maryland,0.23081951467303616,0.044274302186140514,0.11499999999999996,0.22649999999999998,0,0,0,0,0,0,0.0,0,12,Divided,Unified Democratic,restrictive,protective
Louisiana,Michigan,0.10575959291973425,0.02618529100723656,0.488,0.41300000000000003,0,0,0,0,0,0,0.0,0,48,Divided,Unified Democratic,restrictive,protective
Louisiana,Minnesota,0.19296601661265447,0.06490183053748755,0.0,0.169,0,0,0,0,0,0,0.0,0,6,Divided,Unified Democratic,restrictive,protective
Louisiana,Mississippi,0.24536505230939248,0.06314330345033592,0.06600000000000002,0.136,0,0,0,1,0,1,0.0,1,18,Divided,Unified Republican,restrictive,restrictive
Louisiana,Missouri,0.22089163434279296,0.07819948826359335,0.025999999999999884,0.18199999999999994,0,0,0,1,0,1,0.0,0,18,Divided,Unified Republican,restrictive,restrictive
Louisiana,Montana,0.10352769300763899,0.034254475599604914,0.08700000000000001,0.1255,0,0,0,1,0,1,0.0,0,30,Divided,Unified Republican,restrictive,restrictive
Louisiana,Nebraska,0.32657694121776637,0.09552484421675611,0.008000000000000007,0.165,0,0,0,1,0,1,0.0,0,6,Divided,Unified Republican,restrictive,restrictive
Louisiana,Nevada,0.03722258366353368,0.021185532816147996,0.064,0.201,0,0,0,0,0,0,0.0,0,9,Divided,Unified Democratic,restrictive,protective
Louisiana,New Jersey,0.15434696150151295,0.07014775195119623,0.156,0.247,0,0,0,0,0,0,0.0,0,9,Divided,Unified Democratic,restrictive,protective
Louisiana,New Mexico,0.061285634275733775,0.03603140616259629,0.0,0.169,0,0,0,0,0,0,0.0,0,6,Divided,Unified Democratic,restrictive,protective
Louisiana,New York,0.28333444939798447,0.04916247299180602,0.491,0.41450000000000004,0,0,0,0,0,0,0.0,0,21,Divided,Unified Democratic,restrictive,protective
Louisiana,North Carolina,0.2492197511044826,0.08921318164838411,0.0119999999999999,0.17499999999999996,1,0,0,1,0,1,0.0,0,9,Divided,Divided,restrictive,restrictive
Louisiana,North Dakota,0.07584063659328318,0.032016108283369905,0.084,0.127,0,0,0,1,0,1,0.0,0,12,Divided,Unified Republican,restrictive,restrictive
Louisiana,Ohio,0.1535750835316935,0.05431457419099314,0.12199999999999997,0.22999999999999998,0,0,0,1,0,1,0.0,0,6,Divided,Unified Republican,restrictive,restrictive
Louisiana,Oklahoma,0.06204307397830446,0.0406627691016334,0.0,0.169,0,0,0,1,0,1,0.0,0,3,Divided,Unified Republican,restrictive,restrictive
Louisiana,Oregon,0.07480219433273197,0.043932134817037415,0.056999999999999995,0.1975,0,0,0,0,0,0,0.0,0,3,Divided,Unified Democratic,restrictive,protective
Louisiana,Pennsylvania,0.28831376004398873,0.12110762314868877,0.0,0.169,1,0,0,1,0,1,0.0,0,3,Divided,Divided,restrictive,restrictive
Louisiana,Rhode Island,0.09763544371187066,0.062125130520688375,0.03799999999999998,0.188,0,0,0,0,0,0,0.0,0,3,Divided,Unified Democratic,restrictive,protective
Louisiana,South Carolina,0.04282881835346607,0.02865746774832122,0.035,0.15150000000000002,0,0,0,0,0,0,0.0,0,6,Divided,Unified Republican,restrictive,mixed
Louisiana,South Dakota,0.02948041855575705,0.019362879982146936,0.09600000000000002,0.121,0,0,0,0,0,0,0,0,3,Divided,Unified Republican,restrictive,mixed
Louisiana,Tennessee,0.06687204669543251,0.026341431790892905,0.017000000000000015,0.1605,0,0,0,1,0,1,0.0,0,12,Divided,Unified Republican,restrictive,restrictive
Louisiana,Texas,0.15915066416530238,0.05023378976144287,0.028000000000000025,0.155,0,0,0,1,0,1,0.0,1,21,Divided,Unified Republican,restrictive,restrictive
Louisiana,Utah,0.09938307017434601,0.04313398473357949,0.01100000000000001,0.1635,0,0,0,1,0,1,0.0,0,21,Divided,Unified Republican,restrictive,restrictive
Louisiana,Vermont,0.06638263131465416,0.04497329982983101,0.07200000000000001,0.133,1,0,0,0,0,0,0.0,0,3,Divided,Divided,restrictive,protective
Louisiana,Virginia,0.1559517235454281,0.06411515718699766,0.034999999999999976,0.1865,1,0,0,1,0,1,0.0,0,12,Divided,Divided,restrictive,restrictive
Louisiana,Washington,0.23342566818262708,0.050054723590781974,0.086,0.21200000000000002,0,0,0,0,0,0,0.0,0,15,Divided,Unified Democratic,restrictive,protective
Louisiana,West Virginia,0.09081888601040615,0.04760007374210843,0.06100000000000001,0.1385,0,0,0,1,0,1,0,0,12,Divided,Unified Republican,restrictive,restrictive
Louisiana,Wisconsin,0.08840215193232624,0.05533529303095502,0.0,0.169,1,0,0,1,0,1,0.0,0,3,Divided,Divided,restrictive,restrictive
Louisiana,Wyoming,0.05967920471939252,0.03459342242437452,0.09800000000000002,0.12,0,0,0,1,0,1,0.0,0,6,Divided,Unified Republican,restrictive,restrictive
Maine,Maryland,0.1407651284240534,0.03887025381969351,0.15099999999999997,0.2085,1,1,0,1,1,0,0.25,0,28,Unified Democratic,Unified Democratic,protective,protective
Maine,Michigan,0.11633177871972644,0.01963325059217477,0.524,0.395,1,1,0,1,1,0,0.6666666666666666,0,112,Unified Democratic,Unified Democratic,protective,protective
Maine,Minnesota,0.17882964714416075,0.06165754870785447,0.036000000000000004,0.15100000000000002,1,1,0,1,1,0,0.6666666666666666,0,14,Unified Democratic,Unified Democratic,protective,protective
Maine,Mississippi,0.1100726818032027,0.02676457601429059,0.030000000000000013,0.118,0,0,0,0,0,0,0.0,0,42,Unified Democratic,Unified Republican,protective,restrictive
Maine,Missouri,0.14150563824282927,0.04591856338493748,0.06199999999999989,0.16399999999999995,0,0,0,0,0,0,0.3333333333333333,0,42,Unified Democratic,Unified Republican,protective,restrictive
Maine,Montana,0.13099062003076242,0.028982420719766366,0.051000000000000004,0.10750000000000001,0,0,0,0,0,0,0.5,0,70,Unified Democratic,Unified Republican,protective,restrictive
Maine,Nebraska,0.1092287707196889,0.03755985812151634,0.027999999999999997,0.14700000000000002,0,0,0,0,0,0,0.6666666666666666,0,14,Unified Democratic,Unified Republican,protective,restrictive
Maine,Nevada,0.10717382914482247,0.03511254864554099,0.1,0.183,1,1,0,1,1,0,0.6666666666666666,0,21,Unified Democratic,Unified Democratic,protective,protective
Maine,New Jersey,0.15578941255082282,0.05652213297565116,0.192,0.229,1,1,0,1,1,0,0.6666666666666666,0,21,Unified Democratic,Unified Democratic,protective,protective
Maine,New Mexico,0.1281210290120898,0.044836569336654426,0.036000000000000004,0.15100000000000002,1,1,0,1,1,0,0.6666666666666666,0,14,Unified Democratic,Unified Democratic,protective,protective
Maine,New York,0.11719907292630279,0.02742489664636165,0.527,0.3965,1,1,0,1,1,0,0.6666666666666666,0,49,Unified Democratic,Unified Democratic,protective,protective
Maine,North Carolina,0.1452401067924032,0.050168542567931546,0.047999999999999904,0.15699999999999997,0,0,0,0,0,0,0.6666666666666666,0,21,Unified Democratic,Divided,protective,restrictive
Maine,North Dakota,0.10021292349731666,0.024503494343282337,0.048,0.10900000000000001,0,0,0,0,0,0,0.0,0,28,Unified Democratic,Unified Republican,protective,restrictive
Maine,Ohio,0.1052262428925436,0.024734567028937414,0.15799999999999997,0.212,0,0,0,0,0,0,0.6666666666666666,0,14,Unified Democratic,Unified Republican,protective,restrictive
Maine,Oklahoma,0.07566465626461075,0.03942849114376961,0.036000000000000004,0.15100000000000002,0,0,0,0,0,0,0.0,0,7,Unified Democratic,Unified Republican,protective,restrictive
Maine,Oregon,0.10701966348611903,0.06025126792973851,0.093,0.1795,1,1,0,1,1,0,1.0,0,7,Unified Democratic,Unified Democratic,protective,protective
Maine,Pennsylvania,0.07365600385865907,0.024009705786119804,0.036000000000000004,0.15100000000000002,0,0,0,0,0,0,0.6666666666666666,0,7,Unified Democratic,Divided,protective,restrictive
Maine,Rhode Island,0.10272139744189995,0.04788815217428972,0.07399999999999998,0.16999999999999998,1,1,0,1,1,0,1.0,0,7,Unified Democratic,Unified Democratic,protective,protective
Maine,South Carolina,0.08049046596768865,0.02004262289003238,0.0010000000000000009,0.1335,0,0,0,0,0,0,0.5,0,14,Unified Democratic,Unified Republican,protective,mixed
Maine,South Dakota,0.017264702087661878,0.011507356989261388,0.06000000000000001,0.10300000000000001,0,0,0,0,0,0,0.0,0,7,Unified Democratic,Unified Republican,protective,mixed
Maine,Tennessee,0.04638717621190092,0.015017885075165587,0.01899999999999999,0.14250000000000002,0,0,0,0,0,0,0.0,0,28,Unified Democratic,Unified Republican,protective,restrictive
Maine,Texas,0.10514342109960848,0.023580299902307793,0.00799999999999998,0.137,0,0,0,0,0,0,0.6666666666666666,0,49,Unified Democratic,Unified Republican,protective,restrictive
Maine,Utah,0.11728995701608344,0.03715758030896368,0.024999999999999994,0.14550000000000002,0,0,0,0,0,0,0.0,0,49,Unified Democratic,Unified Republican,protective,restrictive
Maine,Vermont,0.2656036323032579,0.09677503423501199,0.036000000000000004,0.115,0,0,0,1,1,0,1.0,0,7,Unified Democratic,Divided,protective,protective
Maine,Virginia,0.179329289401659,0.047153014858718124,0.07099999999999998,0.16849999999999998,0,0,0,0,0,0,0.5,0,28,Unified Democratic,Divided,protective,restrictive
Maine,Washington,0.20738188507755267,0.033715103642137215,0.122,0.194,1,1,0,1,1,0,0.6666666666666666,0,35,Unified Democratic,Unified Democratic,protective,protective
Maine,West Virginia,0.07237021115701511,0.025168499712626517,0.02500000000000001,0.1205,0,0,0,0,0,0,0.0,0,28,Unified Democratic,Unified Republican,protective,restrictive
Maine,Wisconsin,0.11589187969890365,0.04585675712543952,0.036000000000000004,0.15100000000000002,0,0,0,0,0,0,0.6666666666666666,0,7,Unified Democratic,Divided,protective,restrictive
Maine,Wyoming,0.05745530024105919,0.02218678366922897,0.06200000000000001,0.10200000000000001,0,0,0,0,0,0,0.0,0,14,Unified Democratic,Unified Republican,protective,restrictive
Maryland,Michigan,0.18429394907409175,0.029158198345747337,0.37300000000000005,0.47050000000000003,1,1,0,1,1,0,0.5,0,64,Unified Democratic,Unified Democratic,protective,protective
Maryland,Minnesota,0.15691605639783288,0.07414540389034867,0.11499999999999996,0.22649999999999998,1,1,0,1,1,0,0.5,0,8,Unified Democratic,Unified Democratic,protective,protective
Maryland,Mississippi,0.0941846412514271,0.04031774122214805,0.181,0.19349999999999998,0,0,0,0,0,0,0.3333333333333333,0,24,Unified Democratic,Unified Republican,protective,restrictive
Maryland,Missouri,0.18937947854458537,0.07213231432501911,0.08900000000000008,0.23949999999999994,0,0,0,0,0,0,0.25,0,24,Unified Democratic,Unified Republican,protective,restrictive
Maryland,Montana,0.17613658211876254,0.043983796455314667,0.20199999999999996,0.183,0,0,0,0,0,0,0.3333333333333333,0,40,Unified Democratic,Unified Republican,protective,restrictive
Maryland,Nebraska,0.3134567092998188,0.07766164471969889,0.12299999999999997,0.22249999999999998,0,0,0,0,0,0,0.5,0,8,Unified Democratic,Unified Republican,protective,restrictive
Maryland,Nevada,0.09564221677132029,0.04164160731950906,0.05099999999999996,0.2585,1,1,0,1,1,0,0.5,0,12,Unified Democratic,Unified Democratic,protective,protective
Maryland,New Jersey,0.14387812455961313,0.08060649635633481,0.041000000000000036,0.3045,1,1,0,1,1,0,0.5,0,12,Unified Democratic,Unified Democratic,protective,protective
Maryland,New Mexico,0.2772225970685648,0.09985636039208648,0.11499999999999996,0.22649999999999998,1,1,0,1,1,0,0.5,0,8,Unified Democratic,Unified Democratic,protective,protective
Maryland,New York,0.34114830970440874,0.05270832935308405,0.37600000000000006,0.472,1,1,0,1,1,0,0.5,0,28,Unified Democratic,Unified Democratic,protective,protective
Maryland,North Carolina,0.18392367739612298,0.09254818146928355,0.10300000000000006,0.23249999999999993,0,0,0,0,0,0,0.5,0,12,Unified Democratic,Divided,protective,restrictive
Maryland,North Dakota,0.09634362761749121,0.03265017340079705,0.19899999999999995,0.1845,0,0,0,0,0,0,0.3333333333333333,0,16,Unified Democratic,Unified Republican,protective,restrictive
Maryland,Ohio,0.10011704494395593,0.03397578192102123,0.007000000000000006,0.2875,0,0,0,0,0,0,0.5,0,8,Unified Democratic,Unified Republican,protective,restrictive
Maryland,Oklahoma,0.10913655964698386,0.0584096225387553,0.11499999999999996,0.22649999999999998,0,0,0,0,0,0,0.3333333333333333,0,4,Unified Democratic,Unified Republican,protective,restrictive
Maryland,Oregon,0.18125722529267835,0.0908625941813668,0.05799999999999997,0.255,1,1,0,1,1,0,0.25,0,4,Unified Democratic,Unified Democratic,protective,protective
Maryland,Pennsylvania,0.27921239782765267,0.09535349047318775,0.11499999999999996,0.22649999999999998,0,0,0,0,0,0,0.5,1,4,Unified Democratic,Divided,protective,restrictive
Maryland,Rhode Island,0.1065767108050626,0.06501261275448271,0.07699999999999999,0.2455,1,1,0,1,1,0,0.25,0,4,Unified Democratic,Unified Democratic,protective,protective
Maryland,South Carolina,0.06633791386201224,0.022067408097799814,0.14999999999999997,0.209,0,0,0,0,0,0,0.3333333333333333,0,8,Unified Democratic,Unified Republican,protective,mixed
Maryland,South Dakota,0.011173487758341,0.007380347713709179,0.21099999999999997,0.1785,0,0,0,0,0,0,0.0,0,4,Unified Democratic,Unified Republican,protective,mixed
Maryland,Tennessee,0.045345408548019855,0.018140594082811382,0.13199999999999998,0.21799999999999997,0,0,0,0,0,0,0.3333333333333333,0,16,Unified Democratic,Unified Republican,protective,restrictive
Maryland,Texas,0.13732785771113107,0.03381011871899442,0.143,0.21249999999999997,0,0,0,0,0,0,0.5,0,28,Unified Democratic,Unified Republican,protective,restrictive
Maryland,Utah,0.15770172811203842,0.04679280358698161,0.12599999999999997,0.22099999999999997,0,0,0,0,0,0,0.3333333333333333,0,28,Unified Democratic,Unified Republican,protective,restrictive
Maryland,Vermont,0.3269201173133214,0.19513882337324562,0.18699999999999997,0.1905,0,0,0,1,1,0,0.25,0,4,Unified Democratic,Divided,protective,protective
Maryland,Virginia,0.2252879438364696,0.07266072698464925,0.07999999999999999,0.244,0,0,0,0,0,0,0.75,1,16,Unified Democratic,Divided,protective,restrictive
Maryland,Washington,0.25532750429585976,0.05135214335481776,0.02899999999999997,0.26949999999999996,1,1,0,1,1,0,0.5,0,20,Unified Democratic,Unified Democratic,protective,protective
Maryland,West Virginia,0.10799999696600814,0.03584485688024701,0.176,0.19599999999999998,0,0,0,0,0,0,0.0,1,16,Unified Democratic,Unified Republican,protective,restrictive
Maryland,Wisconsin,0.0817544898901891,0.0457601724300241,0.11499999999999996,0.22649999999999998,0,0,0,0,0,0,0.5,0,4,Unified Democratic,Divided,protective,restrictive
Maryland,Wyoming,0.06226811590913777,0.02934342784929423,0.21299999999999997,0.1775,0,0,0,0,0,0,0.3333333333333333,0,8,Unified Democratic,Unified Republican,protective,restrictive
Michigan,Minnesota,0.15449990570979336,0.035370074662608185,0.488,0.41300000000000003,1,1,0,1,1,0,1.0,0,32,Unified Democratic,Unified Democratic,protective,protective
Michigan,Mississippi,0.12239718644733467,0.026708508161864698,0.554,0.38,0,0,0,0,0,0,0.3333333333333333,0,96,Unified Democratic,Unified Republican,protective,restrictive
Michigan,Missouri,0.2407683905441228,0.038747087789846375,0.46200000000000013,0.42599999999999993,0,0,0,0,0,0,0.6666666666666666,0,96,Unified Democratic,Unified Republican,protective,restrictive
Michigan,Montana,0.16777582420981835,0.027249356828713746,0.5750000000000001,0.3695,0,0,0,0,0,0,0.3333333333333333,0,160,Unified Democratic,Unified Republican,protective,restrictive
Michigan,Nebraska,0.16532603523054284,0.034303713901189595,0.496,0.40900000000000003,0,0,0,0,0,0,1.0,0,32,Unified Democratic,Unified Republican,protective,restrictive
Michigan,Nevada,0.405766443277407,0.033524728125086646,0.42400000000000004,0.445,1,1,0,1,1,0,1.0,0,48,Unified Democratic,Unified Democratic,protective,protective
Michigan,New Jersey,0.19404164577095934,0.04667406360100405,0.332,0.491,1,1,0,1,1,0,1.0,0,48,Unified Democratic,Unified Democratic,protective,protective
Michigan,New Mexico,0.08566910493499336,0.03132052711193873,0.488,0.41300000000000003,1,1,0,1,1,0,1.0,0,32,Unified Democratic,Unified Democratic,protective,protective
Michigan,New York,0.10499621768598018,0.019252642742539294,0.0030000000000000027,0.6585000000000001,1,1,0,1,1,0,1.0,0,112,Unified Democratic,Unified Democratic,protective,protective
Michigan,North Carolina,0.265169685533886,0.0481385410754702,0.4760000000000001,0.419,0,0,0,0,0,0,1.0,0,48,Unified Democratic,Divided,protective,restrictive
Michigan,North Dakota,0.2176782733649063,0.029667364929827703,0.5720000000000001,0.371,0,0,0,0,0,0,0.3333333333333333,0,64,Unified Democratic,Unified Republican,protective,restrictive
Michigan,Ohio,0.05404350105358733,0.022186374888065196,0.36600000000000005,0.474,0,0,0,0,0,0,1.0,1,32,Unified Democratic,Unified Republican,protective,restrictive
Michigan,Oklahoma,0.10095361477017739,0.029672286591168724,0.488,0.41300000000000003,0,0,0,0,0,0,0.3333333333333333,0,16,Unified Democratic,Unified Republican,protective,restrictive
Michigan,Oregon,0.16457633252719256,0.048785191878475305,0.43100000000000005,0.4415,1,1,0,1,1,0,0.6666666666666666,0,16,Unified Democratic,Unified Democratic,protective,protective
Michigan,Pennsylvania,0.1004829114990849,0.024688616431660964,0.488,0.41300000000000003,0,0,0,0,0,0,1.0,0,16,Unified Democratic,Divided,protective,restrictive
Michigan,Rhode Island,0.08918988840461324,0.03384228005093135,0.45000000000000007,0.432,1,1,0,1,1,0,0.6666666666666666,0,16,Unified Democratic,Unified Democratic,protective,protective
Michigan,South Carolina,0.18775827361844313,0.025402234002437067,0.523,0.3955,0,0,0,0,0,0,0.3333333333333333,0,32,Unified Democratic,Unified Republican,protective,mixed
Michigan,South Dakota,0.03553329719189395,0.019505922220409724,0.5840000000000001,0.365,0,0,0,0,0,0,0.0,0,16,Unified Democratic,Unified Republican,protective,mixed
Michigan,Tennessee,0.07346038979265464,0.01808839476151718,0.505,0.4045,0,0,0,0,0,0,0.3333333333333333,0,64,Unified Democratic,Unified Republican,protective,restrictive
Michigan,Texas,0.08759161101497831,0.023967361299580197,0.516,0.399,0,0,0,0,0,0,1.0,0,112,Unified Democratic,Unified Republican,protective,restrictive
Michigan,Utah,0.2784893903201197,0.0315931996464819,0.499,0.40750000000000003,0,0,0,0,0,0,0.3333333333333333,0,112,Unified Democratic,Unified Republican,protective,restrictive
Michigan,Vermont,0.12338559832978771,0.04153235667199284,0.56,0.377,0,0,0,1,1,0,0.6666666666666666,0,16,Unified Democratic,Divided,protective,protective
Michigan,Virginia,0.260557791702956,0.04181883572324448,0.45300000000000007,0.4305,0,0,0,0,0,0,0.75,0,64,Unified Democratic,Divided,protective,restrictive
Michigan,Washington,0.11751987770444906,0.02752207554376193,0.402,0.456,1,1,0,1,1,0,1.0,0,80,Unified Democratic,Unified Democratic,protective,protective
Michigan,West Virginia,0.18621558822190348,0.030372021368829452,0.549,0.3825,0,0,0,0,0,0,0.0,0,64,Unified Democratic,Unified Republican,protective,restrictive
Michigan,Wisconsin,0.10210071241260216,0.031379882836132245,0.488,0.41300000000000003,0,0,0,0,0,0,1.0,1,16,Unified Democratic,Divided,protective,restrictive
Michigan,Wyoming,0.10446307891996114,0.030055488768888118,0.5860000000000001,0.364,0,0,0,0,0,0,0.3333333333333333,0,32,Unified Democratic,Unified Republican,protective,restrictive
Minnesota,Mississippi,0.1482756936479209,0.057835713211051944,0.06600000000000002,0.136,0,0,0,0,0,0,0.3333333333333333,0,12,Unified Democratic,Unified Republican,protective,restrictive
Minnesota,Missouri,0.25042944553340074,0.09705908421822344,0.025999999999999884,0.18199999999999994,0,0,0,0,0,0,0.6666666666666666,0,12,Unified Democratic,Unified Republican,protective,restrictive
Minnesota,Montana,0.16462642093885718,0.05368481319027594,0.08700000000000001,0.1255,0,0,0,0,0,0,0.3333333333333333,0,20,Unified Democratic,Unified Republican,protective,restrictive
Minnesota,Nebraska,0.11972260666608192,0.06940476722836537,0.008000000000000007,0.165,0,0,0,0,0,0,1.0,0,4,Unified Democratic,Unified Republican,protective,restrictive
Minnesota,Nevada,0.21970760850800122,0.06913881659228113,0.064,0.201,1,1,0,1,1,0,1.0,0,6,Unified Democratic,Unified Democratic,protective,protective
Minnesota,New Jersey,0.23748867186064662,0.14148437081736373,0.156,0.247,1,1,0,1,1,0,1.0,0,6,Unified Democratic,Unified Democratic,protective,protective
Minnesota,New Mexico,0.138598654976598,0.10801695876818095,0.0,0.169,1,1,0,1,1,0,1.0,0,4,Unified Democratic,Unified Democratic,protective,protective
Minnesota,New York,0.16078899084077783,0.06124775965807184,0.491,0.41450000000000004,1,1,0,1,1,0,1.0,0,14,Unified Democratic,Unified Democratic,protective,protective
Minnesota,North Carolina,0.19838589745061286,0.10542402399767792,0.0119999999999999,0.17499999999999996,0,0,0,0,0,0,1.0,0,6,Unified Democratic,Divided,protective,restrictive
Minnesota,North Dakota,0.11103869870078617,0.04243699058770461,0.084,0.127,0,0,0,0,0,0,0.3333333333333333,1,8,Unified Democratic,Unified Republican,protective,restrictive
Minnesota,Ohio,0.1558891107710967,0.06978654048176776,0.12199999999999997,0.22999999999999998,0,0,0,0,0,0,1.0,0,4,Unified Democratic,Unified Republican,protective,restrictive
Minnesota,Oklahoma,0.14126131182762,0.08705731583693471,0.0,0.169,0,0,0,0,0,0,0.3333333333333333,0,2,Unified Democratic,Unified Republican,protective,restrictive
Minnesota,Oregon,0.11123662568925899,0.09586537697339359,0.056999999999999995,0.1975,1,1,0,1,1,0,0.6666666666666666,0,2,Unified Democratic,Unified Democratic,protective,protective
Minnesota,Pennsylvania,0.14227244605064682,0.08120883019816695,0.0,0.169,0,0,0,0,0,0,1.0,0,2,Unified Democratic,Divided,protective,restrictive
Minnesota,Rhode Island,0.18301025227520015,0.12228975333525621,0.03799999999999998,0.188,1,1,0,1,1,0,0.6666666666666666,0,2,Unified Democratic,Unified Democratic,protective,protective
Minnesota,South Carolina,0.07882772539070858,0.031763711986320324,0.035,0.15150000000000002,0,0,0,0,0,0,0.3333333333333333,0,4,Unified Democratic,Unified Republican,protective,mixed
Minnesota,South Dakota,0.01911297607337974,0.016354292564990294,0.09600000000000002,0.121,0,0,0,0,0,0,0.0,1,2,Unified Democratic,Unified Republican,protective,mixed
Minnesota,Tennessee,0.06244575754888348,0.02747949559939111,0.017000000000000015,0.1605,0,0,0,0,0,0,0.3333333333333333,0,8,Unified Democratic,Unified Republican,protective,restrictive
Minnesota,Texas,0.14307161308876845,0.04889898024986809,0.028000000000000025,0.155,0,0,0,0,0,0,1.0,0,14,Unified Democratic,Unified Republican,protective,restrictive
Minnesota,Utah,0.13639643289528888,0.06003511638209691,0.01100000000000001,0.1635,0,0,0,0,0,0,0.3333333333333333,0,14,Unified Democratic,Unified Republican,protective,restrictive
Minnesota,Vermont,0.1694406948428188,0.1526817546239792,0.07200000000000001,0.133,0,0,0,1,1,0,0.6666666666666666,0,2,Unified Democratic,Divided,protective,protective
Minnesota,Virginia,0.25160682048046457,0.1084220404290417,0.034999999999999976,0.1865,0,0,0,0,0,0,0.75,0,8,Unified Democratic,Divided,protective,restrictive
Minnesota,Washington,0.121495843222712,0.06608011619659054,0.086,0.21200000000000002,1,1,0,1,1,0,1.0,0,10,Unified Democratic,Unified Democratic,protective,protective
Minnesota,West Virginia,0.1404382393783397,0.06289318562988035,0.06100000000000001,0.1385,0,0,0,0,0,0,0.0,0,8,Unified Democratic,Unified Republican,protective,restrictive
Minnesota,Wisconsin,0.12792629236981778,0.0848372083809747,0.0,0.169,0,0,0,0,0,0,1.0,1,2,Unified Democratic,Divided,protective,restrictive
Minnesota,Wyoming,0.06919931772600905,0.037996779542403075,0.09800000000000002,0.12,0,0,0,0,0,0,0.3333333333333333,0,4,Unified Democratic,Unified Republican,protective,restrictive
Mississippi,Missouri,0.1573321766074988,0.07858697397993472,0.0919999999999999,0.14899999999999994,1,0,1,1,0,1,0.5,0,36,Unified Republican,Unified Republican,restrictive,restrictive
Mississippi,Montana,0.08290365610851196,0.0337319131000667,0.02099999999999999,0.0925,1,0,1,1,0,1,0.0,0,60,Unified Republican,Unified Republican,restrictive,restrictive
Mississippi,Nebraska,0.16095481190650326,0.06459132671807723,0.05800000000000001,0.132,1,0,1,1,0,1,0.3333333333333333,0,12,Unified Republican,Unified Republican,restrictive,restrictive
Mississippi,Nevada,0.07466107362284954,0.028312593280530023,0.13,0.168,0,0,0,0,0,0,0.3333333333333333,0,18,Unified Republican,Unified Democratic,restrictive,protective
Mississippi,New Jersey,0.1832933598458564,0.07733887359142638,0.22200000000000003,0.214,0,0,0,0,0,0,0.3333333333333333,0,18,Unified Republican,Unified Democratic,restrictive,protective
Mississippi,New Mexico,0.0924524902924233,0.04749455034931224,0.06600000000000002,0.136,0,0,0,0,0,0,0.3333333333333333,0,12,Unified Republican,Unified Democratic,restrictive,protective
Mississippi,New York,0.08490847584289836,0.03394153745612926,0.557,0.3815,0,0,0,0,0,0,0.3333333333333333,0,42,Unified Republican,Unified Democratic,restrictive,protective
Mississippi,North Carolina,0.17517465437570046,0.09362047405877529,0.07799999999999992,0.14199999999999996,0,0,0,1,0,1,0.3333333333333333,0,18,Unified Republican,Divided,restrictive,restrictive
Mississippi,North Dakota,0.1136055347897652,0.0376885027819761,0.017999999999999988,0.094,1,0,1,1,0,1,1.0,0,24,Unified Republican,Unified Republican,restrictive,restrictive
Mississippi,Ohio,0.08503508999926841,0.038313928035203705,0.188,0.19699999999999998,1,0,1,1,0,1,0.3333333333333333,0,12,Unified Republican,Unified Republican,restrictive,restrictive
Mississippi,Oklahoma,0.07411513419446066,0.04783801041529966,0.06600000000000002,0.136,1,0,1,1,0,1,1.0,0,6,Unified Republican,Unified Republican,restrictive,restrictive
Mississippi,Oregon,0.12097292238076407,0.06367619711240761,0.12300000000000001,0.1645,0,0,0,0,0,0,0.0,0,6,Unified Republican,Unified Democratic,restrictive,protective
Mississippi,Pennsylvania,0.08558683562593711,0.05437614874436858,0.06600000000000002,0.136,0,0,0,1,0,1,0.3333333333333333,0,6,Unified Republican,Divided,restrictive,restrictive
Mississippi,Rhode Island,0.08962890554388815,0.06077795093528368,0.104,0.155,0,0,0,0,0,0,0.0,0,6,Unified Republican,Unified Democratic,restrictive,protective
Mississippi,South Carolina,0.07790741817298179,0.030207714304012156,0.031000000000000014,0.1185,1,0,1,0,0,0,0.0,0,12,Unified Republican,Unified Republican,restrictive,mixed
Mississippi,South Dakota,0.017761877126724737,0.010049573836254279,0.03,0.088,1,0,1,0,0,0,0.0,0,6,Unified Republican,Unified Republican,restrictive,mixed
Mississippi,Tennessee,0.045973750998514744,0.022270701897969914,0.049,0.1275,1,0,1,1,0,1,1.0,1,24,Unified Republican,Unified Republican,restrictive,restrictive
Mississippi,Texas,0.1383125431447679,0.03919261053767654,0.03799999999999999,0.122,1,0,1,1,0,1,0.3333333333333333,0,42,Unified Republican,Unified Republican,restrictive,restrictive
Mississippi,Utah,0.11175533737825055,0.0485197107779686,0.05500000000000001,0.1305,1,0,1,1,0,1,1.0,0,42,Unified Republican,Unified Republican,restrictive,restrictive
Mississippi,Vermont,0.11242917605406921,0.06425799201856132,0.0059999999999999915,0.1,0,0,0,0,0,0,0.0,0,6,Unified Republican,Divided,restrictive,protective
Mississippi,Virginia,0.20421044539330416,0.0775861522477342,0.10099999999999999,0.1535,0,0,0,1,0,1,0.25,0,24,Unified Republican,Divided,restrictive,restrictive
Mississippi,Washington,0.0606993922370469,0.034179291694760014,0.15200000000000002,0.179,0,0,0,0,0,0,0.3333333333333333,0,30,Unified Republican,Unified Democratic,restrictive,protective
Mississippi,West Virginia,0.09717662904610967,0.046545668702786175,0.0050000000000000044,0.1055,1,0,1,1,0,1,0.0,0,24,Unified Republican,Unified Republican,restrictive,restrictive
Mississippi,Wisconsin,0.09019924507862645,0.05500768191640195,0.06600000000000002,0.136,0,0,0,1,0,1,0.3333333333333333,0,6,Unified Republican,Divided,restrictive,restrictive
Mississippi,Wyoming,0.0624460732257316,0.034117288043029256,0.032,0.087,1,0,1,1,0,1,1.0,0,12,Unified Republican,Unified Republican,restrictive,restrictive
Missouri,Montana,0.21734557291961526,0.07359321055595473,0.11299999999999989,0.13849999999999996,1,0,1,1,0,1,0.0,0,60,Unified Republican,Unified Republican,restrictive,restrictive
Missouri,Nebraska,0.23414811585818085,0.11015377591516186,0.03399999999999989,0.17799999999999994,1,0,1,1,0,1,0.6666666666666666,1,12,Unified Republican,Unified Republican,restrictive,restrictive
Missouri,Nevada,0.21583935400769239,0.07272146667088246,0.03800000000000012,0.21399999999999997,0,0,0,0,0,0,0.6666666666666666,0,18,Unified Republican,Unified Democratic,restrictive,protective
Missouri,New Jersey,0.23616228180469714,0.13357623500979418,0.13000000000000012,0.25999999999999995,0,0,0,0,0,0,0.6666666666666666,0,18,Unified Republican,Unified Democratic,restrictive,protective
Missouri,New Mexico,0.0984008749844333,0.06703786385319921,0.025999999999999884,0.18199999999999994,0,0,0,0,0,0,0.6666666666666666,0,12,Unified Republican,Unified Democratic,restrictive,protective
Missouri,New York,0.18930161213907387,0.05286677924035884,0.46500000000000014,0.4275,0,0,0,0,0,0,0.6666666666666666,0,42,Unified Republican,Unified Democratic,restrictive,protective
Missouri,North Carolina,0.26163532044442606,0.1562031004033671,0.013999999999999985,0.1879999999999999,0,0,0,1,0,1,0.6666666666666666,0,18,Unified Republican,Divided,restrictive,restrictive
Missouri,North Dakota,0.1708033881336047,0.058202826088449455,0.10999999999999989,0.13999999999999996,1,0,1,1,0,1,0.5,0,24,Unified Republican,Unified Republican,restrictive,restrictive
Missouri,Ohio,0.13937219375227305,0.06032100366050439,0.09600000000000009,0.24299999999999994,1,0,1,1,0,1,0.6666666666666666,0,12,Unified Republican,Unified Republican,restrictive,restrictive
Missouri,Oklahoma,0.15243593471453865,0.08130984552582655,0.025999999999999884,0.18199999999999994,1,0,1,1,0,1,0.5,1,6,Unified Republican,Unified Republican,restrictive,restrictive
Missouri,Oregon,0.16636904596816368,0.12373197855969048,0.03100000000000011,0.21049999999999996,0,0,0,0,0,0,0.3333333333333333,0,6,Unified Republican,Unified Democratic,restrictive,protective
Missouri,Pennsylvania,0.21647355994458026,0.09898720660346945,0.025999999999999884,0.18199999999999994,0,0,0,1,0,1,0.6666666666666666,0,6,Unified Republican,Divided,restrictive,restrictive
Missouri,Rhode Island,0.16852513862657278,0.0996508386798446,0.012000000000000094,0.20099999999999996,0,0,0,0,0,0,0.3333333333333333,0,6,Unified Republican,Unified Democratic,restrictive,protective
Missouri,South Carolina,0.129869193225493,0.043626511681748276,0.06099999999999989,0.16449999999999995,1,0,1,0,0,0,0.0,0,12,Unified Republican,Unified Republican,restrictive,mixed
Missouri,South Dakota,0.023622271036883063,0.016389173930704427,0.1219999999999999,0.13399999999999995,1,0,1,0,0,0,0.0,0,6,Unified Republican,Unified Republican,restrictive,mixed
Missouri,Tennessee,0.053085126270230966,0.02617933143911109,0.0429999999999999,0.17349999999999993,1,0,1,1,0,1,0.5,1,24,Unified Republican,Unified Republican,restrictive,restrictive
Missouri,Texas,0.19666549285239443,0.05561376867779531,0.05399999999999991,0.16799999999999993,1,0,1,1,0,1,0.6666666666666666,0,42,Unified Republican,Unified Republican,restrictive,restrictive
Missouri,Utah,0.2573750525229268,0.08576056413880494,0.036999999999999894,0.17649999999999993,1,0,1,1,0,1,0.5,0,42,Unified Republican,Unified Republican,restrictive,restrictive
Missouri,Vermont,0.16857512113087253,0.11386055933957288,0.09799999999999989,0.14599999999999996,0,0,0,0,0,0,0.3333333333333333,0,6,Unified Republican,Divided,restrictive,protective
Missouri,Virginia,0.47130744098285127,0.1478585144849393,0.009000000000000091,0.19949999999999996,0,0,0,1,0,1,0.5,0,24,Unified Republican,Divided,restrictive,restrictive
Missouri,Washington,0.14807407244454382,0.05485782217228303,0.06000000000000011,0.22499999999999995,0,0,0,0,0,0,0.6666666666666666,0,30,Unified Republican,Unified Democratic,restrictive,protective
Missouri,West Virginia,0.15821067530233346,0.07375918742015118,0.0869999999999999,0.15149999999999994,1,0,1,1,0,1,0.0,0,24,Unified Republican,Unified Republican,restrictive,restrictive
Missouri,Wisconsin,0.43599917421642476,0.16416019182924424,0.025999999999999884,0.18199999999999994,0,0,0,1,0,1,0.6666666666666666,0,6,Unified Republican,Divided,restrictive,restrictive
Missouri,Wyoming,0.09707013814216095,0.052872839643752084,0.1239999999999999,0.13299999999999995,1,0,1,1,0,1,0.5,0,12,Unified Republican,Unified Republican,restrictive,restrictive
Montana,Nebraska,0.10961055364039576,0.05404265515091984,0.079,0.1215,1,0,1,1,0,1,0.3333333333333333,0,20,Unified Republican,Unified Republican,restrictive,restrictive
Montana,Nevada,0.09324225724134291,0.041857918897474894,0.15100000000000002,0.1575,0,0,0,0,0,0,0.3333333333333333,0,30,Unified Republican,Unified Democratic,restrictive,protective
Montana,New Jersey,0.1391590556376903,0.05916567124270322,0.243,0.20350000000000001,0,0,0,0,0,0,0.3333333333333333,0,30,Unified Republican,Unified Democratic,restrictive,protective
Montana,New Mexico,0.117323462036029,0.047710251528136585,0.08700000000000001,0.1255,0,0,0,0,0,0,0.3333333333333333,0,20,Unified Republican,Unified Democratic,restrictive,protective
Montana,New York,0.07513249114238942,0.023751131043315197,0.5780000000000001,0.371,0,0,0,0,0,0,0.3333333333333333,0,70,Unified Republican,Unified Democratic,restrictive,protective
Montana,North Carolina,0.21502356051422528,0.08461520810712496,0.09899999999999991,0.13149999999999995,0,0,0,1,0,1,0.3333333333333333,0,30,Unified Republican,Divided,restrictive,restrictive
Montana,North Dakota,0.19983198394142046,0.051573570511072586,0.0030000000000000027,0.0835,1,0,1,1,0,1,0.0,1,40,Unified Republican,Unified Republican,restrictive,restrictive
Montana,Ohio,0.07229920050950872,0.02861492176989001,0.20899999999999996,0.1865,1,0,1,1,0,1,0.3333333333333333,0,20,Unified Republican,Unified Republican,restrictive,restrictive
Montana,Oklahoma,0.22494228317527792,0.06758867192790483,0.08700000000000001,0.1255,1,0,1,1,0,1,0.0,0,10,Unified Republican,Unified Republican,restrictive,restrictive
Montana,Oregon,0.1394975517260168,0.07946149868814181,0.14400000000000002,0.154,0,0,0,0,0,0,0.5,0,10,Unified Republican,Unified Democratic,restrictive,protective
Montana,Pennsylvania,0.07362616775766609,0.031334131513417914,0.08700000000000001,0.1255,0,0,0,1,0,1,0.3333333333333333,0,10,Unified Republican,Divided,restrictive,restrictive
Montana,Rhode Island,0.09974400052328829,0.05512681148360247,0.12499999999999999,0.1445,0,0,0,0,0,0,0.5,0,10,Unified Republican,Unified Democratic,restrictive,protective
Montana,South Carolina,0.20399624108804013,0.0458197998845341,0.052000000000000005,0.10800000000000001,1,0,1,0,0,0,1.0,0,20,Unified Republican,Unified Republican,restrictive,mixed
Montana,South Dakota,0.026009379919899583,0.01754911566167181,0.009000000000000008,0.0775,1,0,1,0,0,0,0.0,1,10,Unified Republican,Unified Republican,restrictive,mixed
Montana,Tennessee,0.06833766562753466,0.025125969530342646,0.06999999999999999,0.11699999999999999,1,0,1,1,0,1,0.0,0,40,Unified Republican,Unified Republican,restrictive,restrictive
Montana,Texas,0.07172469057315271,0.025900730073680003,0.05899999999999998,0.11149999999999999,1,0,1,1,0,1,0.3333333333333333,0,70,Unified Republican,Unified Republican,restrictive,restrictive
Montana,Utah,0.2213028108493591,0.05443558480757126,0.076,0.12,1,0,1,1,0,1,0.0,0,70,Unified Republican,Unified Republican,restrictive,restrictive
Montana,Vermont,0.1972531163793363,0.08704406934920987,0.015,0.0895,0,0,0,0,0,0,0.5,0,10,Unified Republican,Divided,restrictive,protective
Montana,Virginia,0.22885111255174864,0.07475020002482045,0.12199999999999998,0.143,0,0,0,1,0,1,0.25,0,40,Unified Republican,Divided,restrictive,restrictive
Montana,Washington,0.11362659568938567,0.04058166825285245,0.173,0.1685,0,0,0,0,0,0,0.3333333333333333,0,50,Unified Republican,Unified Democratic,restrictive,protective
Montana,West Virginia,0.09792449586845611,0.0473215330960862,0.025999999999999995,0.095,1,0,1,1,0,1,0.0,0,40,Unified Republican,Unified Republican,restrictive,restrictive
Montana,Wisconsin,0.07193946906228116,0.0412025165270234,0.08700000000000001,0.1255,0,0,0,1,0,1,0.3333333333333333,0,10,Unified Republican,Divided,restrictive,restrictive
Montana,Wyoming,0.1578474836635901,0.057572413539511515,0.01100000000000001,0.0765,1,0,1,1,0,1,0.0,1,20,Unified Republican,Unified Republican,restrictive,restrictive
Nebraska,Nevada,0.08200094450154567,0.04476124580017563,0.07200000000000001,0.197,0,0,0,0,0,0,1.0,0,6,Unified Republican,Unified Democratic,restrictive,protective
Nebraska,New Jersey,0.14642768654245847,0.08639089195041445,0.164,0.243,0,0,0,0,0,0,1.0,0,6,Unified Republican,Unified Democratic,restrictive,protective
Nebraska,New Mexico,0.09972972425563541,0.06694382022338963,0.008000000000000007,0.165,0,0,0,0,0,0,1.0,0,4,Unified Republican,Unified Democratic,restrictive,protective
Nebraska,New York,0.2906893690017262,0.05321788064373689,0.499,0.41050000000000003,0,0,0,0,0,0,1.0,0,14,Unified Republican,Unified Democratic,restrictive,protective
Nebraska,North Carolina,0.26719877523561464,0.13602508854962905,0.019999999999999907,0.17099999999999996,0,0,0,1,0,1,1.0,0,6,Unified Republican,Divided,restrictive,restrictive
Nebraska,North Dakota,0.1590247270982641,0.05532654238549625,0.076,0.123,1,0,1,1,0,1,0.3333333333333333,0,8,Unified Republican,Unified Republican,restrictive,restrictive
Nebraska,Ohio,0.08496415097741632,0.04493085687462517,0.12999999999999998,0.22599999999999998,1,0,1,1,0,1,1.0,0,4,Unified Republican,Unified Republican,restrictive,restrictive
Nebraska,Oklahoma,0.06163500972047659,0.053748264829400295,0.008000000000000007,0.165,1,0,1,1,0,1,0.3333333333333333,0,2,Unified Republican,Unified Republican,restrictive,restrictive
Nebraska,Oregon,0.11761354424859126,0.08794426644986138,0.065,0.1935,0,0,0,0,0,0,0.6666666666666666,0,2,Unified Republican,Unified Democratic,restrictive,protective
Nebraska,Pennsylvania,0.3199060967619936,0.17614694263522876,0.008000000000000007,0.165,0,0,0,1,0,1,1.0,0,2,Unified Republican,Divided,restrictive,restrictive
Nebraska,Rhode Island,0.07978231474194472,0.06931523492080273,0.045999999999999985,0.184,0,0,0,0,0,0,0.6666666666666666,0,2,Unified Republican,Unified Democratic,restrictive,protective
Nebraska,South Carolina,0.15894815550826888,0.049194044450645714,0.026999999999999996,0.14750000000000002,1,0,1,0,0,0,0.3333333333333333,0,4,Unified Republican,Unified Republican,restrictive,mixed
Nebraska,South Dakota,0.023911771853227144,0.01451052955970542,0.08800000000000001,0.11699999999999999,1,0,1,0,0,0,0.0,1,2,Unified Republican,Unified Republican,restrictive,mixed
Nebraska,Tennessee,0.05517549253915286,0.026813758228568033,0.009000000000000008,0.1565,1,0,1,1,0,1,0.3333333333333333,0,8,Unified Republican,Unified Republican,restrictive,restrictive
Nebraska,Texas,0.18465708945420856,0.05313656738273232,0.020000000000000018,0.151,1,0,1,1,0,1,1.0,0,14,Unified Republican,Unified Republican,restrictive,restrictive
Nebraska,Utah,0.15419593560043,0.06033652968574277,0.0030000000000000027,0.1595,1,0,1,1,0,1,0.3333333333333333,0,14,Unified Republican,Unified Republican,restrictive,restrictive
Nebraska,Vermont,0.11450808696659348,0.09011356028682936,0.064,0.129,0,0,0,0,0,0,0.6666666666666666,0,2,Unified Republican,Divided,restrictive,protective
Nebraska,Virginia,0.15355363539973133,0.0852176510534943,0.04299999999999998,0.1825,0,0,0,1,0,1,0.75,0,8,Unified Republican,Divided,restrictive,restrictive
Nebraska,Washington,0.2501254925400237,0.061729486365190656,0.094,0.20800000000000002,0,0,0,0,0,0,1.0,0,10,Unified Republican,Unified Democratic,restrictive,protective
Nebraska,West Virginia,0.09470547910761014,0.05812822844621448,0.053000000000000005,0.1345,1,0,1,1,0,1,0.0,0,8,Unified Republican,Unified Republican,restrictive,restrictive
Nebraska,Wisconsin,0.08506842339629067,0.06764916186350346,0.008000000000000007,0.165,0,0,0,1,0,1,1.0,0,2,Unified Republican,Divided,restrictive,restrictive
Nebraska,Wyoming,0.09700489453684719,0.05416423864221728,0.09000000000000001,0.11599999999999999,1,0,1,1,0,1,0.3333333333333333,1,4,Unified Republican,Unified Republican,restrictive,restrictive
Nevada,New Jersey,0.11269412885911632,0.07306470004769641,0.092,0.279,1,1,0,1,1,0,1.0,0,9,Unified Democratic,Unified Democratic,protective,protective
Nevada,New Mexico,0.10725478650881765,0.06351905456855654,0.064,0.201,1,1,0,1,1,0,1.0,0,6,Unified Democratic,Unified Democratic,protective,protective
Nevada,New York,0.06983241700870818,0.025345601698406134,0.42700000000000005,0.4465,1,1,0,1,1,0,1.0,0,21,Unified Democratic,Unified Democratic,protective,protective
Nevada,North Carolina,0.10941189958823608,0.05748723982132775,0.0520000000000001,0.20699999999999996,0,0,0,0,0,0,1.0,0,9,Unified Democratic,Divided,protective,restrictive
Nevada,North Dakota,0.09349410428653063,0.031155987118823572,0.14800000000000002,0.159,0,0,0,0,0,0,0.3333333333333333,0,12,Unified Democratic,Unified Republican,protective,restrictive
Nevada,Ohio,0.06906948128435732,0.02858251685892794,0.05799999999999997,0.262,0,0,0,0,0,0,1.0,0,6,Unified Democratic,Unified Republican,protective,restrictive
Nevada,Oklahoma,0.04438235082821074,0.03958482166007725,0.064,0.201,0,0,0,0,0,0,0.3333333333333333,0,3,Unified Democratic,Unified Republican,protective,restrictive
Nevada,Oregon,0.11091068068954026,0.08582252023179743,0.007000000000000006,0.2295,1,1,0,1,1,0,0.6666666666666666,1,3,Unified Democratic,Unified Democratic,protective,protective
Nevada,Pennsylvania,0.022009024672086788,0.014876763753226713,0.064,0.201,0,0,0,0,0,0,1.0,0,3,Unified Democratic,Divided,protective,restrictive
Nevada,Rhode Island,0.049931429485716175,0.040709720377080545,0.026000000000000023,0.22,1,1,0,1,1,0,0.6666666666666666,0,3,Unified Democratic,Unified Democratic,protective,protective
Nevada,South Carolina,0.07583078579867622,0.031743139992761855,0.099,0.1835,0,0,0,0,0,0,0.3333333333333333,0,6,Unified Democratic,Unified Republican,protective,mixed
Nevada,South Dakota,0.008672974602864512,0.006853933818337273,0.16000000000000003,0.153,0,0,0,0,0,0,0.0,0,3,Unified Democratic,Unified Republican,protective,mixed
Nevada,Tennessee,0.029773755426102774,0.01438170158539561,0.08100000000000002,0.1925,0,0,0,0,0,0,0.3333333333333333,0,12,Unified Democratic,Unified Republican,protective,restrictive
Nevada,Texas,0.04551335931152732,0.022432720929401406,0.09200000000000003,0.187,0,0,0,0,0,0,1.0,0,21,Unified Democratic,Unified Republican,protective,restrictive
Nevada,Utah,0.16774623062430838,0.040952349652440025,0.07500000000000001,0.1955,0,0,0,0,0,0,0.3333333333333333,1,21,Unified Democratic,Unified Republican,protective,restrictive
Nevada,Vermont,0.10675272017852856,0.07892431707341112,0.136,0.165,0,0,0,1,1,0,0.6666666666666666,0,3,Unified Democratic,Divided,protective,protective
Nevada,Virginia,0.207438222968913,0.062008195324434946,0.029000000000000026,0.2185,0,0,0,0,0,0,0.75,0,12,Unified Democratic,Divided,protective,restrictive
Nevada,Washington,0.8067490047760815,0.07898280073140414,0.021999999999999992,0.244,1,1,0,1,1,0,1.0,0,15,Unified Democratic,Unified Democratic,protective,protective
Nevada,West Virginia,0.06800165502250916,0.03187326745831485,0.125,0.1705,0,0,0,0,0,0,0.0,0,12,Unified Democratic,Unified Republican,protective,restrictive
Nevada,Wisconsin,0.08976397820150638,0.0558597336987755,0.064,0.201,0,0,0,0,0,0,1.0,0,3,Unified Democratic,Divided,protective,restrictive
Nevada,Wyoming,0.05228974971057789,0.030835114693743098,0.16200000000000003,0.152,0,0,0,0,0,0,0.3333333333333333,0,6,Unified Democratic,Unified Republican,protective,restrictive
New Jersey,New Mexico,0.14802384979093833,0.11179304769757321,0.156,0.247,1,1,0,1,1,0,1.0,0,6,Unified Democratic,Unified Democratic,protective,protective
New Jersey,New York,0.17772312969152196,0.0675480299283503,0.335,0.49250000000000005,1,1,0,1,1,0,1.0,1,21,Unified Democratic,Unified Democratic,protective,protective
New Jersey,North Carolina,0.24764288537103776,0.1345165577167235,0.1440000000000001,0.25299999999999995,0,0,0,0,0,0,1.0,0,9,Unified Democratic,Divided,protective,restrictive
New Jersey,North Dakota,0.23829138139691142,0.07478144333272378,0.24,0.20500000000000002,0,0,0,0,0,0,0.3333333333333333,0,12,Unified Democratic,Unified Republican,protective,restrictive
New Jersey,Ohio,0.11799343899436726,0.06583260727978801,0.03400000000000003,0.308,0,0,0,0,0,0,1.0,0,6,Unified Democratic,Unified Republican,protective,restrictive
New Jersey,Oklahoma,0.0858049501437724,0.0749984688071821,0.156,0.247,0,0,0,0,0,0,0.3333333333333333,0,3,Unified Democratic,Unified Republican,protective,restrictive
New Jersey,Oregon,0.16219775575970047,0.13725114485762394,0.099,0.2755,1,1,0,1,1,0,0.6666666666666666,0,3,Unified Democratic,Unified Democratic,protective,protective
New Jersey,Pennsylvania,0.1035562787835496,0.08297526488315744,0.156,0.247,0,0,0,0,0,0,1.0,1,3,Unified Democratic,Divided,protective,restrictive
New Jersey,Rhode Island,0.1413969069840065,0.12641163037922795,0.11800000000000002,0.266,1,1,0,1,1,0,0.6666666666666666,0,3,Unified Democratic,Unified Democratic,protective,protective
New Jersey,South Carolina,0.1255470445404149,0.054339229217153125,0.191,0.2295,0,0,0,0,0,0,0.3333333333333333,0,6,Unified Democratic,Unified Republican,protective,mixed
New Jersey,South Dakota,0.018180924364191567,0.017137824426484077,0.252,0.199,0,0,0,0,0,0,0.0,0,3,Unified Democratic,Unified Republican,protective,mixed
New Jersey,Tennessee,0.1086009328132904,0.03726631920737606,0.17300000000000001,0.2385,0,0,0,0,0,0,0.3333333333333333,0,12,Unified Democratic,Unified Republican,protective,restrictive
New Jersey,Texas,0.12728457860169298,0.05514967920572692,0.18400000000000002,0.23299999999999998,0,0,0,0,0,0,1.0,0,21,Unified Democratic,Unified Republican,protective,restrictive
New Jersey,Utah,0.1954643930490532,0.08071984820125247,0.167,0.2415,0,0,0,0,0,0,0.3333333333333333,0,21,Unified Democratic,Unified Republican,protective,restrictive
New Jersey,Vermont,0.1994878825619359,0.16188686703873786,0.228,0.21100000000000002,0,0,0,1,1,0,0.6666666666666666,0,3,Unified Democratic,Divided,protective,protective
New Jersey,Virginia,0.27818424859641866,0.12026708491071346,0.12100000000000002,0.2645,0,0,0,0,0,0,0.75,0,12,Unified Democratic,Divided,protective,restrictive
New Jersey,Washington,0.11025526724889544,0.07066419002557793,0.07,0.29000000000000004,1,1,0,1,1,0,1.0,0,15,Unified Democratic,Unified Democratic,protective,protective
New Jersey,West Virginia,0.18956387709790648,0.0840771849043072,0.21700000000000003,0.2165,0,0,0,0,0,0,0.0,0,12,Unified Democratic,Unified Republican,protective,restrictive
New Jersey,Wisconsin,0.12824566562014036,0.09798938391324945,0.156,0.247,0,0,0,0,0,0,1.0,0,3,Unified Democratic,Divided,protective,restrictive
New Jersey,Wyoming,0.12542463757795946,0.06802948567048918,0.254,0.198,0,0,0,0,0,0,0.3333333333333333,0,6,Unified Democratic,Unified Republican,protective,restrictive
New Mexico,New York,0.20883692886282346,0.053976022847274964,0.491,0.41450000000000004,1,1,0,1,1,0,1.0,0,14,Unified Democratic,Unified Democratic,protective,protective
New Mexico,North Carolina,0.10009789683666367,0.07028373787008972,0.0119999999999999,0.17499999999999996,0,0,0,0,0,0,1.0,0,6,Unified Democratic,Divided,protective,restrictive
New Mexico,North Dakota,0.053712910336092524,0.032897105540445316,0.084,0.127,0,0,0,0,0,0,0.3333333333333333,0,8,Unified Democratic,Unified Republican,protective,restrictive
New Mexico,Ohio,0.04565257076597011,0.03268604471320189,0.12199999999999997,0.22999999999999998,0,0,0,0,0,0,1.0,0,4,Unified Democratic,Unified Republican,protective,restrictive
New Mexico,Oklahoma,0.05627825354768738,0.05474747824359895,0.0,0.169,0,0,0,0,0,0,0.3333333333333333,1,2,Unified Democratic,Unified Republican,protective,restrictive
New Mexico,Oregon,0.21611746223555167,0.1988629096648269,0.056999999999999995,0.1975,1,1,0,1,1,0,0.6666666666666666,0,2,Unified Democratic,Unified Democratic,protective,protective
New Mexico,Pennsylvania,0.056907803050487094,0.053013565252816586,0.0,0.169,0,0,0,0,0,0,1.0,0,2,Unified Democratic,Divided,protective,restrictive
New Mexico,Rhode Island,0.06716120396253156,0.06601760009267867,0.03799999999999998,0.188,1,1,0,1,1,0,0.6666666666666666,0,2,Unified Democratic,Unified Democratic,protective,protective
New Mexico,South Carolina,0.0432734275279991,0.02857258347174389,0.035,0.15150000000000002,0,0,0,0,0,0,0.3333333333333333,0,4,Unified Democratic,Unified Republican,protective,mixed
New Mexico,South Dakota,0.01214372149761267,0.011994851784964275,0.09600000000000002,0.121,0,0,0,0,0,0,0.0,0,2,Unified Democratic,Unified Republican,protective,mixed
New Mexico,Tennessee,0.033968002722751404,0.019514176346659855,0.017000000000000015,0.1605,0,0,0,0,0,0,0.3333333333333333,0,8,Unified Democratic,Unified Republican,protective,restrictive
New Mexico,Texas,0.04988613082367459,0.03287150392762689,0.028000000000000025,0.155,0,0,0,0,0,0,1.0,1,14,Unified Democratic,Unified Republican,protective,restrictive
New Mexico,Utah,0.06852155402234034,0.03785984794873059,0.01100000000000001,0.1635,0,0,0,0,0,0,0.3333333333333333,1,14,Unified Democratic,Unified Republican,protective,restrictive
New Mexico,Vermont,0.4516060354244658,0.412171836969482,0.07200000000000001,0.133,0,0,0,1,1,0,0.6666666666666666,0,2,Unified Democratic,Divided,protective,protective
New Mexico,Virginia,0.1002943677892256,0.06211834482603767,0.034999999999999976,0.1865,0,0,0,0,0,0,0.75,0,8,Unified Democratic,Divided,protective,restrictive
New Mexico,Washington,0.08594615608566797,0.04961780746794541,0.086,0.21200000000000002,1,1,0,1,1,0,1.0,0,10,Unified Democratic,Unified Democratic,protective,protective
New Mexico,West Virginia,0.0671912333416556,0.03888338282883278,0.06100000000000001,0.1385,0,0,0,0,0,0,0.0,0,8,Unified Democratic,Unified Republican,protective,restrictive
New Mexico,Wisconsin,0.07303659319730395,0.060255673649237174,0.0,0.169,0,0,0,0,0,0,1.0,0,2,Unified Democratic,Divided,protective,restrictive
New Mexico,Wyoming,0.0463914475975978,0.03286965443686702,0.09800000000000002,0.12,0,0,0,0,0,0,0.3333333333333333,0,4,Unified Democratic,Unified Republican,protective,restrictive
New York,North Carolina,0.28065902416069033,0.07087376750417328,0.4790000000000001,0.4205,0,0,0,0,0,0,1.0,0,21,Unified Democratic,Divided,protective,restrictive
New York,North Dakota,0.0703503547249551,0.0241425238626999,0.5750000000000001,0.3725,0,0,0,0,0,0,0.3333333333333333,0,28,Unified Democratic,Unified Republican,protective,restrictive
New York,Ohio,0.06806211715922238,0.0355309503706831,0.36900000000000005,0.47550000000000003,0,0,0,0,0,0,1.0,0,14,Unified Democratic,Unified Republican,protective,restrictive
New York,Oklahoma,0.053496534462083516,0.02928137185233748,0.491,0.41450000000000004,0,0,0,0,0,0,0.3333333333333333,0,7,Unified Democratic,Unified Republican,protective,restrictive
New York,Oregon,0.10065984053519883,0.04522344207288488,0.43400000000000005,0.443,1,1,0,1,1,0,0.6666666666666666,0,7,Unified Democratic,Unified Democratic,protective,protective
New York,Pennsylvania,0.34500366564063506,0.07632989353928213,0.491,0.41450000000000004,0,0,0,0,0,0,1.0,1,7,Unified Democratic,Divided,protective,restrictive
New York,Rhode Island,0.09231053711796482,0.05240556969045159,0.45300000000000007,0.4335,1,1,0,1,1,0,0.6666666666666666,0,7,Unified Democratic,Unified Democratic,protective,protective
New York,South Carolina,0.07325524558700507,0.028643113689237838,0.526,0.397,0,0,0,0,0,0,0.3333333333333333,0,14,Unified Democratic,Unified Republican,protective,mixed
New York,South Dakota,0.014798059956537976,0.011275288575913789,0.5870000000000001,0.3665,0,0,0,0,0,0,0.0,0,7,Unified Democratic,Unified Republican,protective,mixed
New York,Tennessee,0.04014359436363851,0.018799664986901752,0.508,0.406,0,0,0,0,0,0,0.3333333333333333,0,28,Unified Democratic,Unified Republican,protective,restrictive
New York,Texas,0.15085033391767114,0.03005395712180916,0.519,0.4005,0,0,0,0,0,0,1.0,0,49,Unified Democratic,Unified Republican,protective,restrictive
New York,Utah,0.08801810848185743,0.03246403561496379,0.502,0.40900000000000003,0,0,0,0,0,0,0.3333333333333333,0,49,Unified Democratic,Unified Republican,protective,restrictive
New York,Vermont,0.2855099177296787,0.07872665581157448,0.5630000000000001,0.3785,0,0,0,1,1,0,0.6666666666666666,1,7,Unified Democratic,Divided,protective,protective
New York,Virginia,0.13294530059914175,0.04588647399793476,0.45600000000000007,0.432,0,0,0,0,0,0,0.75,0,28,Unified Democratic,Divided,protective,restrictive
New York,Washington,0.21353079071930545,0.033919765631448905,0.405,0.4575,1,1,0,1,1,0,1.0,0,35,Unified Democratic,Unified Democratic,protective,protective
New York,West Virginia,0.06859570729149668,0.03019644604899716,0.552,0.384,0,0,0,0,0,0,0.0,0,28,Unified Democratic,Unified Republican,protective,restrictive
New York,Wisconsin,0.07940542584702073,0.04245157498435744,0.491,0.41450000000000004,0,0,0,0,0,0,1.0,0,7,Unified Democratic,Divided,protective,restrictive
New York,Wyoming,0.053932924151056195,0.02758710862496925,0.5890000000000001,0.3655,0,0,0,0,0,0,0.3333333333333333,0,14,Unified Democratic,Unified Republican,protective,restrictive
North Carolina,North Dakota,0.3345083071169267,0.10303707366555974,0.0959999999999999,0.13299999999999995,0,0,0,1,0,1,0.3333333333333333,0,12,Divided,Unified Republican,restrictive,restrictive
North Carolina,Ohio,0.09985874566781296,0.06270015377111604,0.11000000000000007,0.23599999999999993,0,0,0,1,0,1,1.0,0,6,Divided,Unified Republican,restrictive,restrictive
North Carolina,Oklahoma,0.1230513768277391,0.10354424830616209,0.0119999999999999,0.17499999999999996,0,0,0,1,0,1,0.3333333333333333,0,3,Divided,Unified Republican,restrictive,restrictive
North Carolina,Oregon,0.14256300322806723,0.11825002926144583,0.045000000000000095,0.20349999999999996,0,0,0,0,0,0,0.6666666666666666,0,3,Divided,Unified Democratic,restrictive,protective
North Carolina,Pennsylvania,0.2711321997756623,0.15057438875315066,0.0119999999999999,0.17499999999999996,1,0,0,1,0,1,1.0,0,3,Divided,Divided,restrictive,restrictive
North Carolina,Rhode Island,0.13093019516397453,0.11236366930342655,0.02600000000000008,0.19399999999999995,0,0,0,0,0,0,0.6666666666666666,0,3,Divided,Unified Democratic,restrictive,protective
North Carolina,South Carolina,0.27094119599952504,0.10908707115257045,0.0469999999999999,0.15749999999999997,0,0,0,0,0,0,0.3333333333333333,1,6,Divided,Unified Republican,restrictive,mixed
North Carolina,South Dakota,0.01551092736027947,0.014027528563682952,0.10799999999999992,0.12699999999999995,0,0,0,0,0,0,0.0,0,3,Divided,Unified Republican,restrictive,mixed
North Carolina,Tennessee,0.10649165968448865,0.04170508357021793,0.028999999999999915,0.16649999999999995,0,0,0,1,0,1,0.3333333333333333,1,12,Divided,Unified Republican,restrictive,restrictive
North Carolina,Texas,0.18141800034835553,0.06658228254908946,0.039999999999999925,0.16099999999999995,0,0,0,1,0,1,1.0,0,21,Divided,Unified Republican,restrictive,restrictive
North Carolina,Utah,0.296536553706769,0.09386153013341203,0.02299999999999991,0.16949999999999996,0,0,0,1,0,1,0.3333333333333333,0,21,Divided,Unified Republican,restrictive,restrictive
North Carolina,Vermont,0.1425409253604463,0.11958617779414861,0.08399999999999991,0.13899999999999996,1,0,0,0,0,0,0.6666666666666666,0,3,Divided,Divided,restrictive,protective
North Carolina,Virginia,0.2846677446584191,0.1439917423224223,0.023000000000000076,0.19249999999999995,1,0,0,1,0,1,0.75,1,12,Divided,Divided,restrictive,restrictive
North Carolina,Washington,0.19513019169965132,0.06270722809444695,0.0740000000000001,0.21799999999999997,0,0,0,0,0,0,1.0,0,15,Divided,Unified Democratic,restrictive,protective
North Carolina,West Virginia,0.20626530063671805,0.09101192498594818,0.07299999999999991,0.14449999999999996,0,0,0,1,0,1,0.0,0,12,Divided,Unified Republican,restrictive,restrictive
North Carolina,Wisconsin,0.11382502701507514,0.09763988635539907,0.0119999999999999,0.17499999999999996,1,0,0,1,0,1,1.0,0,3,Divided,Divided,restrictive,restrictive
North Carolina,Wyoming,0.16691214931983248,0.0856484572672891,0.10999999999999992,0.12599999999999995,0,0,0,1,0,1,0.3333333333333333,0,6,Divided,Unified Republican,restrictive,restrictive
North Dakota,Ohio,0.10387819679970768,0.04571182365007029,0.20599999999999996,0.188,1,0,1,1,0,1,0.3333333333333333,0,8,Unified Republican,Unified Republican,restrictive,restrictive
North Dakota,Oklahoma,0.07941310013647887,0.04788196796124297,0.084,0.127,1,0,1,1,0,1,1.0,0,4,Unified Republican,Unified Republican,restrictive,restrictive
North Dakota,Oregon,0.10774149719133135,0.06458841827071707,0.14100000000000001,0.1555,0,0,0,0,0,0,0.0,0,4,Unified Republican,Unified Democratic,restrictive,protective
North Dakota,Pennsylvania,0.0667186422383932,0.03627327394556048,0.084,0.127,0,0,0,1,0,1,0.3333333333333333,0,4,Unified Republican,Divided,restrictive,restrictive
North Dakota,Rhode Island,0.0861508821529589,0.05533593881726355,0.12199999999999998,0.146,0,0,0,0,0,0,0.0,0,4,Unified Republican,Unified Democratic,restrictive,protective
North Dakota,South Carolina,0.3293512908405859,0.07364481907266682,0.049,0.10950000000000001,1,0,1,0,0,0,0.0,0,8,Unified Republican,Unified Republican,restrictive,mixed
North Dakota,South Dakota,0.09352278708567148,0.06034780654677117,0.01200000000000001,0.079,1,0,1,0,0,0,0.0,1,4,Unified Republican,Unified Republican,restrictive,mixed
North Dakota,Tennessee,0.13360312257277432,0.036652347780075034,0.06699999999999999,0.1185,1,0,1,1,0,1,1.0,0,16,Unified Republican,Unified Republican,restrictive,restrictive
North Dakota,Texas,0.1380012181841465,0.037611519566146036,0.05599999999999998,0.11299999999999999,1,0,1,1,0,1,0.3333333333333333,0,28,Unified Republican,Unified Republican,restrictive,restrictive
North Dakota,Utah,0.2896336402113274,0.04964003225413809,0.073,0.1215,1,0,1,1,0,1,1.0,0,28,Unified Republican,Unified Republican,restrictive,restrictive
North Dakota,Vermont,0.08340109286818488,0.05416501085547943,0.011999999999999997,0.091,0,0,0,0,0,0,0.0,0,4,Unified Republican,Divided,restrictive,protective
North Dakota,Virginia,0.16999362389332495,0.06364941205190168,0.11899999999999998,0.1445,0,0,0,1,0,1,0.25,0,16,Unified Republican,Divided,restrictive,restrictive
North Dakota,Washington,0.05715845117931718,0.031071727005700885,0.16999999999999998,0.17,0,0,0,0,0,0,0.3333333333333333,0,20,Unified Republican,Unified Democratic,restrictive,protective
North Dakota,West Virginia,0.18895387171288727,0.05005979626964363,0.022999999999999993,0.0965,1,0,1,1,0,1,0.0,0,16,Unified Republican,Unified Republican,restrictive,restrictive
North Dakota,Wisconsin,0.0702423969147733,0.039189217015954646,0.084,0.127,0,0,0,1,0,1,0.3333333333333333,0,4,Unified Republican,Divided,restrictive,restrictive
North Dakota,Wyoming,0.1749672220922249,0.06445923679354688,0.014000000000000012,0.078,1,0,1,1,0,1,1.0,0,8,Unified Republican,Unified Republican,restrictive,restrictive
Ohio,Oklahoma,0.034392516792963845,0.028467140535958578,0.12199999999999997,0.22999999999999998,1,0,1,1,0,1,0.3333333333333333,0,2,Unified Republican,Unified Republican,restrictive,restrictive
Ohio,Oregon,0.04438412797830121,0.03546455513872655,0.06499999999999997,0.2585,0,0,0,0,0,0,0.6666666666666666,0,2,Unified Republican,Unified Democratic,restrictive,protective
Ohio,Pennsylvania,0.09843852504285845,0.053283589941382825,0.12199999999999997,0.22999999999999998,0,0,0,1,0,1,1.0,1,2,Unified Republican,Divided,restrictive,restrictive
Ohio,Rhode Island,0.057344894318013026,0.04494511335126469,0.08399999999999999,0.249,0,0,0,0,0,0,0.6666666666666666,0,2,Unified Republican,Unified Democratic,restrictive,protective
Ohio,South Carolina,0.043248258075079336,0.03538423326258014,0.15699999999999997,0.2125,1,0,1,0,0,0,0.3333333333333333,0,4,Unified Republican,Unified Republican,restrictive,mixed
Ohio,South Dakota,0.022516430703657928,0.015129980557486558,0.21799999999999997,0.182,1,0,1,0,0,0,0.0,0,2,Unified Republican,Unified Republican,restrictive,mixed
Ohio,Tennessee,0.0477743345977202,0.023430074583824345,0.13899999999999998,0.22149999999999997,1,0,1,1,0,1,0.3333333333333333,0,8,Unified Republican,Unified Republican,restrictive,restrictive
Ohio,Texas,0.10557968255351316,0.043664893818315974,0.15,0.21599999999999997,1,0,1,1,0,1,1.0,0,14,Unified Republican,Unified Republican,restrictive,restrictive
Ohio,Utah,0.072015343897716,0.03533818111396817,0.13299999999999998,0.22449999999999998,1,0,1,1,0,1,0.3333333333333333,0,14,Unified Republican,Unified Republican,restrictive,restrictive
Ohio,Vermont,0.04349591579534525,0.03747437909579729,0.19399999999999998,0.194,0,0,0,0,0,0,0.6666666666666666,0,2,Unified Republican,Divided,restrictive,protective
Ohio,Virginia,0.0945528643038578,0.043706741676810434,0.087,0.2475,0,0,0,1,0,1,0.75,0,8,Unified Republican,Divided,restrictive,restrictive
Ohio,Washington,0.09206692984759712,0.03582446543580923,0.035999999999999976,0.273,0,0,0,0,0,0,1.0,0,10,Unified Republican,Unified Democratic,restrictive,protective
Ohio,West Virginia,0.06942438665359436,0.0398137160035893,0.183,0.19949999999999998,1,0,1,1,0,1,0.0,1,8,Unified Republican,Unified Republican,restrictive,restrictive
Ohio,Wisconsin,0.1162533279256076,0.06702238474793319,0.12199999999999997,0.22999999999999998,0,0,0,1,0,1,1.0,0,2,Unified Republican,Divided,restrictive,restrictive
Ohio,Wyoming,0.06168687449342096,0.04067494045351386,0.21999999999999997,0.181,1,0,1,1,0,1,0.3333333333333333,0,4,Unified Republican,Unified Republican,restrictive,restrictive
Oklahoma,Oregon,0.07299340434348424,0.07299340434348424,0.056999999999999995,0.1975,0,0,0,0,0,0,0.0,0,1,Unified Republican,Unified Democratic,restrictive,protective
Oklahoma,Pennsylvania,0.030755039601017185,0.030755039601017185,0.0,0.169,0,0,0,1,0,1,0.3333333333333333,0,1,Unified Republican,Divided,restrictive,restrictive
Oklahoma,Rhode Island,0.09964776507612089,0.09964776507612089,0.03799999999999998,0.188,0,0,0,0,0,0,0.0,0,1,Unified Republican,Unified Democratic,restrictive,protective
Oklahoma,South Carolina,0.053569853712463165,0.03239185768356276,0.035,0.15150000000000002,1,0,1,0,0,0,0.0,0,2,Unified Republican,Unified Republican,restrictive,mixed
Oklahoma,South Dakota,0.04033374263160419,0.04033374263160419,0.09600000000000002,0.121,1,0,1,0,0,0,0.0,0,1,Unified Republican,Unified Republican,restrictive,mixed
Oklahoma,Tennessee,0.035249446862452405,0.025004186822085134,0.017000000000000015,0.1605,1,0,1,1,0,1,1.0,0,4,Unified Republican,Unified Republican,restrictive,restrictive
Oklahoma,Texas,0.051338596122405024,0.0365511128994389,0.028000000000000025,0.155,1,0,1,1,0,1,0.3333333333333333,1,7,Unified Republican,Unified Republican,restrictive,restrictive
Oklahoma,Utah,0.11129739347625763,0.05315736575918118,0.01100000000000001,0.1635,1,0,1,1,0,1,1.0,0,7,Unified Republican,Unified Republican,restrictive,restrictive
Oklahoma,Vermont,0.11628903930747972,0.11628903930747972,0.07200000000000001,0.133,0,0,0,0,0,0,0.0,0,1,Unified Republican,Divided,restrictive,protective
Oklahoma,Virginia,0.14290772864553697,0.0964661026367788,0.034999999999999976,0.1865,0,0,0,1,0,1,0.25,0,4,Unified Republican,Divided,restrictive,restrictive
Oklahoma,Washington,0.06693216205425419,0.04594374157891815,0.086,0.21200000000000002,0,0,0,0,0,0,0.3333333333333333,0,5,Unified Republican,Unified Democratic,restrictive,protective
Oklahoma,West Virginia,0.06513995235172122,0.05055607734980396,0.06100000000000001,0.1385,1,0,1,1,0,1,0.0,0,4,Unified Republican,Unified Republican,restrictive,restrictive
Oklahoma,Wisconsin,0.03760220161436232,0.03760220161436232,0.0,0.169,0,0,0,1,0,1,0.3333333333333333,0,1,Unified Republican,Divided,restrictive,restrictive
Oklahoma,Wyoming,0.04687079314116606,0.044137000095775716,0.09800000000000002,0.12,1,0,1,1,0,1,1.0,0,2,Unified Republican,Unified Republican,restrictive,restrictive
Oregon,Pennsylvania,0.03994856829128464,0.03994856829128464,0.056999999999999995,0.1975,0,0,0,0,0,0,0.6666666666666666,0,1,Unified Democratic,Divided,protective,restrictive
Oregon,Rhode Island,0.07882120690661402,0.07882120690661402,0.019000000000000017,0.2165,1,1,0,1,1,0,1.0,0,1,Unified Democratic,Unified Democratic,protective,protective
Oregon,South Carolina,0.07034955963689983,0.042203174422008646,0.092,0.18,0,0,0,0,0,0,0.5,0,2,Unified Democratic,Unified Republican,protective,mixed
Oregon,South Dakota,0.015219348525321776,0.015219348525321776,0.15300000000000002,0.1495,0,0,0,0,0,0,0.0,0,1,Unified Democratic,Unified Republican,protective,mixed
Oregon,Tennessee,0.04562923995085393,0.03128074288573196,0.07400000000000001,0.189,0,0,0,0,0,0,0.0,0,4,Unified Democratic,Unified Republican,protective,restrictive
Oregon,Texas,0.061338949637729664,0.0478971555552431,0.08500000000000002,0.1835,0,0,0,0,0,0,0.6666666666666666,0,7,Unified Democratic,Unified Republican,protective,restrictive
Oregon,Utah,0.14471580078185436,0.07940323978080312,0.068,0.192,0,0,0,0,0,0,0.0,0,7,Unified Democratic,Unified Republican,protective,restrictive
Oregon,Vermont,0.2380963396411878,0.2380963396411878,0.129,0.1615,0,0,0,1,1,0,1.0,0,1,Unified Democratic,Divided,protective,protective
Oregon,Virginia,0.19490874823200646,0.12100641834820342,0.02200000000000002,0.215,0,0,0,0,0,0,0.5,0,4,Unified Democratic,Divided,protective,restrictive
Oregon,Washington,0.0881725716412349,0.05804152652039093,0.028999999999999998,0.2405,1,1,0,1,1,0,0.6666666666666666,1,5,Unified Democratic,Unified Democratic,protective,protective
Oregon,West Virginia,0.08209804924345428,0.06894271697360431,0.11800000000000001,0.167,0,0,0,0,0,0,0.0,0,4,Unified Democratic,Unified Republican,protective,restrictive
Oregon,Wisconsin,0.10904186507604613,0.10904186507604613,0.056999999999999995,0.1975,0,0,0,0,0,0,0.6666666666666666,0,1,Unified Democratic,Divided,protective,restrictive
Oregon,Wyoming,0.07061121553413634,0.05609297122315457,0.15500000000000003,0.1485,0,0,0,0,0,0,0.0,0,2,Unified Democratic,Unified Republican,protective,restrictive
Pennsylvania,Rhode Island,0.08075976990412256,0.08075976990412256,0.03799999999999998,0.188,0,0,0,0,0,0,0.6666666666666666,0,1,Divided,Unified Democratic,restrictive,protective
Pennsylvania,South Carolina,0.021328929543900373,0.014187227012811086,0.035,0.15150000000000002,0,0,0,0,0,0,0.3333333333333333,0,2,Divided,Unified Republican,restrictive,mixed
Pennsylvania,South Dakota,0.014534277248881044,0.014534277248881044,0.09600000000000002,0.121,0,0,0,0,0,0,0.0,0,1,Divided,Unified Republican,restrictive,mixed
Pennsylvania,Tennessee,0.01816454705099284,0.01485648101883033,0.017000000000000015,0.1605,0,0,0,1,0,1,0.3333333333333333,0,4,Divided,Unified Republican,restrictive,restrictive
Pennsylvania,Texas,0.22242832135494953,0.07349471713987034,0.028000000000000025,0.155,0,0,0,1,0,1,1.0,0,7,Divided,Unified Republican,restrictive,restrictive
Pennsylvania,Utah,0.07482342346464403,0.04625722349682885,0.01100000000000001,0.1635,0,0,0,1,0,1,0.3333333333333333,0,7,Divided,Unified Republican,restrictive,restrictive
Pennsylvania,Vermont,0.03526076345269085,0.03526076345269085,0.07200000000000001,0.133,1,0,0,0,0,0,0.6666666666666666,0,1,Divided,Divided,restrictive,protective
Pennsylvania,Virginia,0.10214548151243097,0.05961326230907699,0.034999999999999976,0.1865,1,0,0,1,0,1,0.75,0,4,Divided,Divided,restrictive,restrictive
Pennsylvania,Washington,0.42268475713065407,0.11728041133273873,0.086,0.21200000000000002,0,0,0,0,0,0,1.0,0,5,Divided,Unified Democratic,restrictive,protective
Pennsylvania,West Virginia,0.05390362605263332,0.046862371026195185,0.06100000000000001,0.1385,0,0,0,1,0,1,0.0,1,4,Divided,Unified Republican,restrictive,restrictive
Pennsylvania,Wisconsin,0.06447268091345075,0.06447268091345075,0.0,0.169,1,0,0,1,0,1,1.0,0,1,Divided,Divided,restrictive,restrictive
Pennsylvania,Wyoming,0.030021293522177372,0.022959344493883253,0.09800000000000002,0.12,0,0,0,1,0,1,0.3333333333333333,0,2,Divided,Unified Republican,restrictive,restrictive
Rhode Island,South Carolina,0.08440418937234306,0.049911063507660065,0.07299999999999998,0.17049999999999998,0,0,0,0,0,0,0.5,0,2,Unified Democratic,Unified Republican,protective,mixed
Rhode Island,South Dakota,0.03531598909876844,0.03531598909876844,0.134,0.13999999999999999,0,0,0,0,0,0,0.0,0,1,Unified Democratic,Unified Republican,protective,mixed
Rhode Island,Tennessee,0.04778987829813223,0.03708040544983415,0.05499999999999999,0.1795,0,0,0,0,0,0,0.0,0,4,Unified Democratic,Unified Republican,protective,restrictive
Rhode Island,Texas,0.1391687885262278,0.05962492409997978,0.066,0.174,0,0,0,0,0,0,0.6666666666666666,0,7,Unified Democratic,Unified Republican,protective,restrictive
Rhode Island,Utah,0.1357598652930721,0.06738303697832644,0.04899999999999999,0.1825,0,0,0,0,0,0,0.0,0,7,Unified Democratic,Unified Republican,protective,restrictive
Rhode Island,Vermont,0.14429207037130515,0.14429207037130515,0.10999999999999999,0.152,0,0,0,1,1,0,1.0,0,1,Unified Democratic,Divided,protective,protective
Rhode Island,Virginia,0.19215176195946443,0.14109774470378075,0.0030000000000000027,0.2055,0,0,0,0,0,0,0.5,0,4,Unified Democratic,Divided,protective,restrictive
Rhode Island,Washington,0.08227870837946435,0.052264945782656835,0.048000000000000015,0.23099999999999998,1,1,0,1,1,0,0.6666666666666666,0,5,Unified Democratic,Unified Democratic,protective,protective
Rhode Island,West Virginia,0.10006837525115846,0.0712905464320199,0.09899999999999999,0.1575,0,0,0,0,0,0,0.0,0,4,Unified Democratic,Unified Republican,protective,restrictive
Rhode Island,Wisconsin,0.06673403768598136,0.06673403768598136,0.03799999999999998,0.188,0,0,0,0,0,0,0.6666666666666666,0,1,Unified Democratic,Divided,protective,restrictive
Rhode Island,Wyoming,0.061420706620274504,0.046749608067196066,0.136,0.13899999999999998,0,0,0,0,0,0,0.0,0,2,Unified Democratic,Unified Republican,protective,restrictive
South Carolina,South Dakota,0.07554650396301255,0.050028559414999084,0.06100000000000001,0.10350000000000001,1,0,1,0,0,0,0.0,0,2,Unified Republican,Unified Republican,mixed,mixed
South Carolina,Tennessee,0.16346118132230875,0.04598148213786849,0.017999999999999988,0.14300000000000002,1,0,1,0,0,0,0.0,0,8,Unified Republican,Unified Republican,mixed,restrictive
South Carolina,Texas,0.06649352834043534,0.024448103781696325,0.0069999999999999785,0.1375,1,0,1,0,0,0,0.3333333333333333,0,14,Unified Republican,Unified Republican,mixed,restrictive
South Carolina,Utah,0.28526673187106527,0.05450947813317158,0.023999999999999994,0.14600000000000002,1,0,1,0,0,0,0.0,0,14,Unified Republican,Unified Republican,mixed,restrictive
South Carolina,Vermont,0.059923397578514274,0.035084701978639894,0.037000000000000005,0.1155,0,0,0,0,0,0,0.5,0,2,Unified Republican,Divided,mixed,protective
South Carolina,Virginia,0.12437313491617281,0.04750291674438627,0.06999999999999998,0.16899999999999998,0,0,0,0,0,0,0.25,0,8,Unified Republican,Divided,mixed,restrictive
South Carolina,Washington,0.032438427362440875,0.02075329497411748,0.121,0.1945,0,0,0,0,0,0,0.3333333333333333,0,10,Unified Republican,Unified Democratic,mixed,protective
South Carolina,West Virginia,0.1408552714913627,0.046467290328119,0.02600000000000001,0.121,1,0,1,0,0,0,0.0,0,8,Unified Republican,Unified Republican,mixed,restrictive
South Carolina,Wisconsin,0.040178270554650536,0.0281147645471077,0.035,0.15150000000000002,0,0,0,0,0,0,0.3333333333333333,0,2,Unified Republican,Divided,mixed,restrictive
South Carolina,Wyoming,0.23569763082176545,0.09485238098249761,0.06300000000000001,0.10250000000000001,1,0,1,0,0,0,0.0,0,4,Unified Republican,Unified Republican,mixed,restrictive
South Dakota,Tennessee,0.013929378290347499,0.011535539203892279,0.079,0.11249999999999999,1,0,1,0,0,0,0.0,0,4,Unified Republican,Unified Republican,mixed,restrictive
South Dakota,Texas,0.020803116862430252,0.014860165328322347,0.06799999999999999,0.10699999999999998,1,0,1,0,0,0,0.0,0,7,Unified Republican,Unified Republican,mixed,restrictive
South Dakota,Utah,0.01622347946638565,0.01139577518041275,0.085,0.11549999999999999,1,0,1,0,0,0,0.0,0,7,Unified Republican,Unified Republican,mixed,restrictive
South Dakota,Vermont,0.004934698442698319,0.004934698442698319,0.024000000000000007,0.08499999999999999,0,0,0,0,0,0,0.0,0,1,Unified Republican,Divided,mixed,protective
South Dakota,Virginia,0.01571211577188977,0.009658287957770025,0.131,0.13849999999999998,0,0,0,0,0,0,0.0,0,4,Unified Republican,Divided,mixed,restrictive
South Dakota,Washington,0.05724428586403602,0.03211005254044692,0.182,0.164,0,0,0,0,0,0,0.0,0,5,Unified Republican,Unified Democratic,mixed,protective
South Dakota,West Virginia,0.035652308984963764,0.01773030347728048,0.035,0.0905,1,0,1,0,0,0,0,0,4,Unified Republican,Unified Republican,mixed,restrictive
South Dakota,Wisconsin,0.017794167121084628,0.017794167121084628,0.09600000000000002,0.121,0,0,0,0,0,0,0.0,0,1,Unified Republican,Divided,mixed,restrictive
South Dakota,Wyoming,0.056537299207626505,0.04786055777155081,0.0020000000000000018,0.072,1,0,1,0,0,0,0.0,1,2,Unified Republican,Unified Republican,mixed,restrictive
Tennessee,Texas,0.12249780912935762,0.02260672439806643,0.01100000000000001,0.1465,1,0,1,1,0,1,0.3333333333333333,0,28,Unified Republican,Unified Republican,restrictive,restrictive
Tennessee,Utah,0.11060037890331395,0.0339558747973472,0.006000000000000005,0.155,1,0,1,1,0,1,1.0,0,28,Unified Republican,Unified Republican,restrictive,restrictive
Tennessee,Vermont,0.06756069770232864,0.040794925655109,0.05499999999999999,0.1245,0,0,0,0,0,0,0.0,0,4,Unified Republican,Divided,restrictive,protective
Tennessee,Virginia,0.12050610828213841,0.035757062658876515,0.05199999999999999,0.178,0,0,0,1,0,1,0.25,1,16,Unified Republican,Divided,restrictive,restrictive
Tennessee,Washington,0.029048917143640923,0.02104789132695243,0.10300000000000001,0.20350000000000001,0,0,0,0,0,0,0.3333333333333333,0,20,Unified Republican,Unified Democratic,restrictive,protective
Tennessee,West Virginia,0.06818260720032317,0.029886424356179046,0.044,0.13,1,0,1,1,0,1,0.0,0,16,Unified Republican,Unified Republican,restrictive,restrictive
Tennessee,Wisconsin,0.026829913826287962,0.02055997160228506,0.017000000000000015,0.1605,0,0,0,1,0,1,0.3333333333333333,0,4,Unified Republican,Divided,restrictive,restrictive
Tennessee,Wyoming,0.07618734786394966,0.039693718177217674,0.081,0.11149999999999999,1,0,1,1,0,1,1.0,0,8,Unified Republican,Unified Republican,restrictive,restrictive
Texas,Utah,0.10304906130765423,0.038047824708968295,0.017000000000000015,0.1495,1,0,1,1,0,1,0.3333333333333333,0,49,Unified Republican,Unified Republican,restrictive,restrictive
Texas,Vermont,0.08217710259969335,0.04423314841010007,0.043999999999999984,0.119,0,0,0,0,0,0,0.6666666666666666,0,7,Unified Republican,Divided,restrictive,protective
Texas,Virginia,0.1309327197595225,0.05088184945566393,0.063,0.1725,0,0,0,1,0,1,0.75,0,28,Unified Republican,Divided,restrictive,restrictive
Texas,Washington,0.14344381028433134,0.0372387767744215,0.11400000000000002,0.198,0,0,0,0,0,0,1.0,0,35,Unified Republican,Unified Democratic,restrictive,protective
Texas,West Virginia,0.12557936378005394,0.04566475030887448,0.03299999999999999,0.1245,1,0,1,1,0,1,0.0,0,28,Unified Republican,Unified Republican,restrictive,restrictive
Texas,Wisconsin,0.09399000521530025,0.05383288736240208,0.028000000000000025,0.155,0,0,0,1,0,1,1.0,0,7,Unified Republican,Divided,restrictive,restrictive
Texas,Wyoming,0.04721421830355911,0.027424655046687365,0.06999999999999999,0.10599999999999998,1,0,1,1,0,1,0.3333333333333333,0,14,Unified Republican,Unified Republican,restrictive,restrictive
Utah,Vermont,0.1269405161134793,0.0683538194650946,0.061,0.1275,0,0,0,0,0,0,0.0,0,7,Unified Republican,Divided,restrictive,protective
Utah,Virginia,0.254896169015361,0.08830432499322416,0.045999999999999985,0.181,0,0,0,1,0,1,0.25,0,28,Unified Republican,Divided,restrictive,restrictive
Utah,Washington,0.07175281070038367,0.03885063006710846,0.097,0.20650000000000002,0,0,0,0,0,0,0.3333333333333333,0,35,Unified Republican,Unified Democratic,restrictive,protective
Utah,West Virginia,0.16868485033285852,0.05552997276050307,0.05,0.133,1,0,1,1,0,1,0.0,0,28,Unified Republican,Unified Republican,restrictive,restrictive
Utah,Wisconsin,0.09131792827420006,0.05911195311598806,0.01100000000000001,0.1635,0,0,0,1,0,1,0.3333333333333333,0,7,Unified Republican,Divided,restrictive,restrictive
Utah,Wyoming,0.14392385254680573,0.05788219294612631,0.08700000000000001,0.11449999999999999,1,0,1,1,0,1,1.0,1,14,Unified Republican,Unified Republican,restrictive,restrictive
Vermont,Virginia,0.2156247107549918,0.14579696120165125,0.10699999999999998,0.1505,1,0,0,0,0,0,0.5,0,4,Divided,Divided,protective,restrictive
Vermont,Washington,0.10565331772741479,0.07382469936086408,0.158,0.176,0,0,0,1,1,0,0.6666666666666666,0,5,Divided,Unified Democratic,protective,protective
Vermont,West Virginia,0.07969436315973238,0.05338644343047519,0.010999999999999996,0.10250000000000001,0,0,0,0,0,0,0.0,0,4,Divided,Unified Republican,protective,restrictive
Vermont,Wisconsin,0.07684982239631895,0.07684982239631895,0.07200000000000001,0.133,1,0,0,0,0,0,0.6666666666666666,0,1,Divided,Divided,protective,restrictive
Vermont,Wyoming,0.054000259978219445,0.04474080169380548,0.02600000000000001,0.08399999999999999,0,0,0,0,0,0,0.0,0,2,Divided,Unified Republican,protective,restrictive
Virginia,Washington,0.09551346089049632,0.04855267342441414,0.05100000000000002,0.22949999999999998,0,0,0,0,0,0,0.75,0,20,Divided,Unified Democratic,restrictive,protective
Virginia,West Virginia,0.2408317066311112,0.08872607425781504,0.09599999999999999,0.156,0,0,0,1,0,1,0.0,1,16,Divided,Unified Republican,restrictive,restrictive
Virginia,Wisconsin,0.1716958224960763,0.09317057213272416,0.034999999999999976,0.1865,1,0,0,1,0,1,0.75,0,4,Divided,Divided,restrictive,restrictive
Virginia,Wyoming,0.10292222231903461,0.05741338065008448,0.133,0.13749999999999998,0,0,0,1,0,1,0.25,0,8,Divided,Unified Republican,restrictive,restrictive
Washington,West Virginia,0.06432780800153087,0.03816131711945238,0.14700000000000002,0.1815,0,0,0,0,0,0,0.0,0,20,Unified Democratic,Unified Republican,protective,restrictive
Washington,Wisconsin,0.06356323393222951,0.04653721216800895,0.086,0.21200000000000002,0,0,0,0,0,0,1.0,0,5,Unified Democratic,Divided,protective,restrictive
Washington,Wyoming,0.049251291535771576,0.03583632547356312,0.184,0.163,0,0,0,0,0,0,0.3333333333333333,0,10,Unified Democratic,Unified Republican,protective,restrictive
West Virginia,Wisconsin,0.09821725821821796,0.059122605148305335,0.06100000000000001,0.1385,0,0,0,1,0,1,0.0,0,4,Unified Republican,Divided,restrictive,restrictive
West Virginia,Wyoming,0.08476476394932039,0.049486756486722946,0.037000000000000005,0.0895,1,0,1,1,0,1,0.0,0,8,Unified Republican,Unified Republican,restrictive,restrictive
Wisconsin,Wyoming,0.04524115603939051,0.03613846949982172,0.09800000000000002,0.12,0,0,0,1,0,1,0.3333333333333333,0,2,Divided,Unified Republican,restrictive,restrictive
