,Alabama SB 261,Arizona SB 1473,Arizona HB 2564,Arkansas HR 1010,Arkansas SB 138,Arkansas SB 307,Arkansas SB 286,Arkansas SB 384,Arkansas SB 446,Arkansas SB 463,Arkansas SB 466,Arkansas SB 495,Arkansas SB 542,Arkansas HB 1786,Arkansas SB 465,California AR 6,California SR 9,California SR 41,California AB 100,California SB 101,California AB 118,California AB 1029,California SB 385,California AB 1707,California AB 2527,California AB 352,California AB 571,California SB 345,California SB 487,California AB 3281,California AB 1194,California SB 887,Colorado HM 1002,Colorado SB 188,Colorado SB 190,Colorado HB 1218,Connecticut SB 3,Delaware SB 158,Delaware SB 301,Florida SB 300,Hawaii SB 1,Hawaii HR 57,Hawaii HR 107,Hawaii HR 118,Idaho HJM 2,Idaho SB 1044,Idaho HB 374,Idaho HB 242,Illinois HB 1596,Illinois HB 3762,Illinois SB 1909,Illinois SB 1344,Illinois SB 1561,Indiana HB 1568,Iowa HB 732,Kansas HB 2100,Kansas HB 2358,Kansas HB 2313,Kansas HB 2184,Kansas HB 2264,Kansas HB 2002,Kansas HB 2060,Kansas HB 2436,Kansas HB 2749,Kentucky SR 20,Kentucky HB 170,Louisiana HR 14,Louisiana SB 41,Louisiana HB 1,Maine HB 1343,Maine HB 616,Maine HB 935,Maine HB 995,Maine HB 263,Maine HB 1619,Maine HB 2010,Maryland HB 200,Maryland SB 341,Maryland SB 786,Maryland SB 859,Michigan SB 4,Michigan HB 4006,Michigan HB 4032,Michigan SB 2,Michigan HR 72,Michigan SB 147,Michigan HR 123,Michigan SB 216,Michigan SB 68,Michigan SB 474,Michigan SB 476,Michigan SB 477,Michigan HB 4949,Michigan HB 4951,Michigan HB 4953,Michigan HB 4955,Minnesota HB 1,Minnesota SB 2995,Mississippi SR 539,Mississippi HB 1125,Mississippi HB 1149,Mississippi HB 1390,Mississippi HB 1671,Mississippi SB 2781,Missouri SB 51,Missouri HB 11,Missouri HB 1155,Missouri HB 402,Missouri SB 106,Missouri SB 157,Montana HB 786,Montana SB 112,Montana HB 303,Montana HB 575,Montana HB 625,Montana SB 154,Montana HB 544,Montana HB 721,Montana HB 862,Montana HB 937,Nebraska LB 574,Nebraska LB 814,Nevada SJR 7,Nevada AB 270,Nevada SB 370,New Jersey AB 3975,New Jersey SB 3275,New Jersey AB 5096,New Mexico HB 7,New Mexico SB 13,New York SB 1351,New York AB 1395,New York SB 4007,New York AB 3003,New York AR 2311,New York AR 671,New York SB 1066,North Carolina SB 20,North Carolina HB 190,North Carolina HB 259,North Dakota SB 2225,North Dakota HB 1171,North Dakota SB 2150,North Dakota SB 2129,Ohio HB 33,Ohio SR 215,Oklahoma SB 293,Oregon HB 2002,Pennsylvania HB 611,Rhode Island HB 5006,South Carolina SR 1346,South Carolina SB 474,South Dakota HB 1220,Tennessee HJR 133,Tennessee HB 90,Tennessee SB 745,Tennessee HB 1895,Texas SR 650,Texas HB 1575,Texas SB 30,Texas HB 1589,Texas SB 2376,Texas SB 24,Texas SB 840,Utah HB 26,Utah HB 297,Utah SB 97,Utah HB 467,Utah SB 133,Utah SB 208,Utah SB 39,Vermont SB 37,Virginia HJR 594,Virginia SB 798,Virginia SB 975,Virginia SB 1538,Washington HB 2115,Washington HB 1155,Washington SB 5242,Washington SB 5768,Washington SB 5187,West Virginia HB 2002,West Virginia HB 3199,West Virginia HB 3302,West Virginia SB 552,Wisconsin SB 196,Wyoming HB 152,Wyoming SB 109
Alabama SB 261,1.0000000000000022,0.08571691619663506,0.06425316928591769,0.01822498233334197,0.026389679913860913,0.02928807095544754,0.04432493136007329,0.03202249614902585,0.03888369013926297,0.01666789061264534,0.02253225798461395,0.04755749836346083,0.02709901540872831,0.018336248076232645,0.0566674226818972,0.012999276202579917,0.01626143477004936,0.01671953034685363,0.038421728265451836,0.0550861165931304,0.07966778876702918,0.01762056469718944,0.029052156538479083,0.028424036037707795,0.028865246740122932,0.05677151216890104,0.03564455440608241,0.0681562652393996,0.053023280423986935,0.12243350674713907,0.08330160169160261,0.0857111694427775,0.017670273505103282,0.04483986584585795,0.03414314187940315,0.08741840538498963,0.07033655513000238,0.0353441597134274,0.03115794904024508,0.10145765909299495,0.06484021973270622,0.022700709039679044,0.01719268631072465,0.0340350343847375,0.025702415250771944,0.08789587574955532,0.04332343397640177,0.05212164497107954,0.06831972088559625,0.06378776650199566,0.051412942615139436,0.0667577821407456,0.036605154574154496,0.01577126458205458,0.015435391510140546,0.17999075057495495,0.024437934001540228,0.04369583123033941,0.048134983231984556,0.03381415741311434,0.05032774590111979,0.03758068411231876,0.03202834881324421,0.04081802062241011,0.020111126819228258,0.06249145605569714,0.015519345745940605,0.0359298207169433,0.07437054894632433,0.01941707029980105,0.02189705691647273,0.02651107730588643,0.01907802272657863,0.028589490091334303,0.017477731039652597,0.06662416755198626,0.027911275812773067,0.02647663783543415,0.0725477252573185,0.04409075219145406,0.02594476081496665,0.014584793179308952,0.01823697998313998,0.01277153586352145,0.02226503029685543,0.02419497611668773,0.03348444298719956,0.015185330286661686,0.022610237048787736,0.0753177587645267,0.015569661099764183,0.03447351042694003,0.09721118584311478,0.03887345558427611,0.03287583986944993,0.03099830377308229,0.014580444691653554,0.0970394691844816,0.021198426787261096,0.08573152147137345,0.07592683947748442,0.041673348294739544,0.05284844746412974,0.09111390307136046,0.04017235160217669,0.046960983943920113,0.07553861330292533,0.09423373358362416,0.07776333760144556,0.07909521532684266,0.03627817625721691,0.05599332101637381,0.0499880593719825,0.016057116562746252,0.02139988398044695,0.023892608742106133,0.03366158141333785,0.029783480436429872,0.01779154559050553,0.056408128341108796,0.051521207552857405,0.04929801683882644,0.03231580254059188,0.03164974844813278,0.06419031895877757,0.08484635845791841,0.04859847184779045,0.08736403651590494,0.055936338944574455,0.07001310827463932,0.030764452920410263,0.01260032279660541,0.04227921746074152,0.05391908820074975,0.009619883674411673,0.013081450981969969,0.05663138998023365,0.07540887124531337,0.08469793256043096,0.07974099778530962,0.027580494446033454,0.01973728290664104,0.04558351783280278,0.03520847965910955,0.06841494243610201,0.011877260531616174,0.05977920954319719,0.07634609686373309,0.05513336901784569,0.05097534907074882,0.01966225504129321,0.03559957051261721,0.019354106710732268,0.011780026419500395,0.01851583827395319,0.026034217852315633,0.023954880820661755,0.015429930690911673,0.031871494826657853,0.035817357459536764,0.017149027817688924,0.04799781053497117,0.04605027360692855,0.018806129874078065,0.03368342886606541,0.05955304388934434,0.3719564255384313,0.06008402854059061,0.03202020708634524,0.057040971857730625,0.02614633714898764,0.05947673722044728,0.009102701252932374,0.08880930486857297,0.07753916535957933,0.05222419118477462,0.024993749118437783,0.07626766471827724,0.03423138721718065,0.04673723621383376,0.04606648721416422,0.041079523375674956,0.027461216241545766,0.03670130098747509,0.046276852772938575,0.04984780230598992,0.05281664505003212,0.03448705601528249
Arizona SB 1473,0.08571691619663506,1.0000000000000009,0.1948914674935908,0.046322977880943784,0.06670451018414404,0.06158276261028964,0.09323451735145201,0.07290506412597482,0.068241370363767,0.036705204458498314,0.04944368994755698,0.10920873595725536,0.04554377088986933,0.039153136689503654,0.13899762665352516,0.023971606431396716,0.025476802768235697,0.03156174708134642,0.07402611572143818,0.07983895359234391,0.1616373699830329,0.03987047755439017,0.04055656540428898,0.0335060947159871,0.052807405467623254,0.09008929358303633,0.04104637244810578,0.10103799509537172,0.06427945033893513,0.19003711637629503,0.14437733791772034,0.1458136792706886,0.03643929251902245,0.07987559105348795,0.04371311917826547,0.07586213117729211,0.16033448155160296,0.08271159387156242,0.06824155995425399,0.07848015034699463,0.08099392330073175,0.04686897375331347,0.03410827472881194,0.05041804642197453,0.051256274029867,0.20869405175899575,0.10199386484933726,0.07629769082204456,0.18396685213823274,0.14261822485379047,0.07196477520990356,0.13730826405537747,0.06716928042465008,0.027163035526331283,0.027385958879139673,0.08150983045137726,0.07493364379769697,0.07368015024958993,0.06709970923870974,0.04872615638623765,0.24693148555518077,0.0695014729617331,0.05751170856488327,0.08154450973435164,0.03762568478568861,0.09511789644402328,0.018591738124317123,0.16930531080039543,0.15161988893115616,0.013498171101572637,0.02242281773015813,0.040146947988299056,0.020387473139085503,0.06295187885442026,0.05402685446808306,0.13699327478220327,0.040609095529290554,0.030496210020174764,0.13006502319156274,0.0707232124321199,0.04047382392903125,0.015022284692333234,0.020706890340312766,0.01450270261704581,0.045074514643901366,0.028733939876077988,0.03488141917239643,0.021527682949456655,0.025572388522192152,0.1393238877228444,0.013475408795318269,0.060028991741267766,0.04305314100234517,0.1171493139930139,0.0247502118104289,0.0447688373612996,0.026352212328042458,0.1978668398796161,0.028441733513012366,0.18950826207666313,0.12391781702738154,0.051979496450808606,0.3912638186370547,0.09160167310888594,0.056459683794111745,0.10262647225777766,0.10804524151790985,0.16121424107723678,0.15227108944710327,0.1296520293247456,0.09196572243740743,0.07688090120806691,0.05876039934348687,0.028861716636645357,0.030459891018559334,0.009050025827018152,0.046013998624446446,0.04360471991090873,0.015880105602222458,0.08634326567761873,0.08807358821059744,0.08517233807066081,0.02820512905803609,0.058936300023049705,0.07599960233873936,0.14753482803442328,0.10906489056000404,0.23530430905296296,0.05443038996106527,0.07976643228727255,0.04192113608985633,0.027788563702354756,0.07683457563657699,0.0839453826416744,0.017055482418127803,0.016141093084409346,0.08722779995866098,0.14358068988570483,0.12674880168331898,0.10401931278601223,0.056764085516247,0.014677692171631387,0.08670762079339386,0.05052080143297128,0.09951089123761252,0.015545834086345717,0.0657585859348571,0.12263908946737133,0.10678998961284472,0.11012891406838697,0.011129771041466311,0.06922324136217513,0.018526586498988695,0.011481671162936347,0.028299781989250115,0.04622246909494495,0.043512448774119375,0.029909437866824345,0.0657781187291056,0.065543179593731,0.03588260919706193,0.08308454790789645,0.08854862031484295,0.03884640306537387,0.10331649988542324,0.10906263768075224,0.06189434945659978,0.11322981181180347,0.05503637418672888,0.0988088179891803,0.05537729575887884,0.07423076743195389,0.01847912422857444,0.2542555825975372,0.1415258136878774,0.08016391787490489,0.0354713769423682,0.11164994694171401,0.07706008776106511,0.09263785942974614,0.08204698096897485,0.0906296954684351,0.056554663727048864,0.0901288620703666,0.10563402398082418,0.09659121092599944,0.05877988315671254,0.03995481605090191
Arizona HB 2564,0.06425316928591769,0.1948914674935908,1.0,0.05199325507707944,0.09748088340515672,0.06954924291845568,0.0793104114911494,0.07661593218385393,0.06525948763785523,0.0951350524673702,0.05704301043195768,0.1506031090146935,0.08773722785157272,0.06150517684990372,0.12799767466394293,0.027894582464707503,0.029400141647268466,0.03634666741983075,0.04171806343068922,0.06265731801503427,0.1420080299593295,0.08043972638415395,0.04137400314554106,0.07427585254076811,0.07632429630811277,0.0744972878122195,0.05867102363214098,0.15737038485964822,0.07535100335664541,0.10789821352803541,0.07218010272124108,0.2537948970834307,0.03659574592006026,0.10391601910979091,0.09824709084170331,0.10816909310146304,0.08166605454808745,0.06396807850002778,0.06663385596270457,0.10602439484305783,0.18467903580707282,0.08111211216766157,0.13733844561365427,0.07947036434465898,0.05707622033294935,0.24262855066481825,0.16281755290783945,0.0834607941225078,0.1416282165355456,0.15858744153832588,0.10249883499072021,0.1255296263978829,0.08404205254291233,0.06917730444701728,0.08097618649472317,0.09166525019701552,0.06415832618223341,0.08085364016481873,0.04946090118751536,0.09631859252969535,0.06044276576770293,0.15864963746901062,0.05422436120889152,0.1312730665801865,0.052263617666367654,0.08690423987401906,0.014939834016675138,0.06517969165222859,0.13927970263697292,0.016315009479353226,0.061684212688010116,0.021848165179562534,0.023629993358498597,0.05035856661335475,0.08440785453505321,0.11684731392296244,0.02852386467345791,0.03257751770579592,0.14354527345053197,0.07061523547117358,0.03270536988525858,0.016347703706297394,0.05430350710896291,0.014711208462327844,0.08494144134986575,0.029830679804349513,0.04420356787726212,0.029112451049390534,0.035109562302962985,0.24414426486699722,0.027407483234527776,0.03481670248392783,0.040359165828948294,0.055840064405183236,0.024452839555463134,0.07291125333727681,0.03691055391370644,0.22293658973688898,0.056653561252000516,0.1375052068684434,0.09413410334363129,0.060188705518715184,0.04211576270675754,0.0428379899511588,0.19577245179067812,0.05452380530741967,0.3090920155040229,0.3289289503682658,0.1509217216290514,0.2770669520173877,0.0711281038476347,0.24238473607308164,0.1316765816418269,0.07859522060096538,0.08031941267278521,0.0063428688767501505,0.08876144683004995,0.09801024878455468,0.02184228687184226,0.1409739189064445,0.17072202318280033,0.06438842561673741,0.03222485462829781,0.25671890555122345,0.05579894969996957,0.19907769949731788,0.09360880658028962,0.25276453616651495,0.0668557776207253,0.09139230207854225,0.04958358776558669,0.050206245933689046,0.06626438947255953,0.07618454394165658,0.016598710913805822,0.012906421457986289,0.10606624062140588,0.18477957822420513,0.18635255158643405,0.09624575854828393,0.08319490062264523,0.032230402362934604,0.17775339463422687,0.02377028941555651,0.10037797364522372,0.022341627421207447,0.07988486131658888,0.17432576718380302,0.08815609213067367,0.08604058676437408,0.008702544086338714,0.13026830613639245,0.017833523003120487,0.014666385207425066,0.028508645479597715,0.0566794877327003,0.059431689661196774,0.01389349293407663,0.07303232180848332,0.043237202942189835,0.03665595743857021,0.0524611653565888,0.0886273553469968,0.05095327187646664,0.07002545950992402,0.10964182077441277,0.054023036552271156,0.22653231940828494,0.047722198320291426,0.21732615071854017,0.04903124094841022,0.12504480544042107,0.009815177494298773,0.15839539153415474,0.33821296069998796,0.13141701069203213,0.07094916149308872,0.09159829679342564,0.04972290296621243,0.10292034549506132,0.06618726617159461,0.05384049652318198,0.06213167691250661,0.07240945320074389,0.14364515837852113,0.1706903117346956,0.09172514476465958,0.049789730153091905
Arkansas HR 1010,0.01822498233334197,0.046322977880943784,0.05199325507707944,1.0000000000000007,0.11172754255669815,0.08791747812946453,0.3685661707062239,0.08093669645227888,0.0728685645756793,0.05976224457796459,0.07876797853294301,0.06327803989192847,0.07236651813591964,0.07598306215841724,0.11198837953482188,0.05059546232512101,0.046276996875703816,0.05864221632264666,0.013108763474183742,0.016968586970764865,0.02410460612828899,0.012273594642017284,0.011474268952993975,0.0036329538427705196,0.024577482678708493,0.02756017810507679,0.013479215208818361,0.024489625313938505,0.007276462810707557,0.025526784840001072,0.0196914715396022,0.01791673535506527,0.030624859190879046,0.03449838758820179,0.026922065158888762,0.029968447523174666,0.014972191205069887,0.012788675083212062,0.04521278905753775,0.0696470550975451,0.034435073074082716,0.04821105628438029,0.04063104420718872,0.05562431329334551,0.06232912254935494,0.05124027858757482,0.05516544511914746,0.022748845441473698,0.05045049586989632,0.04280483015070862,0.0896590170718999,0.01929334390959474,0.024660082102536715,0.01668954528801247,0.015532124524163946,0.006214594305565912,0.013005553561469516,0.01975537123510461,0.01131810210889811,0.024539380409577063,0.013482303340744977,0.009600299858234589,0.009617676739146723,0.0298623691869786,0.043071151656444824,0.014769678947267707,0.057954711128772825,0.03334977447503686,0.04379017378061401,0.015043027960181296,0.007800480434246267,0.003857275576247391,0.003603672207263381,0.008605719573678464,0.009853245683426447,0.023078861367484268,0.008543069153864782,0.011173091908764728,0.030392622772116174,0.012188204015521571,0.005959926514006436,0.012434351424146358,0.009395910606093101,0.007225851773731398,0.04135450012699475,0.017422588301063524,0.06015514279215371,0.012431003333955084,0.008922975065451852,0.0362236773252137,0.023182248880893694,0.02358069939735566,0.016926245484442732,0.009457541282310909,0.008881074684743844,0.007283118190001835,0.032903782379809836,0.06809497140052093,0.03410009305613932,0.018770249387969305,0.02500731402632653,0.04865001713417276,0.019013647271975336,0.03266792354819312,0.01310726544184596,0.03351770786436975,0.02519485247951673,0.038443788654238406,0.03928559369180651,0.030724050543958804,0.01153208546093554,0.011181572597415037,0.014976261947225657,0.015274069287122301,0.012749967967999811,0.0033366413028069796,0.02363131827475072,0.023101707052876553,0.022087431836160677,0.021688639885918837,0.019875729215128455,0.02072726198806114,0.01879599983872611,0.008367503142556318,0.009161473370284383,0.034205283720657315,0.05277362818093503,0.044127076172527556,0.029387040526693706,0.030293815968717618,0.013582722733528873,0.006062619905785084,0.02601024377112983,0.029240901819457515,0.02443017324630734,0.026127410579572175,0.02439358915399545,0.03710889319614416,0.026565354499893765,0.02000660773380692,0.011983895541469497,0.027011436108245225,0.04080776942322407,0.02785345619923612,0.03411246176896416,0.028568754963530202,0.01772947962205788,0.024475771952191867,0.03945175670329122,0.05389588527915526,0.021421178755286763,0.027731828976269374,0.012639655852355351,0.13485856428293597,0.006016099620623241,0.015265994088136616,0.01745808259105549,0.08674293653283481,0.052137552377807005,0.012550624603386403,0.008827300100735439,0.03948019211917654,0.038163658491356514,0.014101549169034238,0.008461723661897435,0.024013089320183544,0.011821053382108627,0.030331725359782128,0.039608761434079036,0.013989661515505054,0.015056317056667805,0.04328585060053688,0.15343231981209457,0.032874022209556514,0.026946648441572046,0.027140586510126463,0.022838317353110097,0.026034743996220803,0.035654347761853125,0.02609724042679013,0.026637212312103094,0.3646372535363402,0.03165532675845742,0.010640902942328537,0.03469842493990071,0.027032875764804877,0.037137201796823394,0.017428408735832332
Arkansas SB 138,0.026389679913860913,0.06670451018414404,0.09748088340515672,0.11172754255669815,1.0000000000000007,0.18587632938777884,0.17937898338379593,0.15527929962978837,0.12898227117191094,0.18857114083670656,0.23638429347813802,0.14160183898762535,0.21782752003974656,0.33203079035155825,0.18223932954169364,0.04002265721260062,0.04124436695482441,0.01717789653590847,0.02230929568084195,0.025942717062959413,0.054798378382905986,0.014982761126792886,0.03680593226379708,0.01688459708642017,0.0456147941004394,0.02572196606370318,0.019759311721709177,0.04205257554112076,0.022191217563213923,0.04920239444103773,0.023122603017828463,0.045198165534204617,0.033717586012692695,0.03361073912634247,0.04323962616958305,0.035558896404069285,0.031130900657900622,0.021440153568313133,0.06536830783554431,0.09244561172609514,0.04458312821711246,0.06456551103277144,0.04296208053771878,0.056185272021634425,0.0861102863259467,0.10355787248726878,0.14154687278234415,0.06321059173917136,0.10809260391215066,0.0942141756982539,0.10124545740116983,0.03530964643961791,0.043056056522357625,0.0400731294929088,0.08672922947722242,0.020261808371641894,0.039002778355226995,0.05115434779777489,0.02017632672125845,0.14397951443481083,0.02804941106524963,0.02837636649300116,0.028101538954895026,0.04712082203742728,0.06072759059221548,0.027053743105726488,0.06715127998284882,0.05071335134071071,0.07916139897646773,0.023325756965525152,0.009803273550624722,0.01272545668135625,0.008544671226441307,0.0184043964427986,0.032046623060170844,0.04436503923546627,0.016869313946235358,0.02009984501555894,0.03506248404357513,0.01481943870089963,0.010967295190146194,0.028758623671208697,0.02023627607546282,0.014345619969304146,0.03144997964912231,0.023536610463008204,0.021088484333219616,0.021627023291842108,0.020880636390925477,0.06432354228268396,0.03237037593006512,0.0281943820724734,0.03193457493292518,0.020242170998084754,0.02220978459465261,0.02359788017122828,0.027966907210832736,0.12512330184756656,0.03239914822094602,0.04023544646999875,0.04673242691441829,0.02719741956929535,0.026144277692167733,0.0332841979916082,0.0435841587933159,0.03293198765256877,0.057283423515131944,0.07948531723593483,0.06945152721361895,0.05955329742147972,0.032123180504647464,0.03788647447761668,0.023371724242610806,0.07595546738325452,0.05746207059521287,0.0024146517399837226,0.059572368827401745,0.10765199223712463,0.06311142127046104,0.07240226722697328,0.09552766713875632,0.04018312867339472,0.018305115485007812,0.02656646143928647,0.01714540678809938,0.06886568868741277,0.07988788525203176,0.10348319297931034,0.030815174033320684,0.03938806874948677,0.03332668125255527,0.014011177348353245,0.03670524981314603,0.04248459886129692,0.036865073315316195,0.022254513426947307,0.045991980148023734,0.12832877261999642,0.059847941051274035,0.03600985853764516,0.026066460979953868,0.1079596853188217,0.16390102412695348,0.02008617572750052,0.07545604439750317,0.03514357511765252,0.049623110540930625,0.032800555757093106,0.06637909923280925,0.06601443449434101,0.012981713751807148,0.14705480248708183,0.018854444578900276,0.04156488554713773,0.013040444928940811,0.05231734001845114,0.04387422831770425,0.03196952402303909,0.05501615243961433,0.03796601825777354,0.019774259826488425,0.04691186462175792,0.055312674429541686,0.034971337552176227,0.025219099956396013,0.07615530524300197,0.027787634317829935,0.14396501532276493,0.05955280607085735,0.04047936090279163,0.022451375196133272,0.045817789554256694,0.04433379566807112,0.06887805039318505,0.05716945100439779,0.03693378634950429,0.03894802980920326,0.04308978796236839,0.045139319099591915,0.06556284212922102,0.03993864900027241,0.043886851094986794,0.057342874172833826,0.03577803001613038,0.0653745898962913,0.05235130574269755,0.10936314610364814,0.055229669672291946
Arkansas SB 307,0.02928807095544754,0.06158276261028964,0.06954924291845568,0.08791747812946453,0.18587632938777884,1.0000000000000009,0.1409256547374587,0.11292650061919485,0.17075035099455138,0.12789994795645654,0.1623783240312647,0.12421202807764191,0.12982366928673136,0.14087500576051254,0.1415640684998334,0.0753362230016025,0.07160075954061916,0.06223265826608329,0.025391110454846145,0.05975058424727707,0.055191776354546265,0.019186377727665876,0.03508818415543776,0.013530667570178283,0.0300961724188321,0.031175540673568904,0.013906621802141656,0.04822831781661809,0.025407111842162818,0.06256391616527007,0.03387814518896786,0.04808420272686348,0.04490114524310914,0.04165207566046428,0.02596812138723157,0.028310061684222326,0.03519464057861409,0.0353814148628694,0.027834275112570212,0.03824360493570774,0.040183785522496386,0.057319222924461746,0.028286913280676212,0.04959850903133648,0.12529425602422092,0.09678814074000161,0.07208948895058565,0.05495616015386512,0.10064572102306929,0.09674018720247513,0.04887792205876127,0.03790637633511567,0.03936243020770668,0.02134014480340787,0.04585167569334897,0.05234778122441312,0.034765595359702736,0.03633318406272829,0.06460759681481766,0.05076143461823129,0.0349539516723312,0.03667959356184889,0.03949823518739103,0.0334988814307789,0.10807985511674612,0.03907580413521806,0.08627085999787128,0.03923088581187507,0.0890273823282415,0.014021339470708728,0.008812194706913185,0.014000771755172118,0.009731849564839232,0.021410429606482293,0.027210351106310236,0.06147385379863653,0.048407421898567865,0.009136912387711449,0.03641473482263312,0.025160192571615496,0.009235567658881592,0.019841345414397367,0.01697457046006181,0.01304701732610492,0.04044625690293618,0.012010461927546758,0.032857965631322573,0.021976570830158963,0.018514970385549844,0.04390206434731693,0.025183414173934472,0.02762072053790874,0.02511088436360084,0.037220035494645524,0.02946169131267189,0.02193978202069309,0.017474172070885998,0.09112210779199913,0.03386754793015566,0.039706157983886575,0.053412651646825154,0.02432306613365083,0.026037532525372095,0.03532322200409199,0.02327786688137205,0.06235306425112356,0.05475053002572945,0.06974484354921984,0.07575841323810263,0.06742863544146264,0.02811633366007942,0.018924386336655052,0.01657052389811532,0.03424008044427426,0.0226859238985586,0.008818129545361984,0.01665100912008051,0.046267518218950976,0.01641015658704009,0.017660277314470556,0.0354216933179745,0.07447479382200962,0.020752409014690523,0.017613627501396643,0.018969562222813825,0.061117238601992245,0.06319553841549228,0.10087526181832085,0.03014642225667221,0.04116658236939082,0.044871625419700537,0.014585718857415176,0.055462462976376935,0.042706204619136115,0.02527868728632232,0.011469895327647504,0.06224751868771494,0.0802536380064779,0.0510428371472491,0.060371196798167784,0.028951156109927184,0.04664730352568842,0.07125417781351227,0.022642765956585074,0.06611030756340155,0.05357430288958882,0.020192186637075633,0.02915466473029048,0.07187444165670495,0.06138745028685417,0.009095212930745365,0.04968309147274269,0.03351436429644252,0.02468630276512246,0.014989586109139558,0.01727196639891013,0.029137362193218504,0.03559510248375937,0.03913174828607772,0.04583020103348411,0.0171278158255038,0.04778351635442545,0.05687671172645083,0.023926615923928606,0.030132863108764982,0.05998227492756819,0.021779943627938093,0.054851847742550856,0.021340545058789646,0.032366108484484235,0.02322027370465772,0.029557762511193887,0.01815278363687109,0.07068043351361902,0.051265531932215676,0.033427794085027905,0.025995278717314385,0.03458950559879581,0.029848576791132755,0.048040126109491786,0.05782872169086542,0.03254606537797849,0.03629978333832189,0.034780522936411803,0.05382797323294258,0.051448012131149586,0.06230840256003909,0.023041301575184213
Arkansas SB 286,0.04432493136007329,0.09323451735145201,0.0793104114911494,0.3685661707062239,0.17937898338379593,0.1409256547374587,0.9999999999999996,0.2179028295786879,0.07724992891572852,0.09568919823772447,0.13104995901362973,0.12511661458891637,0.11265955857015143,0.11664402137231569,0.19963991959115981,0.015836488584836744,0.01701480976988249,0.012368236826730961,0.07788095976104445,0.13129220917447756,0.10307983936248016,0.00927044389840758,0.05088488425324999,0.011092321218986187,0.03601190016066271,0.03363616397115969,0.012449375401154704,0.040422044393989304,0.02687376566866377,0.07015872602678529,0.02716845654207563,0.05258454949116981,0.027467866712172738,0.038194501473948275,0.04121071165021604,0.04394687869969608,0.035712495175578916,0.022473009766436514,0.04728225326117853,0.07746087090352313,0.04351196817311286,0.0385623274127126,0.04196675937058393,0.06394020574863439,0.032729193750924715,0.10718928084298551,0.07660916771916056,0.0502330099855328,0.10620616110013284,0.07996355718837625,0.07920529147336527,0.05008436669520353,0.04921567777190235,0.01970932003872273,0.018681595478222294,0.05785556667089527,0.03376675480792174,0.02776869766671063,0.1914795313114243,0.035417007681985045,0.04016776662820531,0.04605859163051984,0.028705726173787863,0.03347905661970939,0.045169145827656874,0.05033377352686385,0.01779246287311671,0.0700513383880743,0.14991601876196892,0.030212773421876102,0.012356445888828784,0.026231570857890442,0.017500525962625517,0.025029610727110452,0.026444801801186708,0.06807570633295422,0.11329937468816674,0.019923619264575268,0.03791822919624027,0.019950406482886422,0.01111726418687258,0.017165073555426336,0.014451076096954157,0.010005414819694695,0.029941341752326805,0.023070098378923307,0.018547982094127644,0.014301654575720378,0.013902553092730124,0.06570320691859267,0.02157938490819133,0.031332421150463134,0.026098508437527975,0.06453424766710268,0.01572288486379436,0.016323248141074078,0.03759696640499945,0.11769207372558661,0.03102819624974842,0.051410108339335105,0.0666733272538566,0.03451416683935275,0.07019940172776015,0.06417324791164057,0.01743857724012214,0.10054617117136394,0.05104003382033834,0.08731669571477928,0.08832861094745063,0.0772307559326343,0.030977721334353708,0.018619327904087317,0.015902712108194383,0.01553475737144414,0.011222172462910487,0.005106381518046513,0.02853158342603475,0.027584175866699326,0.03992557647553886,0.04115493123160557,0.03912741063853807,0.12739388592367445,0.019259429198462335,0.01820654394725306,0.021072317664275704,0.06309819602151825,0.0846368036272375,0.09654760368163275,0.03609482057456572,0.04104038758719841,0.04161555519516633,0.01766060101174382,0.06925241032082527,0.0970369937743959,0.015139125157888091,0.013772496431056255,0.05374165267507105,0.0787407476500913,0.06793542335701548,0.13724453250318808,0.032919277265069755,0.02591594553026445,0.045001027749526024,0.04561431465364908,0.09504521650605201,0.014605551961423149,0.0275819782275692,0.03479114294918714,0.17810331734919435,0.06771800490893191,0.01176987473041874,0.033909280531168755,0.019222883810897727,0.04902114159512476,0.019062216046465442,0.01930523378439677,0.017139783459661915,0.042278868066216266,0.050161151928185266,0.10225632189050496,0.016883346406017387,0.06927869864315299,0.07214089321612843,0.024629201084501968,0.04062333814965566,0.06226901984221657,0.025523886168023414,0.04489367970922684,0.04606520458000326,0.030006858945253036,0.029187777535904035,0.04625322028392338,0.04889967622948812,0.07179225321387611,0.060288927787807346,0.04250505959596588,0.03774859333495641,0.0427576108782,0.05545216303563912,0.055079035477080124,0.13491858042814486,0.28870308168429565,0.04408298572679024,0.03180428906885313,0.05134422359742298,0.0602532482841761,0.05435631695852681,0.034366436562204304
Arkansas SB 384,0.03202249614902585,0.07290506412597482,0.07661593218385393,0.08093669645227888,0.15527929962978837,0.11292650061919485,0.2179028295786879,0.9999999999999998,0.09208162099374223,0.1327059914939794,0.23639204695796057,0.14077281608383252,0.1360287866384635,0.17976248572724984,0.16712669445127232,0.007320910989171678,0.0120686397427837,0.03712113154632885,0.022738386881569452,0.028264659777045658,0.04265381306680556,0.020299885899774144,0.02530096837218779,0.010652115213802727,0.03533580122745701,0.032078075999309646,0.012939278815106613,0.032261244592952064,0.017974343248516888,0.053263393477086224,0.027697734282547765,0.061278560845400336,0.020315932902910963,0.02778445048082864,0.021905169677096287,0.02929069230249985,0.03767080329469434,0.018320050618668555,0.03970828005912723,0.05245763663666067,0.02329587420934258,0.04992537851321429,0.04086619215370789,0.044140161255101916,0.021972269684568977,0.09239019864422535,0.05885108713686011,0.04426921051189921,0.10955870824111431,0.08524724263476641,0.037227897596274526,0.04027676138536781,0.04304823099216659,0.021431854105848726,0.016077710944004123,0.027377409985987176,0.033496163543615336,0.030058697044654994,0.029040039525711513,0.02183386530455888,0.034008085459935465,0.07674418522804514,0.022421537715308863,0.032001188522190825,0.029643836471355576,0.04800465883673316,0.009243575695618027,0.04484887504670284,0.06719680339635066,0.016513371534198306,0.011588682809674752,0.016740598286176644,0.014293011943208166,0.02288093193257449,0.02782024662845445,0.0697197750372949,0.014185178300739596,0.0256422673350573,0.03512571880400246,0.01785986299950161,0.009309553625286215,0.02405758228175404,0.01802833533306707,0.01718231202699485,0.019055969716115128,0.013437747055492017,0.01707522877231205,0.033186227979845766,0.018375845207637378,0.044401032561672056,0.010241669885739674,0.0559756005376596,0.021919507493447853,0.016183141955255713,0.014159761313511744,0.015549096378073304,0.019357727222573937,0.10120276251891126,0.01937799209385757,0.036742126353857485,0.06862637055840586,0.08770530288551595,0.03181403641981748,0.04933988540556458,0.021663937781395918,0.031069018572208333,0.04919915352689905,0.06822366227660034,0.06132433730657125,0.054917361259993185,0.03877927244295741,0.022175314559205458,0.022850625385545918,0.0159339976071783,0.01745104098910568,0.012111546333603661,0.018879219608561888,0.01858154854410848,0.015458826090737489,0.02860316257718566,0.029219527755861847,0.02731552919892371,0.014121307551726718,0.029274435148111868,0.022665668066646674,0.055407738898425714,0.06342862868314714,0.09833373353706805,0.030329943643209966,0.0345274958605415,0.02475075379505646,0.021280832775091834,0.038257218894965125,0.03667052324698482,0.011101130177023253,0.005105014999335728,0.041073882756296705,0.08240516761938865,0.0600001225089573,0.05812165280928256,0.034014831750502704,0.008204529686705328,0.04270252840287265,0.02334785378717097,0.05942881046764033,0.008563782083849857,0.019560134249486945,0.02901890280189123,0.052721848772329674,0.04764756779442612,0.009009320372963248,0.028499509224383046,0.02113661503452125,0.010663208047789549,0.012473451084478147,0.024015377893540815,0.027647322618304302,0.03491085868638483,0.037812658516711964,0.04031188197346952,0.01671087539885284,0.10934946558308259,0.05043041344374659,0.021680217730517582,0.034662603293971694,0.0420291912562527,0.02153353875863093,0.04674079829371101,0.0296236840239763,0.03252432538619718,0.022388503550452948,0.030674494875717877,0.013020629212491848,0.09526304407738319,0.06341288954229603,0.03089870776888284,0.02901044152047321,0.043252737523555504,0.03822300880502084,0.0395070952554938,0.044175846427412686,0.046069654945266304,0.03291697324439138,0.038169636489434444,0.0646700734293976,0.047719614520240886,0.04305658793284052,0.026631298642466644
Arkansas SB 446,0.03888369013926297,0.068241370363767,0.06525948763785523,0.0728685645756793,0.12898227117191094,0.17075035099455138,0.07724992891572852,0.09208162099374223,0.9999999999999999,0.0904840274313821,0.1300413864556238,0.10241385651203493,0.10309547849467213,0.12486638004306135,0.10815635276391547,0.05333517224419296,0.05210464369365981,0.07365504305186543,0.04062545866045988,0.029753433313314766,0.0397069968529046,0.022539015112545063,0.0168270958873101,0.01224141210039382,0.012518250141558763,0.031092432200569058,0.009287611387174452,0.036554480668271716,0.025713238377503698,0.06110499746678344,0.03327378918541468,0.02897485857182531,0.031460186838472994,0.0322751553745043,0.019746573458965702,0.0270439837882662,0.025781223329611008,0.02897980935459097,0.027136442035745886,0.037780381496068084,0.030574496382275558,0.05227586131174276,0.03219195106821598,0.047262837811669074,0.09366038414070066,0.08338064284306519,0.05563625668932861,0.054067896224001016,0.06791299847702577,0.08402967500927115,0.06256882070275327,0.020363847086498462,0.035608257140948785,0.015687518062765207,0.017175419405780754,0.018485087208566793,0.026621492618512273,0.015641893915612277,0.011671069507817147,0.028343856790873926,0.04410042434659138,0.011692045107716828,0.01631028395494837,0.012460061884834167,0.08956840045583704,0.03784457740537224,0.20874273161224197,0.029317562993567674,0.053615743277944,0.03276348744743965,0.0037861970792414774,0.005999488957563537,0.004691184999676471,0.013454433895412773,0.02321673209825305,0.04530347751808407,0.008578539553933399,0.006633512895038997,0.01974049777185835,0.021780285164784953,0.019597014754766422,0.01655818524630125,0.012747674996171495,0.006082406139263421,0.041955761861071715,0.014075308147775509,0.03809743603918736,0.012876658940428422,0.02430561297145163,0.03952862938130551,0.01709065144751619,0.011757377036143749,0.039068889207916124,0.0091361757806971,0.008274491551020887,0.026555438256711698,0.027937737593778805,0.10860993073987307,0.0835469471946142,0.02654577196295267,0.042748087579262344,0.021541180736164883,0.012872986708100609,0.021231953871601532,0.015522403345525505,0.03011208769169501,0.030260832211712302,0.04871912786821932,0.04143086694352767,0.04378941738527541,0.01793559765458068,0.014128854902874317,0.012680650170501441,0.023794161647021247,0.015629702424280356,0.01446093755931411,0.011852885674466183,0.03275275688361541,0.009743205169784379,0.01909481538927209,0.030933969016525748,0.020032011983109135,0.028991029655368292,0.013632620973224574,0.014852682716152059,0.04019501708032266,0.04404661426231217,0.07623632152736697,0.02725029897546823,0.03116436068779665,0.02367390740843494,0.013840239453759319,0.024580158732167793,0.03542869271974639,0.02250917873158135,0.02767348604798118,0.03974933618282945,0.05166341988061005,0.03649596588526086,0.025098907592409583,0.021896900527288318,0.0184480972331635,0.053947956929373916,0.012167647739105246,0.051305970621257975,0.06302135256061059,0.008697328706610122,0.029412249056176395,0.04854662863262101,0.03657810146899617,0.025456754396732936,0.03366710654932939,0.01079185163790358,0.0352711390397021,0.013238520827979555,0.01661275358008625,0.016255405043414516,0.14255809270621045,0.0281645902627681,0.01870454907188896,0.013471768197821418,0.04705544143429302,0.03936693398915528,0.02376777276878739,0.018967401843983305,0.03172864520053978,0.0269906330055711,0.03673404642843872,0.019148614840254978,0.02095914656516467,0.013985817205048389,0.01684966598371435,0.015144543050251896,0.06869611584344104,0.030477971792594986,0.021131320499351156,0.015649311840098743,0.033760095446602564,0.023060424829360236,0.036776210283481076,0.03258166875771348,0.022810574234717645,0.030591550206611116,0.024674977536037004,0.042017337853037344,0.03766434320965091,0.052556720991518244,0.017819702614288824
Arkansas SB 463,0.01666789061264534,0.036705204458498314,0.0951350524673702,0.05976224457796459,0.18857114083670656,0.12789994795645654,0.09568919823772447,0.1327059914939794,0.0904840274313821,1.0000000000000002,0.2248629933867277,0.11541487768362431,0.15756684119301567,0.19314292865317728,0.142784660176137,0.004734415101092245,0.007774347741073995,0.004121036659764506,0.009472422556363637,0.0114721174745924,0.030129009166759497,0.0193029896409336,0.015352415480521462,0.020848488272384468,0.01842034429169477,0.017855057893519443,0.020616064126718583,0.029760881083009543,0.01760445741723094,0.027780226898530266,0.010372552815195887,0.050562056548298574,0.0217036005253305,0.03002221621636055,0.025158394597351794,0.016470746322058555,0.01710363004173257,0.010895152332177468,0.021790083990838593,0.031285817968093016,0.03322053358452648,0.022949768947254628,0.0372288883693404,0.029314160160120117,0.019134684285559863,0.06307991641073413,0.04534607553818344,0.03281073186224834,0.04551080687638349,0.046897302049904735,0.02992408075750642,0.023996542358602848,0.031034609348290186,0.021869293464645112,0.025786819171709167,0.018967334455454718,0.019805255536753393,0.019969634274493466,0.011090950989044977,0.023517054028400868,0.012998928121314151,0.026092565689126813,0.011682053055667519,0.012939294430118098,0.02365863049968751,0.02088696313180303,0.007936651659178104,0.018735798123292003,0.042407763585105604,0.006353746368260715,0.019300261192390072,0.006474593299231299,0.004077603315942203,0.009520312652459213,0.016372364900832524,0.026125487396878998,0.006758846022772313,0.0036567728849365043,0.02168489300091003,0.010802949475791563,0.0038594880663637924,0.02645615142713253,0.01055198032313872,0.015132299484931033,0.021825510265644978,0.01464136680032066,0.0058002918800765125,0.015539746141727708,0.00842782431201176,0.05612806712897336,0.013683037512122371,0.011625109976521943,0.01406373011066961,0.005828811698551403,0.014878489314970393,0.01764648183711993,0.00997423647171002,0.0678641541593946,0.019311543822605606,0.034202561456007044,0.021528086586799354,0.01861644970802428,0.01082688477111437,0.013914275796789964,0.03220298381321939,0.01547159570154371,0.058934436260832224,0.06962258243565145,0.033021597841495776,0.057092332131337444,0.020859743547989616,0.05443777922264613,0.021750446130634503,0.023103274933517205,0.060105810502687804,0.004047978479142346,0.02541611300966863,0.03245537993028136,0.004509646262609681,0.03836018891232479,0.04846154546411647,0.015449299813737556,0.011673954879424063,0.053317958938180754,0.011023623244658148,0.052715426437295,0.03631778789135195,0.0530508187918971,0.01633080455287094,0.025255166285378945,0.019894913869578177,0.029551551947955022,0.019197861560891896,0.02001637268503931,0.00285414738576749,0.0037022776175979566,0.03365100064368593,0.08388652821469077,0.0413409501049755,0.02424024084043644,0.01582907102062622,0.0067655111930290165,0.06869355498179451,0.007951434977821524,0.039513234226299494,0.012919214854852396,0.008695708852840352,0.03226640222011902,0.03226022898877641,0.026665415729381577,0.009690034616163794,0.03326261472938484,0.011549121646965862,0.0051815803952705965,0.006171970205535677,0.019759125532593902,0.036012384261163446,0.004513423153135663,0.023421712858261654,0.01950163004322578,0.010648896573891061,0.028819465181294295,0.027893337225144105,0.019279123041206766,0.0236192488187384,0.026545904470757373,0.012371594885165052,0.056530003111747835,0.01792938704999723,0.025381192883478263,0.013134712125727619,0.018139474856892056,0.0026576713391039683,0.027600479038203875,0.047377819308469675,0.02739042281994585,0.02525882272018471,0.02360980127413989,0.023773566965575456,0.05542581983423074,0.020189255362907527,0.014677470145457502,0.023423586795749424,0.028022612886683864,0.0628499398645609,0.049582551410282207,0.030768998955675468,0.014531994529812152
Arkansas SB 466,0.02253225798461395,0.04944368994755698,0.05704301043195768,0.07876797853294301,0.23638429347813802,0.1623783240312647,0.13104995901362973,0.23639204695796057,0.1300413864556238,0.2248629933867277,1.0000000000000002,0.12832294612601586,0.21635897216874764,0.23946236339121119,0.15669650734482324,0.008383167919064929,0.010942009990189386,0.035870983155663436,0.01679763576366383,0.01256405344505381,0.02269190682331549,0.006580990154270456,0.016242496923134304,0.007762431662810513,0.00986270127201554,0.01503006223979569,0.016066535822474488,0.017952313179208455,0.016419022362178664,0.033994018369748254,0.013634336899708178,0.041567997954346,0.021606868069995122,0.024373007207914053,0.025994277067429766,0.01632206865166661,0.024302258066061348,0.010871966109458333,0.04756443966206095,0.03381633622600646,0.0143889220867582,0.03758560787748583,0.02658676063834119,0.037535585493540385,0.020617407433843108,0.06839206739357354,0.040028166761463264,0.035654310483513925,0.046374064648984165,0.0625181569829212,0.03665585109428652,0.022034977946545135,0.03121716566567244,0.020433833813438596,0.0060861510931940815,0.01310869947475274,0.018684860666978376,0.012703453221725102,0.010026671104802407,0.014434917625261298,0.01209266978819627,0.051534526369383694,0.013121857939066988,0.010430588704433606,0.026485450910878523,0.03728312932779419,0.005459874429041005,0.02902601775824928,0.047254413269255995,0.00360994346736242,0.012199409765541213,0.01013997702557709,0.003996162228307115,0.009111777726553553,0.015171984460191508,0.040080763879461065,0.007198542392592362,0.0068236225600773895,0.02113470136741602,0.009783945385390484,0.014528611109165443,0.02590045020622612,0.014095927063934803,0.012608946039477629,0.018778316433208087,0.014882618663579107,0.00935346542031985,0.012469882684563026,0.010559656395877411,0.01895233884090908,0.01809496481303362,0.02683394378021773,0.019303842037531264,0.008134840103250702,0.015507367819494869,0.009887499789839563,0.013337011627836312,0.06077954364552896,0.019111737396688755,0.025348378105667823,0.032510709543945894,0.03683270197463654,0.016887611339624145,0.021547364341962673,0.010140440400791989,0.020331856691556228,0.021950388151693964,0.03477112722629283,0.03277614019889984,0.03034847843899293,0.015964745628084993,0.00998867922216699,0.010135205636201733,0.0073733592205686566,0.017366541977265712,0.00735217634573584,0.012559124500947937,0.010539886999232043,0.010444736968187531,0.015851133865090773,0.02277934668693502,0.01738780596378232,0.021822331824408306,0.015823024746456728,0.016317995002278336,0.044370128652186085,0.040402594353519554,0.05748741669888674,0.022085362389557304,0.04765793479220027,0.03137691353956609,0.01474900547173595,0.022360283735020928,0.024433180570874173,0.007957898326661236,0.006606306271229913,0.034606993722110485,0.03184893108080432,0.024546955072705823,0.034519684718345225,0.01222309628818238,0.008466306423262732,0.021660424676077695,0.012372107672991878,0.03932811654354161,0.01844197592470872,0.013749821102254256,0.014652456986517737,0.038990190744343664,0.03257470578164652,0.02117093298288269,0.01351052602060361,0.02090559787957905,0.009341030469111751,0.016011718304532307,0.021671902201515793,0.011936065956652683,0.005097066937184907,0.02996750201143311,0.02150724121515369,0.011697671357614046,0.04049087007125175,0.030843536072817403,0.019466328606264634,0.010168787282724804,0.019437003120504514,0.018244038348857242,0.02230005759388219,0.016911756495254157,0.017367417960278853,0.017657252164968138,0.01860388661501825,0.009259552702817428,0.04380891076335063,0.03824710666353401,0.018432169850243613,0.02843301824495518,0.03083282939222563,0.04052931349271406,0.03698816270397899,0.02610382877929953,0.018646655080248573,0.02473134014713665,0.015010094619629776,0.033955511318397885,0.03301203052810856,0.02145515427255166,0.023057561379342242
Arkansas SB 495,0.04755749836346083,0.10920873595725536,0.1506031090146935,0.06327803989192847,0.14160183898762535,0.12421202807764191,0.12511661458891637,0.14077281608383252,0.10241385651203493,0.11541487768362431,0.12832294612601586,1.0000000000000024,0.09687291826453782,0.11424285022402406,0.3513003214766782,0.012032728359684964,0.015894364621542884,0.025449090853661184,0.04638305799699129,0.06863329947389113,0.09632927046693499,0.02636322788115421,0.048118868933716454,0.04468434297512046,0.09784865814311462,0.052322001945123583,0.02689134913943409,0.10055610125181826,0.06186637716096628,0.11639023880334491,0.050391622485241074,0.14117300053292917,0.037340580369219674,0.06174816061356605,0.0323323274185779,0.041239012652199016,0.060869928242374444,0.07232971366779402,0.04111684605665705,0.06397280418825385,0.07085102144917783,0.0441655453654199,0.043752866635189146,0.05219495291316993,0.047629248879538975,0.17475259991161915,0.11182556472247453,0.08924178037431446,0.16291418251884887,0.29551733853667944,0.058150989831541024,0.07486369014540808,0.0676352856982624,0.03541290448514336,0.0197242170860415,0.07044253477393074,0.06026091225978298,0.05732045030252244,0.04554043565321845,0.05029217983086791,0.05969131832357714,0.06374662629991525,0.20544204531670193,0.04861037292722448,0.047198079362501956,0.06389905548034165,0.013487998907776385,0.06916351912618582,0.11316293625695147,0.028815404512572095,0.014056585121177925,0.02215592954444385,0.015384303987887976,0.039172558018634944,0.03609362970077157,0.10098519887732614,0.024516450107326292,0.02109991121273694,0.04910533863309656,0.04435833792496603,0.028562213452065083,0.014263645513944984,0.03786881813806803,0.008936680481589604,0.057027590447186215,0.02537577842763614,0.020723628638906106,0.021851144332856055,0.050892662045447526,0.09480598952823172,0.009233560938694917,0.024719785002080955,0.02314508772018768,0.0364315132897523,0.019743913845885766,0.034821422058500924,0.03246299617468167,0.16589815465244817,0.02653683378151746,0.07824240531857556,0.09474699777739023,0.04999963467181121,0.0537633393339784,0.05249753118343236,0.05663268051617309,0.05655992453290718,0.09921493295760674,0.11852568020947418,0.10221281067127976,0.10617073161298551,0.04162393518249768,0.05180385582115317,0.03854413456879962,0.027400615039178886,0.02758437315163285,0.004233876955972487,0.02955796326336877,0.03169408199127934,0.007639352571294928,0.056705408887720785,0.0706143920162268,0.0565236885660052,0.01650908038725715,0.07657420331817519,0.03247685398398573,0.11662575390230177,0.07646079269503049,0.24669731903863948,0.049025252643825165,0.07295704609442721,0.05602555821943823,0.028037844631827746,0.06460508785073965,0.061776978808841684,0.015306442050530427,0.019978714474604257,0.08268168263331716,0.12273579249429219,0.09472610631699956,0.07072126777383674,0.0636888279035955,0.02427819904635984,0.07984987835314039,0.020948588927866878,0.1154677025633517,0.01796796098666349,0.038893221336180915,0.07521914861038359,0.09234053772514764,0.07408289307722285,0.009595265009201367,0.046250492182547724,0.016429254598418763,0.01376192126004325,0.020789852579664973,0.028707585785078375,0.03874271612453971,0.026216239969697408,0.06234948669112436,0.03960667514648798,0.07510402502581637,0.06955002190050116,0.09160651031975442,0.07515176960090594,0.05381357128600977,0.09992520959060969,0.043310469728451116,0.0768066655638915,0.04802163121127702,0.10159793459127588,0.041482751749460534,0.04651742566816019,0.01565194679604532,0.11915435134890426,0.10048162323898821,0.05601822389521781,0.041943978108906696,0.057360076188749644,0.04622920622078057,0.07354772448251046,0.061407445053452324,0.04285517211752477,0.05242009247101435,0.11132343336317771,0.10106824911989122,0.09665130628718292,0.06835546785413966,0.04825166289509076
Arkansas SB 542,0.02709901540872831,0.04554377088986933,0.08773722785157272,0.07236651813591964,0.21782752003974656,0.12982366928673136,0.11265955857015143,0.1360287866384635,0.10309547849467213,0.15756684119301567,0.21635897216874764,0.09687291826453782,1.0000000000000002,0.23681989290488112,0.15482390320474204,0.02199935985478128,0.022028256108939118,0.009365638288833543,0.011913594137836648,0.01820296248307981,0.03273270503080365,0.0191892122062455,0.01575745458599062,0.010602081077785848,0.053636344499708194,0.02385929114901669,0.012439525733615004,0.044959579294214985,0.029327862161416907,0.04628405169422464,0.0202201044027267,0.03939217493382257,0.017982638064349608,0.026088925470115445,0.021340023048588664,0.04365471394551315,0.0209736244055596,0.018120812676093168,0.03531315674848831,0.07232332790244453,0.03755947639366308,0.02959112193268248,0.03983945899193791,0.043200855416641495,0.025018121943576298,0.07699453771881025,0.12175363834085928,0.07056972739991874,0.08243632655242335,0.06982996163253848,0.059247406542736324,0.022975270308722512,0.03300325026979053,0.03901814321713997,0.11171757759413226,0.016953913514165114,0.030198291946166023,0.05033903872455182,0.013800585053888712,0.11476563067157838,0.01921118570996494,0.022395441924326707,0.027571218095304332,0.050823305726719135,0.07942023737766238,0.026918446321571168,0.008602193960304013,0.030525506425359915,0.04901487447521852,0.007925296206224905,0.008201630035210464,0.009675803696760549,0.012245221760160532,0.009632765906975288,0.029334269122150806,0.03200105580953582,0.006489711430394438,0.007375292619836867,0.04581757333224572,0.01226340854752491,0.007059579134286107,0.02184213478501384,0.018756676442417377,0.013156522529380982,0.019686825745091785,0.012064677275893703,0.011419716609125012,0.01935777841310483,0.021376184006398236,0.12028683172511982,0.010708824009323529,0.0313843045563417,0.02251234956697117,0.009081563997743037,0.01329667732238028,0.013221109720409867,0.024031923416243186,0.07986337923176276,0.018581750964027567,0.03170252433707543,0.03400995112645496,0.021630163315036272,0.01983731311385489,0.027818919512339415,0.026539026668864703,0.020713552290152686,0.045882310065844624,0.07820088291041888,0.058578899853157375,0.05478644640193744,0.03295094337333625,0.030043856883442924,0.02161114124903696,0.06001080636121754,0.028410480012890427,0.018832786743634138,0.04091190321127591,0.06822978022494311,0.013764397173974832,0.02123190661734751,0.05525861602880479,0.019584221504520227,0.023388431895389118,0.032081029125428005,0.014933344950834752,0.05695607373787089,0.06462163337495946,0.0771637447104867,0.024388222873968853,0.029011425192548023,0.025614716128630692,0.013646552328655312,0.025310334968715514,0.029786984735855934,0.004306703282612849,0.01806757960585997,0.043379832854762795,0.1500263556417583,0.05019609661744335,0.024189462677595197,0.021680580595358972,0.046987878401803185,0.12866018669830992,0.017749552402265577,0.04604458309356816,0.026685664179393227,0.02010249835299189,0.02619538656068624,0.03991023795657375,0.06021298681315722,0.021916058402952607,0.22883241792897774,0.020718750053976383,0.009201017975077733,0.007154813254393304,0.06053034063604213,0.03661283735457083,0.006861415054435939,0.06271131154962413,0.015674164081368427,0.016489315068205425,0.030006801873443657,0.04522040931616465,0.025212155759096164,0.014298858211638106,0.06364678694005561,0.016845774071259617,0.14298161550860394,0.04841852891808212,0.027954468138999718,0.01606070333415187,0.02652064583158116,0.00529479098336803,0.044689521906658355,0.054664861585039484,0.03935855942426086,0.022840899613214328,0.03259172964410185,0.02613571947011194,0.03505050459947965,0.025992849611085084,0.03478099261120306,0.03724644471733472,0.028594583662526495,0.09099185513557614,0.03771306501946983,0.0840846308459705,0.03896086225686428
Arkansas HB 1786,0.018336248076232645,0.039153136689503654,0.06150517684990372,0.07598306215841724,0.33203079035155825,0.14087500576051254,0.11664402137231569,0.17976248572724984,0.12486638004306135,0.19314292865317728,0.23946236339121119,0.11424285022402406,0.23681989290488112,1.0,0.18603410852813074,0.010130493621967059,0.009489356740737299,0.01096691056917344,0.010833339846697106,0.014842525261989578,0.025847943036016646,0.009989581835111231,0.014357262982900238,0.011315486061554473,0.03936503318987029,0.021768998646611946,0.010839770354304326,0.026085677902521927,0.013581051607952347,0.029039030413047583,0.013214472324695734,0.029735248384430986,0.024238767507046035,0.022192691178555168,0.02497236010555209,0.024624438934959157,0.017666456155546358,0.009739474901939951,0.034391847118153546,0.0625807143742639,0.02092260223199312,0.029102974981774426,0.03541536386881721,0.04027556622936887,0.026546987993342448,0.06872563175502763,0.10170533840051062,0.05195370429368546,0.04863320043444022,0.06004127038030959,0.04263980345927465,0.020344454855495284,0.030098156089355142,0.026276347841925746,0.08799220853245887,0.01544798281301976,0.03138624883151731,0.04334735306864194,0.012717396403791282,0.06178326287469508,0.018501494712457833,0.023259829220285324,0.021025945937935175,0.03209275009818961,0.04167046929822634,0.03937223049062381,0.018219051296280427,0.031638769311771495,0.04799265554800016,0.0103518329933628,0.006884150466556401,0.006836836403346716,0.004077781060694893,0.011239185918358645,0.024510319978784004,0.037656901021248426,0.008180487446719129,0.00750775379640465,0.026470060406078223,0.010163369047407852,0.006020987379480089,0.02390992783709946,0.012757238718009375,0.009958567776553087,0.01426173609964016,0.01484924594517686,0.009046137217217093,0.009609667061974695,0.019432726878398004,0.03393488046202038,0.016362966091010563,0.027803475553239684,0.01904895981222668,0.009212111882084593,0.017027227110374216,0.011927589074875728,0.014802728173475692,0.07938080790975674,0.023518585495384676,0.026049204632954917,0.025821536709300277,0.021213708602220174,0.01461110316197845,0.02222576410281584,0.014033781809006508,0.016806200947416187,0.029755280540335584,0.06972261899478298,0.04756368438323571,0.039332559019297546,0.02242333359702027,0.016414361628822823,0.019760345952375163,0.03580273636050678,0.023280206026705184,0.000893740910271348,0.031840939009510405,0.049614013422027,0.02028354813656468,0.02710002967513865,0.057387441471827685,0.021296198556890158,0.011850022341296566,0.021192727171864677,0.011208544759387404,0.04567279714357214,0.04243113520217254,0.05839471807821729,0.02063079834206514,0.02403043954687482,0.03892128678309013,0.009760858182778208,0.0235795933576397,0.024399720444420715,0.006929646189881944,0.01885458346571396,0.03995133258012705,0.081616558929583,0.03703598708548107,0.025739111823227398,0.01866029782140228,0.03525375338766061,0.07410414596589848,0.012152267332650778,0.05050712360149481,0.01819572134299539,0.04958028854097584,0.015407564600653841,0.040182973381147326,0.05625364628700144,0.021675404002161097,0.13567839807598198,0.022306281888295094,0.01757074179450982,0.009160928881873774,0.04593344579631751,0.021777366456691982,0.026102316801352946,0.043542421875767116,0.022147076558781082,0.019248325173721405,0.037209695958546805,0.035087308733362875,0.03262244941331586,0.012832238156356042,0.0487807776419382,0.019534090694244735,0.08466604876541264,0.04318300611584006,0.0254186005794318,0.018942768985242896,0.023799102588567964,0.006242676044526212,0.03476057652704186,0.033442027021689184,0.027278139194766945,0.03105722746908462,0.02648195836948853,0.02866776600643499,0.041988748684618236,0.025504152170209852,0.01914543225537846,0.030189690092796574,0.0313136216541704,0.051675115023555936,0.0337108524583469,0.06763177950755214,0.036279995544027485
Arkansas SB 465,0.0566674226818972,0.13899762665352516,0.12799767466394293,0.11198837953482188,0.18223932954169364,0.1415640684998334,0.19963991959115981,0.16712669445127232,0.10815635276391547,0.142784660176137,0.15669650734482324,0.3513003214766782,0.15482390320474204,0.18603410852813074,1.0000000000000016,0.027753887485838322,0.03125596921484722,0.03821106909694498,0.06838913783058655,0.08464197367980207,0.17563282309336933,0.05888598562511357,0.055357754474500684,0.0250522099049337,0.06792744723800467,0.10783363447720833,0.06685971356836183,0.0926125853911527,0.07632548215944905,0.11673062857933567,0.05604945678552318,0.10047576883434196,0.03361734263682932,0.08284426386682503,0.04513755139871152,0.09801647972919035,0.062124021570107386,0.1389802049956275,0.07275010197555692,0.12661501840645414,0.07912133226107906,0.07019306255889364,0.058874649115871924,0.08621281708699334,0.04850775671398233,0.17203371504359985,0.10301635166813229,0.07447574422693103,0.2055280154949622,0.1404766174046769,0.11173746545215749,0.11552601271430835,0.0748270997971778,0.03638013872387387,0.035863400337719925,0.05351797762372044,0.05115295232069981,0.06634239517684928,0.06085527006940798,0.058748383989686036,0.05058791826061462,0.06365811772975806,0.04357482901078826,0.07533159161015947,0.05512932439096817,0.09250797243635477,0.031070636002214477,0.08748148086069725,0.15545430334059154,0.020938673714599686,0.041938498448130704,0.026512520209513116,0.028479680142181735,0.041445542550676256,0.04817802647522834,0.11389593432672628,0.044322480261146234,0.04801786360877149,0.09981334253954723,0.040387701378547275,0.023917453901314837,0.012849492721289003,0.015197680691573505,0.006985381067164804,0.05447431878143585,0.033046424996285184,0.04859027617453513,0.017113105226257155,0.027632140272476353,0.1096659601289061,0.012807608936157943,0.06710888934005611,0.03426169907226791,0.02895559630836444,0.013810659373100796,0.036935788922406725,0.04345173553891783,0.21388048625200068,0.037653555005631674,0.07156981233468945,0.12539280001317432,0.05921356137815955,0.07689868873160347,0.12857685811628924,0.04230242314704942,0.10391034134752666,0.08480752468698625,0.15228082887079528,0.15431523272592737,0.10852490452181271,0.08727417682670283,0.044573590944446156,0.07381823675124818,0.046607014011913174,0.036248829654280904,0.0046530207700788955,0.07884898512299804,0.0542642591109351,0.023126010555894996,0.10229015528755232,0.07021528948314099,0.13558775322624236,0.03623540232566326,0.0461073714314323,0.0402518674113215,0.10833138914001081,0.14419021291965803,0.1563263473901377,0.06656073955845639,0.07286865959588215,0.05563956401902045,0.026089469554134388,0.06480775583134042,0.10561375334103089,0.027121476348125086,0.028883670636519476,0.08959635643252638,0.14125870696684492,0.1528434797830885,0.0857423838720629,0.05023118687708253,0.020623610900306344,0.09512310858829048,0.09789105390741133,0.09072801668372173,0.032542902511781754,0.0785329368055674,0.08767808716618085,0.13064380910924991,0.1521318238269976,0.020536828362399357,0.08051070831284181,0.018615372607949897,0.037688585025942155,0.027779260836449986,0.03618809402735043,0.02509385698151363,0.054423847830340884,0.14996411904371632,0.05210640684669943,0.03511613618241402,0.08584823299435422,0.14662154973120792,0.043775297225721405,0.04266687709899978,0.11235441670503682,0.0377323990722815,0.10613958549789729,0.07252245626443314,0.07156310224124225,0.057745682690231254,0.11459187800777172,0.042952012772295586,0.13944913528250757,0.13972684526453266,0.11791891964285647,0.04478337486644509,0.06844813613399917,0.058258542591560665,0.08425918196111758,0.0802988234096961,0.11381349171216282,0.05830587736483795,0.05990930212105371,0.1077681279731114,0.09306747771573312,0.07536756955929327,0.04387122195348236
California AR 6,0.012999276202579917,0.023971606431396716,0.027894582464707503,0.05059546232512101,0.04002265721260062,0.0753362230016025,0.015836488584836744,0.007320910989171678,0.05333517224419296,0.004734415101092245,0.008383167919064929,0.012032728359684964,0.02199935985478128,0.010130493621967059,0.027753887485838322,1.0000000000000315,0.9309797336609342,0.13184948907800764,0.02121886632192979,0.03149943463596759,0.038957238543647674,0.0395896695854139,0.05241863798706085,0.01648251725091878,0.027578897298294977,0.06492091798517069,0.036499322411642485,0.07110871393426604,0.03136584640138342,0.034735709426862306,0.03183569152389819,0.02397584471141338,0.03622455204203536,0.06926951868029972,0.0327804467718427,0.04651837524533844,0.01505116170154112,0.035117578196588554,0.02070300454769155,0.035938733511544176,0.07009118296946622,0.16201746480332804,0.02275046256923623,0.1122937832964386,0.26429287074509217,0.03510643538416965,0.0331936779611819,0.014503146943781894,0.027620233925732495,0.04019739901862407,0.08088739664058399,0.018059840206421953,0.01003947099773129,0.01106572747525712,0.00933467171647179,0.008699120720473755,0.013601473161356504,0.010404570487690367,0.011658253473368194,0.01596093695056959,0.010687660432720982,0.008548460452830928,0.00923462591549952,0.015445795017781677,0.026675904760649894,0.0172645651523789,0.12128413649107808,0.016586517119942367,0.015341114562860681,0.024962583548293137,0.04761169627013839,0.008212892047261923,0.009380011023410205,0.008037216678359715,0.009588510271288112,0.021295798424554906,0.007009233801715645,0.036303187704541565,0.0299531680389733,0.018819294345330927,0.012386001021485413,0.00914945618693353,0.009196609499601873,0.007779188504498107,0.0805530910962242,0.012860180912342211,0.13719790217572342,0.016905806057837564,0.011915673520020965,0.030861738454100597,0.015974028626157113,0.019683555611069548,0.05111741564248419,0.012171961938167887,0.011024851890616541,0.00810762550317966,0.15314814321333878,0.03284595665984349,0.020759020839949627,0.01970222761028199,0.022513645892483447,0.013625229065421546,0.01096706739623121,0.008743664054827667,0.010803676610179865,0.015197113221432452,0.025423515789011825,0.026763525827937226,0.026729401177707095,0.02656998207712541,0.011108936390660754,0.01011707962614203,0.030229857385287297,0.011784461912297829,0.02140523842297962,0.05629311412049195,0.014578251444396095,0.027800590866368616,0.010368826789199617,0.022703402451850617,0.016990912378650965,0.011698248946799873,0.10079440942315268,0.00902822192355162,0.007864065233171494,0.04271987542717683,0.06849568419119058,0.0270319350519167,0.049209792048596865,0.03581722860002781,0.01543609133079019,0.009720308511251274,0.015109412960033888,0.008719919789093776,0.02908688416617526,0.019806268598941846,0.03413921310341935,0.025226544674670122,0.020801582966501704,0.015996462317901233,0.018750732193208816,0.01406623237831751,0.03854585231158941,0.015843651336321034,0.020031123104302436,0.07137238197139531,0.014836357490541569,0.036388236584660595,0.01694260014127251,0.038662810810905224,0.03016273424519649,0.02605557890747697,0.013219431777238975,0.024010395258691142,0.004383083174011019,0.010784872413315166,0.010062970765281294,0.02622431316254427,0.022817427388972022,0.011183087989440423,0.006925427921256507,0.01865158495790236,0.013216155017613328,0.008666067733744707,0.007920784678144057,0.015244902714134973,0.005924138035941151,0.021040971720978473,0.013000828562067334,0.013295409056944872,0.008366466229754564,0.05614782804785712,0.02105780836962686,0.02752917388996534,0.026659840614547313,0.02319808714301238,0.029213897842645175,0.017573063525361844,0.019435096594386386,0.03665410358958453,0.012880707612016446,0.015986250543562477,0.011137882203374904,0.009056623100569145,0.016178111311418834,0.02685791582365866,0.024983891818592542,0.011180667628118143
California SR 9,0.01626143477004936,0.025476802768235697,0.029400141647268466,0.046276996875703816,0.04124436695482441,0.07160075954061916,0.01701480976988249,0.0120686397427837,0.05210464369365981,0.007774347741073995,0.010942009990189386,0.015894364621542884,0.022028256108939118,0.009489356740737299,0.03125596921484722,0.9309797336609342,0.9999999999999987,0.13452154838777883,0.026535869068272672,0.04102842628161221,0.04418490996534951,0.0407005840236817,0.161169516832599,0.01921071611110799,0.02622813026458653,0.13960145893680193,0.03318068885745447,0.07840514040852821,0.03703965701226317,0.03816139543199906,0.03551949364207024,0.028560764915548247,0.03199828489580418,0.06872221121316946,0.031568718234020805,0.04445215581911849,0.017065388882393527,0.032833882002304415,0.023395827993660592,0.11448115039345458,0.06681228610540747,0.15400690487195093,0.02173518773422329,0.10650330306193417,0.25110251519495685,0.03743617174116532,0.033734950605544836,0.017598578413861515,0.0334152726515706,0.046382677887019226,0.08141112848256392,0.02199933140325372,0.013877375297160674,0.01208243209865327,0.008231910335611528,0.008385851946208151,0.01442825517614419,0.0119602919693658,0.012682905765212448,0.015855600448872877,0.010513413706159007,0.010025005735190554,0.009964764552239394,0.016744048096347906,0.027041057276774322,0.015594217633662314,0.11101528144905959,0.020160120518361697,0.02110283683376437,0.023649211768207525,0.04530303125190606,0.01027111700813354,0.01067422196754296,0.008381592234141306,0.009607105555497344,0.022138029053952873,0.00713785830587615,0.03495131840028077,0.02931162341657463,0.017702808778121443,0.01229599935680053,0.009445435426584136,0.010027465972036909,0.01322775973336337,0.07550182128083557,0.013700929914322322,0.24082830882520134,0.020149898759638844,0.013192456298215818,0.03056154582847703,0.02059494518279757,0.022549508134941974,0.04921686994996246,0.012986561858730254,0.011128796441329468,0.008272730358841017,0.14571343072918957,0.039117595523029576,0.022900360666795454,0.019653357303347344,0.022036975122601908,0.013911110685325133,0.011279505035730511,0.010752725790529466,0.010754602115980803,0.015379748618192534,0.02384862022390851,0.026812163772121353,0.0264841188595124,0.026367033138723916,0.012272202084996223,0.01290921777055724,0.029945973753843284,0.012626910913447698,0.021898980813526148,0.05750110712242549,0.015647275832243117,0.028380548375749954,0.009759276067434687,0.024242063877223614,0.016749974654803837,0.01586807082161687,0.09487882624678215,0.00902112784916569,0.008262576444657678,0.04228091365956419,0.06654410137288669,0.029924895147996757,0.04829431103531023,0.036040863109335776,0.01832768783050646,0.010011833512784427,0.0204632347379022,0.010697923512980394,0.02756352168629085,0.01987511205805041,0.037198903291646886,0.025675804422271683,0.020075861150283383,0.015392730393376786,0.019489983886655023,0.01221311881098163,0.03672089453588388,0.016489739557380506,0.019339675935239928,0.07799455830699575,0.016938918808702283,0.03697295744569262,0.019748684050238687,0.036769136709665515,0.0387287964278374,0.02517573739792871,0.01652656604316108,0.021162395503418106,0.005014513302732162,0.012538230649104786,0.010300844532521853,0.038272287688092724,0.02410716965216155,0.011281730217625557,0.008705573338704886,0.020065136325420816,0.014759419963122482,0.010593625261823385,0.009903710706689143,0.018968289926706735,0.007760366151777597,0.02439630709825038,0.015751725658610365,0.016505115944093516,0.009594533889641172,0.053058330889248585,0.019965913348484743,0.027774863563168006,0.025438270062895316,0.02224955025296705,0.029676737335097673,0.019448842623670623,0.028544277696961093,0.042407441296760405,0.014573081830408051,0.016734153011645093,0.009972922428717617,0.009930905761215069,0.01814009593837758,0.02801293851685745,0.025892540683614216,0.01663452170929905
California SR 41,0.01671953034685363,0.03156174708134642,0.03634666741983075,0.05864221632264666,0.01717789653590847,0.06223265826608329,0.012368236826730961,0.03712113154632885,0.07365504305186543,0.004121036659764506,0.035870983155663436,0.025449090853661184,0.009365638288833543,0.01096691056917344,0.03821106909694498,0.13184948907800764,0.13452154838777883,1.0,0.027121900548188704,0.04426743138921833,0.03631802921578096,0.017876561824679935,0.04167566705628891,0.015648187154989775,0.024036530491257244,0.024978963680262468,0.032884418664347555,0.06800936289824086,0.023259855164526097,0.06557162665299994,0.03600938474466078,0.0517582447253175,0.06331530697703185,0.04805996220686911,0.01924324203346388,0.020926265435304542,0.022450690492496973,0.05679765010871573,0.01979043978247153,0.04747226694516399,0.031902232697869896,0.08834839347062087,0.02274283560112537,0.05058577886751796,0.14836859054536786,0.053957020628106186,0.03124751187546296,0.03049503341393311,0.034519253640079524,0.07481755060159416,0.034438946102523446,0.02647146965661213,0.0161748247273155,0.014166890947076766,0.010713716294153155,0.021584294333053925,0.005683711458840784,0.02175955812995148,0.014092331566913713,0.018550210250250325,0.017898225657790322,0.04668291496414771,0.017417668077951903,0.01940584827159191,0.048069985165391356,0.028972411529680515,0.07405269208737704,0.015140438493138815,0.034273070117644834,0.011257606725406369,0.01674823935965762,0.005238396703878972,0.0049532797801303706,0.017055659695239037,0.010504821780966303,0.038570094066518984,0.010878907341842627,0.01746135402026911,0.02141982514653257,0.026240639989813866,0.0354849348034411,0.01814688385556796,0.024099778504749526,0.014731846260361382,0.08111330559777843,0.025720431490096597,0.10476261859955432,0.02757589955624913,0.021778634143849184,0.02796272970229433,0.010886608336819373,0.01954414095416098,0.030277948722850074,0.009820137618187737,0.014120338274129214,0.013731765995004046,0.026862660232118772,0.026008855854572098,0.04964154323208077,0.04298857716537806,0.04607790662408655,0.033362417679897095,0.0071229178688058635,0.008712564441590716,0.013258176943790813,0.013110163719461346,0.03453687806615454,0.028672669564713826,0.03415201076772249,0.031901919280623595,0.007896304556503789,0.011832168692155797,0.02972742263007325,0.006983910747491556,0.02203697343654539,0.004165873870210291,0.01572615744543622,0.021963949196840925,0.005313957371656687,0.014855668026465558,0.042127883150752686,0.018871573473346837,0.037902073897330024,0.014940800416642676,0.011460176194439446,0.027680527806022624,0.030165381826207253,0.06518545222079386,0.046240417068895236,0.039132890511290666,0.028221698379013296,0.021823255483427166,0.025713245789675182,0.031048747865903715,0.07206790110437919,0.12016290741150275,0.03299942105255559,0.04386015755380634,0.03331429180018069,0.02757620018524933,0.03971422559366372,0.011976261862713094,0.047674635920458557,0.02352952361310173,0.02392501760319041,0.06770380445076873,0.0200045624420713,0.038378689200500644,0.02585250866511287,0.03972233633838813,0.052677257548186626,0.03275441847017983,0.020778772897816582,0.0503637462680725,0.007696148394032543,0.010186306863888897,0.01386669033083229,0.07488903889920517,0.03735221636134332,0.020891902789276592,0.011517092592210525,0.013316086931421667,0.024876373336417113,0.01272347769853228,0.016328941253908803,0.07220197802110563,0.008380763444496814,0.01761160417111094,0.02540326807226587,0.02016762062868072,0.008685381152091122,0.044672381948891456,0.03482416361104377,0.06659092257767588,0.048406765163178773,0.03137323885856853,0.021601048615129504,0.01638619370324153,0.015837802023431782,0.019640180941714595,0.017710145693794775,0.020800506700440174,0.0158895410396858,0.01861706088327803,0.026259160148528027,0.03297803567785478,0.026252520892351017,0.010337446500553037
California AB 100,0.038421728265451836,0.07402611572143818,0.04171806343068922,0.013108763474183742,0.02230929568084195,0.025391110454846145,0.07788095976104445,0.022738386881569452,0.04062545866045988,0.009472422556363637,0.01679763576366383,0.04638305799699129,0.011913594137836648,0.010833339846697106,0.06838913783058655,0.02121886632192979,0.026535869068272672,0.027121900548188704,0.9999999999999973,0.44278605667008747,0.20383719322088864,0.05813691869125551,0.06123335713381002,0.02755457133164159,0.041773309420682296,0.09686162919321747,0.04833963717179797,0.09095942837621235,0.0899447456445573,0.10920111418741987,0.049809115100559936,0.08308675880260197,0.02357456138210622,0.04528133142326886,0.018030969014301006,0.06998663232579427,0.035300536390702957,0.04090504040449477,0.034224998581999795,0.050106619147354994,0.04800472199302408,0.03162269920400681,0.014199914444860533,0.03719215799148308,0.012737494133322168,0.083523059198983,0.029305833682981362,0.028994122892325683,0.08762745281741567,0.0531075247260528,0.03439209770144069,0.0642490877482068,0.02404718379547016,0.014926011521584343,0.009581280008683603,0.04884504315414321,0.021159836504777256,0.030749006092432175,0.0980396353776423,0.025531432944852897,0.07979307657042518,0.05394405816406961,0.027109314056642925,0.032042247513711604,0.01763961122330498,0.07302248837620165,0.01180845471880844,0.04603379474493494,0.20553414942283607,0.009266140366916467,0.03589010527757473,0.012510719997890794,0.01574087408932024,0.03454168320143355,0.015430818233253287,0.06426241640858507,0.08855913816963876,0.03489659265558449,0.07006484429877885,0.033853447664659725,0.014759238349790853,0.005845248439589405,0.006841302772522342,0.0037408073812593484,0.025624136539277823,0.0071374761312089025,0.0229644917517651,0.007999696139686338,0.009750493789624998,0.05535566413353016,0.005043924360035186,0.0335865227090648,0.024349769584860743,0.05108308567965278,0.009185728194161412,0.01537108470454873,0.016745829514038406,0.08015428529017544,0.015085334280166365,0.04206031362243589,0.07336770141100137,0.030471142318455227,0.07295470253436925,0.05354337637300399,0.022585442557757726,0.18190876370721765,0.045844918022828106,0.08747107092311608,0.07774476810898355,0.06103865102884473,0.03591912792256722,0.02631960939028403,0.03982089804456468,0.012797511173408053,0.030837049937437508,0.004410154858820346,0.041782567148273685,0.03159509626135691,0.029152525616280234,0.055785340715502445,0.027907438870191065,0.2517452488160795,0.018191279248009132,0.027651446377788026,0.020978671160597158,0.05366545596772441,0.04685226567617442,0.06099228640739311,0.039730190759375714,0.042390787840961196,0.020701220998073595,0.037283439667131706,0.04116307849282785,0.41554342077154793,0.028237881051327858,0.017494165260167057,0.0398536357491936,0.0835634369379862,0.08550284105523637,0.28491690913812073,0.024053528715449413,0.007673753236257412,0.029935805120603308,0.056003673553709866,0.036698641724701525,0.007300921936724663,0.04649190038521939,0.049907237802069494,0.30655686362690027,0.05336771951355821,0.011621876771273895,0.02173944311812839,0.006770257579304724,0.010256691248369408,0.01757821818495312,0.015730747325582186,0.008375899156715374,0.02092128506105055,0.041653168323310695,0.14655463946749878,0.009226356228461914,0.03633044481360602,0.06152745462562718,0.010945875199835132,0.03718861107951309,0.05355287930315363,0.023760519043271783,0.04259117675387438,0.024035000779253947,0.03920254567330017,0.0262578990767555,0.07172661223427763,0.019738049243931396,0.11698781156613841,0.07488960000307418,0.05438773450660554,0.010848008702929358,0.02701918133850555,0.017702288266132016,0.032663102834076786,0.18276726476603938,0.042156996119766546,0.02666232090184711,0.05841178723152625,0.03473140726315952,0.035078418576003606,0.0360773514486808,0.02220367662714645
California SB 101,0.0550861165931304,0.07983895359234391,0.06265731801503427,0.016968586970764865,0.025942717062959413,0.05975058424727707,0.13129220917447756,0.028264659777045658,0.029753433313314766,0.0114721174745924,0.01256405344505381,0.06863329947389113,0.01820296248307981,0.014842525261989578,0.08464197367980207,0.03149943463596759,0.04102842628161221,0.04426743138921833,0.44278605667008747,0.9999999999999982,0.20303665188266765,0.03321388170513295,0.08348790924262911,0.034148539996854,0.05917603750206065,0.13164083790623973,0.03903890075094112,0.10935785384093887,0.07948286609831602,0.18850300656248398,0.09396428150898158,0.12510000237312235,0.031992228155861224,0.04227197481852777,0.02388889576304716,0.05115957559304832,0.078006504619583,0.04724179221455647,0.03134692015088202,0.07472735867667786,0.053789099368193045,0.028788509396765753,0.021207344414604853,0.03353119157486574,0.04689477458508404,0.11596670399393459,0.04668095284601586,0.05054953224572803,0.09743683674691235,0.10486554517674608,0.03142194015673023,0.07054613605619553,0.03736054018156484,0.019627092903200676,0.018533481459314896,0.10543540118603437,0.03847765363848029,0.04873937882197931,0.20876369247329474,0.03318550613229694,0.06958666366035345,0.07552527884838067,0.04925448291299918,0.046598818199381546,0.024919017452149358,0.08647845603389907,0.023160774080351727,0.050547305239664324,0.27212339372718186,0.008380641947393231,0.013269865311298043,0.017834683748877235,0.014398364367889698,0.02293192761115241,0.014131523849779701,0.08689389533022776,0.16512958761324106,0.03298294479578562,0.08313394491166107,0.04306640931208012,0.016078837521097535,0.012203553252791578,0.01680781677646308,0.012360057338024448,0.033138374442499445,0.01567503129774407,0.029794595138761575,0.010463154331317538,0.015133599854723324,0.07489378388598505,0.009304282937998672,0.041377124328880466,0.028823414365400948,0.08887976328468737,0.027262762028314222,0.02008485253899506,0.01477205964998723,0.10949599496493262,0.01491707587384843,0.06453347715434235,0.10205000621982492,0.029525757942306843,0.06170706379967147,0.05659831255018801,0.028659944888659986,0.1777343886204471,0.07459904348049479,0.11807602665693498,0.105900845392553,0.09359286922232367,0.04412727889856235,0.030481256405096295,0.026101143635922905,0.014689721962501822,0.026903137055928936,0.007884048588977973,0.046630470867354654,0.033862957078239955,0.042601968741034515,0.04711580658570912,0.03822628544266173,0.2639056598088987,0.018015247840276482,0.02997561252975534,0.03370509238146716,0.06108783039141696,0.05256393632263224,0.11377670258794519,0.03592064901876592,0.04522224386844824,0.031081802084137133,0.019289387763497562,0.06358785513588652,0.3237025399332071,0.026075404430580883,0.012320376870630492,0.051071717267502814,0.10606674800901092,0.10383790582167797,0.2803356946940121,0.0503798859210023,0.012201684463686812,0.05156666529061154,0.06363327026979837,0.09253199099801203,0.00883835387078147,0.0420668682305857,0.05322582960858286,0.28413660557334963,0.06992121593215532,0.008456161290658404,0.044528625766874566,0.013878147135865097,0.014178567204612198,0.024374743954640708,0.01691614859527473,0.013480856599018105,0.044650981548260006,0.048760547261363876,0.1817340172773924,0.016362351286558264,0.05757843063319568,0.09350776099635962,0.016815924392252588,0.05052860018546259,0.08402931083018192,0.03503984122223205,0.04777050584824824,0.025555625842410154,0.04613419384273636,0.03040697471096323,0.05448897882205957,0.014699332122591103,0.11736410388508492,0.08928014203081042,0.0646701338543421,0.02383169425933792,0.05807197926618917,0.02399982178117641,0.041571688551142814,0.20175312184107588,0.054618354845142075,0.030696186531052865,0.06593668603747029,0.05035071872879639,0.05600914701365584,0.05208960409733076,0.027349868453486238
California AB 118,0.07966778876702918,0.1616373699830329,0.1420080299593295,0.02410460612828899,0.054798378382905986,0.055191776354546265,0.10307983936248016,0.04265381306680556,0.0397069968529046,0.030129009166759497,0.02269190682331549,0.09632927046693499,0.03273270503080365,0.025847943036016646,0.17563282309336933,0.038957238543647674,0.04418490996534951,0.03631802921578096,0.20383719322088864,0.20303665188266765,0.9999999999999994,0.1654344556586245,0.13353292526335903,0.10363800952988264,0.14411494911021294,0.312600877380017,0.1673550288753678,0.29500348842246094,0.3876770339516453,0.3159089243638382,0.13133634172773956,0.2942162021444223,0.030823075599083892,0.12684418527243796,0.06043428943021266,0.22927123798968352,0.1054481952046542,0.13171705282391835,0.07899141334987209,0.11384094865843043,0.12982032141546493,0.04887107829416399,0.040835981605475954,0.09726170837705278,0.022790182004002377,0.18261479003371683,0.08933350804036672,0.07124062699507318,0.209424209479734,0.11477599598784506,0.09843572883669832,0.16855685742361035,0.07310673322273385,0.049223600167364046,0.039240221923658815,0.11997475416743827,0.0669201667937937,0.08844925189868937,0.13946338230824534,0.07620066655900079,0.11126655737654167,0.112463040550747,0.06763819781350316,0.09046276560653588,0.028169080623326074,0.18345947708771104,0.018416682340480023,0.12155174063625929,0.1681582062260173,0.019709289571720974,0.11035776100054874,0.07276436311959823,0.0842791599151665,0.06599643871484326,0.05707206746812676,0.1544669205327994,0.11764215763774116,0.08450003814723148,0.21093899575690225,0.10651121025963864,0.03566572508130293,0.013697129723145301,0.029386916112081142,0.01286098840875687,0.050342448155768854,0.02954177230813624,0.04980552247583792,0.02738718533733975,0.027987474230967636,0.1813177889750149,0.019912489239300644,0.08491706079889001,0.0562137729407849,0.08628045661863736,0.032544721404864516,0.04806497260069324,0.05469302411618768,0.24037332376501344,0.022395986059967215,0.12416489964838112,0.15420904929401222,0.05955958687390991,0.10560774896588346,0.13890785584832885,0.08252062598535422,0.1522419246149162,0.14764849706966446,0.23152695294744297,0.20620425836141176,0.1816315409127489,0.11532213356563434,0.10443856204679833,0.15800744863301605,0.04066321533650698,0.08154508422559917,0.01070797475990413,0.11302458477100852,0.06309786963979207,0.038845546361170505,0.18244249559084275,0.10731502070204192,0.1856738267522678,0.0578863882623745,0.09021397818434208,0.06709692220801448,0.14033312296700448,0.1357779859672686,0.18493653008148167,0.09640793036759188,0.09572632478135615,0.05916191003240582,0.03382767213850893,0.10773108163564646,0.1355225219566565,0.037897806377672594,0.02113108666414367,0.12020207499842372,0.1959892510519369,0.24551604761690263,0.1876469325169953,0.07035045117673298,0.025640122349827932,0.10715876040119067,0.09755628298720206,0.08488381041051385,0.03294046271911974,0.12403242458561359,0.15433048121416493,0.1369918445110232,0.1519109297088174,0.010479137590617636,0.07445718917335711,0.011314739395914009,0.024218454908056505,0.03803866170973385,0.041562192153400096,0.03066731175508439,0.02684864864429671,0.12605421592730237,0.10750909859466307,0.035368855599058904,0.08418127817108134,0.1413269160784462,0.041935326513142655,0.07745868694194596,0.12526956451495486,0.045493147383494865,0.14483231564651064,0.07679473644835444,0.12541383788319774,0.0736796176540393,0.2245893723696929,0.021863751316394453,0.21627112900331436,0.252428701491348,0.17918101017701712,0.041928003103379796,0.06853318650578973,0.10726568568728626,0.09266331894958407,0.11619529241569515,0.09110111615074747,0.0487263023694282,0.0952396786594218,0.10453195508668502,0.10024953642129074,0.06783043663171934,0.042871986174731626
California AB 1029,0.01762056469718944,0.03987047755439017,0.08043972638415395,0.012273594642017284,0.014982761126792886,0.019186377727665876,0.00927044389840758,0.020299885899774144,0.022539015112545063,0.0193029896409336,0.006580990154270456,0.02636322788115421,0.0191892122062455,0.009989581835111231,0.05888598562511357,0.0395896695854139,0.0407005840236817,0.017876561824679935,0.05813691869125551,0.03321388170513295,0.1654344556586245,0.9999999999999872,0.03522534728328776,0.03508961886814857,0.05731174869085835,0.10224184288450275,0.13350102790950558,0.18806387759952473,0.06153029676290385,0.0779542010522035,0.04014919107986304,0.0851844724583267,0.008933994119093876,0.1361893867797328,0.02730244005740175,0.19528522732851822,0.03833930959428141,0.03492156781918222,0.031700976749108926,0.03857210027813967,0.07276348288607323,0.05103022560937037,0.04113188820433148,0.0769823147559684,0.01419429163831229,0.05751359614531287,0.04876732137419064,0.018553164628641705,0.058866803758903026,0.05093601272718617,0.0740274676692454,0.05930749932348094,0.021916373401373045,0.02357989100685483,0.023984954487398874,0.023513879303258007,0.03639956773877565,0.04751822444776816,0.016184594616848777,0.041699461454248715,0.029169283844606632,0.03361293459912277,0.015418526547288416,0.047704237226867965,0.020711290007091526,0.05243923674301294,0.01823530537524016,0.02485748806916292,0.02113969836358509,0.009228479667302853,0.10712217997531141,0.010022254082017077,0.030551241627505915,0.025106176477745632,0.0321639214795307,0.04853289278996654,0.01064791571736886,0.015203331769207039,0.18125340302296294,0.10029886542767064,0.02199908780338956,0.009193027813423432,0.009920416931702123,0.009123468967804787,0.02315417758613356,0.03234520464511777,0.04854019810423487,0.03449891978329598,0.020230492074324934,0.11453054310488311,0.013397547411900673,0.03510431135285774,0.06106508215482593,0.01162163001343044,0.020063643633186617,0.03688851263126606,0.07547747458377696,0.0605702491786019,0.01623238833537717,0.06147942099474488,0.03147800540872471,0.015527016925133447,0.0210848519302663,0.02919288393430262,0.05577814146333094,0.021925034652925775,0.0609949457599756,0.12318443221813469,0.07717387472080221,0.08671629051067889,0.058831266836949205,0.05433048607704608,0.1545753894400241,0.04189203035069106,0.08712249127858385,0.017450880327604973,0.048327917176828224,0.036963800976652396,0.012870473719681402,0.14749176864592364,0.053569633362647875,0.021721776359526757,0.07875502190744389,0.046034669055292764,0.02381488270474398,0.071064189956,0.059732125244026484,0.06561367507818992,0.09275431637202866,0.10001657563437827,0.021070132061175504,0.013313579770410913,0.02559528490418983,0.019238294032132102,0.01380389377961614,0.013046639159426707,0.052701788880302844,0.0931735702820695,0.06468134333852628,0.052549763898005315,0.07108558937676696,0.015715981977272832,0.06218204928817572,0.01667008125829068,0.019327249119681998,0.027290936459115456,0.05944286036704996,0.10471445669328756,0.01116601804813569,0.042841013412474406,0.00318269749090258,0.04222530311314082,0.0032990159525730207,0.016336707813150143,0.008210841714933258,0.017775266482583076,0.017273121492686765,0.028177070006215388,0.031120703467570374,0.015524635124552487,0.014307938930815415,0.029278745986864176,0.01933336253048581,0.01734971005185748,0.017754579778364175,0.036242272022107995,0.010150548338044721,0.09610991706958273,0.012367075027409503,0.05743877984597391,0.02072362573072573,0.1728067777328844,0.015865171268964973,0.0755185534968269,0.1356549954476752,0.06735593261519443,0.024668089806197613,0.03104956964182703,0.016117542949757563,0.04935176714118757,0.01402857397153899,0.01060573058741403,0.030975885235459192,0.02376647047460786,0.05357053664677124,0.030137567952087684,0.029308000297580555,0.023237583460350257
California SB 385,0.029052156538479083,0.04055656540428898,0.04137400314554106,0.011474268952993975,0.03680593226379708,0.03508818415543776,0.05088488425324999,0.02530096837218779,0.0168270958873101,0.015352415480521462,0.016242496923134304,0.048118868933716454,0.01575745458599062,0.014357262982900238,0.055357754474500684,0.05241863798706085,0.161169516832599,0.04167566705628891,0.06123335713381002,0.08348790924262911,0.13353292526335903,0.03522534728328776,1.0000000000000002,0.044834602970360384,0.04874019561133626,0.19865984816101986,0.02600080355982444,0.10204294094447647,0.07630196090721746,0.09404823954614835,0.05531203354224399,0.13145267966557278,0.027085772358658125,0.03451762654594391,0.031704754155275267,0.029956958497882564,0.0279653247266693,0.052625522460887746,0.035709892465920115,0.14910104643293304,0.03347405208544515,0.028903384456574418,0.018125925548108084,0.030698350249563303,0.016776200265001928,0.08895145098073887,0.04299615971000036,0.03060271970341669,0.05896476564768673,0.06865628641767042,0.022947138901039405,0.0560059862949604,0.025744546785707284,0.01692990687942578,0.01945231988958344,0.045827810748454816,0.02438931184862045,0.043262996742022344,0.048209727987489646,0.02142629981885505,0.03259979726638718,0.05880058903499311,0.0406386191603865,0.04597918005616252,0.008408785783552784,0.06417725281446732,0.012334041607287244,0.042883878025417745,0.05863779430326531,0.010755408886085116,0.008350537813919633,0.015248723153314565,0.009503860269577804,0.014956475598426553,0.015814734889795734,0.061055406962069965,0.029812940763692956,0.042337155758463085,0.04047774929836392,0.021734541855826076,0.013891306329142953,0.016083800751161628,0.014003262269430545,0.01936136289739855,0.01692112804484782,0.017120466500819886,0.17748744842409173,0.016742680790872592,0.01745026424614602,0.045903652451708486,0.01912459502431574,0.044622918362068914,0.02318809058917542,0.03258360142309894,0.028189605885468885,0.01574750041703963,0.006564553600459203,0.06426762596646955,0.00765085771538211,0.03443793664748245,0.05258480587295779,0.03976488731606508,0.021741511072133877,0.030742162676829325,0.020573083869148655,0.020346084271660337,0.058637556819756256,0.061354994756471576,0.057723261780158276,0.05015910918578826,0.03767957261236357,0.027485896040479792,0.018460871276188853,0.011429075750393515,0.021088559043700363,0.011646055986557458,0.031598575765228135,0.023475907295367904,0.007111246141445123,0.028118390265201697,0.030035297773099903,0.06529601879304757,0.020102285959711787,0.027092349741682703,0.016671725762234194,0.036436453180109046,0.03450443342650744,0.07442203754106434,0.01584335277616291,0.02116327037140587,0.035606934227506847,0.03224679556788831,0.03680515661150745,0.044237556013278896,0.0162911468460199,0.014053337901103939,0.04353441818510475,0.05525350237022744,0.07630025561203518,0.06363686425859372,0.021790399981937655,0.017564454927733467,0.03251688823429481,0.029590142844923777,0.04281861834727032,0.014225559826542243,0.02819314436137289,0.04115399915767141,0.041215161220592295,0.03465362005817089,0.014726765866475342,0.02420223725273442,0.010919137578092316,0.010781955817923699,0.011570183727862773,0.017742280714402148,0.006288375465732728,0.016642727821336734,0.05450491101068768,0.0351238495161347,0.024250610208933904,0.025604361278642906,0.053549735459663086,0.027559242446021714,0.022480816024732255,0.12046236465661228,0.012882648516635807,0.03670277497595575,0.016610943870057706,0.03600742422935139,0.021259757375579676,0.030797365780069863,0.009063560572016422,0.06381313821330797,0.05638612520740274,0.03894691677597887,0.021439138200621138,0.01741696900354847,0.031453620022861284,0.05100660805956288,0.061330347780417196,0.03754188647516017,0.027020609325646105,0.030730177297843844,0.03885271679467722,0.04676587004980389,0.04046162521021236,0.02351525095573282
California AB 1707,0.028424036037707795,0.0335060947159871,0.07427585254076811,0.0036329538427705196,0.01688459708642017,0.013530667570178283,0.011092321218986187,0.010652115213802727,0.01224141210039382,0.020848488272384468,0.007762431662810513,0.04468434297512046,0.010602081077785848,0.011315486061554473,0.0250522099049337,0.01648251725091878,0.01921071611110799,0.015648187154989775,0.02755457133164159,0.034148539996854,0.10363800952988264,0.03508961886814857,0.044834602970360384,1.0000000000000002,0.053531996971385776,0.07693784696149075,0.09014211886517791,0.21302716368726254,0.3361934974745571,0.09537980638720786,0.05428144930781332,0.13980329347688122,0.0074616153047490875,0.05296387837355997,0.019796373741188845,0.04416214919526907,0.03186063419959313,0.02546796426050489,0.011572947355562321,0.027471417156164985,0.11861262028079235,0.010728360933303283,0.013184111079511998,0.018331282990608856,0.0098524563893182,0.05865536211182341,0.04092741924645401,0.049668202894717545,0.04319251164502823,0.05197845671552115,0.02380711513644046,0.04563393459769671,0.014500662640875862,0.021001469157355002,0.01647140992070014,0.033658617351649135,0.015292342781995542,0.03822480170244416,0.01846865761706745,0.025681100028181143,0.028134373658869703,0.027732168253544853,0.02740557031220828,0.0359705016801194,0.004850595717228582,0.027342910760032348,0.005648915217949637,0.0208309793911045,0.021843255323506842,0.006026802014985993,0.05146452716020639,0.012895459459423431,0.00986348814057758,0.01947975626871911,0.023132891005998,0.04208853195464424,0.010624229579143503,0.012245026419451847,0.054597659478859445,0.06252270010461128,0.016588814502642553,0.0081953415895661,0.017109373176157235,0.007646237934434206,0.0150355900169999,0.018287373249048843,0.010309850523547135,0.008761421730822264,0.018803180842744953,0.07091560948561469,0.006409498447200891,0.011557481420731822,0.02655793185622901,0.02438444956491297,0.01855725852754607,0.02944755212316119,0.01397194082172435,0.036386795446679145,0.003984846188896882,0.04605320448337161,0.032314894861313045,0.012762948117107717,0.018907439550826903,0.021859925214720227,0.04546122420695513,0.017319984263149527,0.07085483470824525,0.055579845880741836,0.03124805553912182,0.058227916593380454,0.02160468667433293,0.03944783745415347,0.055005519783858196,0.009959197896819516,0.02874062800137017,0.00967569458127728,0.018597552788835073,0.021898895713478514,0.003308496335472692,0.040600240381584767,0.04712549866483095,0.01908618313223202,0.028180357422605162,0.060812628407497286,0.029217439717000537,0.06856834854482977,0.02289738050478305,0.050877492362461633,0.026527978565467486,0.05348988551738619,0.032456294963318165,0.01029443107159626,0.0149624595145935,0.01770667981570854,0.005423134177643337,0.006581413733726638,0.05346129674237276,0.0469691470058204,0.047345166079176645,0.03223316277973892,0.014549687520368055,0.008245341804424095,0.04358270451722081,0.013232791222250361,0.02485866384030296,0.013518890932471394,0.02134607087939533,0.07163666973383746,0.012189798853018179,0.021463642494786946,0.005721011525848041,0.03184965302408279,0.011492670462829523,0.005037975882184626,0.01614066810720704,0.016988793414010352,0.020474499903117005,0.0076128229353941475,0.020495077501927646,0.011873159666979268,0.01681639244651938,0.02028823736691353,0.023457313446888495,0.01825843458302175,0.024076372954170925,0.02949041513701891,0.022094883024592848,0.04604383818072989,0.011383268076750446,0.046828558690090595,0.013794169409617866,0.0700867945012662,0.0030447624782169343,0.05125850509436199,0.07136881809734737,0.03265778146936604,0.011628251002026531,0.028888961337878893,0.017357494715573754,0.028186975912312034,0.01501749657530916,0.012841394094322155,0.014729709478152853,0.05376968452903237,0.029710552838404784,0.03807204090028848,0.02652333338785611,0.015394216580797591
California AB 2527,0.028865246740122932,0.052807405467623254,0.07632429630811277,0.024577482678708493,0.0456147941004394,0.0300961724188321,0.03601190016066271,0.03533580122745701,0.012518250141558763,0.01842034429169477,0.00986270127201554,0.09784865814311462,0.053636344499708194,0.03936503318987029,0.06792744723800467,0.027578897298294977,0.02622813026458653,0.024036530491257244,0.041773309420682296,0.05917603750206065,0.14411494911021294,0.05731174869085835,0.04874019561133626,0.053531996971385776,1.0000000000000022,0.08406110306446297,0.06071093200841316,0.18470191169702965,0.0763538915265311,0.1340066420658344,0.06778823138146416,0.1448817577860673,0.009047676526226409,0.05865998361404133,0.03489489820394658,0.0698443238438394,0.04088643146020214,0.05887957740846351,0.036486683641051655,0.08130520898810381,0.09227827953266225,0.025880771102787935,0.019895604808663134,0.034601221222435585,0.007674504216058822,0.0969837426379947,0.09198106446029955,0.07130789639526226,0.08959829755861344,0.09199474142407248,0.0640347122814322,0.07010210841887676,0.0255542454984065,0.018319582511421097,0.06038251235376038,0.05981988721904674,0.05907923564618566,0.08287799644663138,0.0383261386422537,0.07181171778417389,0.05437052343961583,0.0703029410552163,0.05895867426387314,0.07440427085640884,0.015806868288822773,0.06870344665817114,0.010732393135240334,0.05291827506918855,0.032484536078957564,0.022240905962296997,0.029651239250103094,0.010235646502584815,0.010352309155211098,0.0165528295913506,0.049151373271281225,0.06186656521678132,0.01693706598292179,0.028392008158114494,0.08254351480937229,0.048180764957452264,0.027421455541480448,0.008050138172165638,0.02768405825671019,0.008047623589899768,0.018867487451341626,0.03189262903376991,0.04062651398568051,0.020499829206469308,0.07211554642846069,0.10000389311132014,0.016279715842464917,0.055780375901265326,0.05078205786341304,0.02966438986519474,0.024557776643393932,0.04588844319395212,0.03392695893001562,0.07414081301003457,0.010921024386175704,0.0630377083729797,0.06944314385804921,0.031575005712330996,0.044380781881923397,0.054607455079273934,0.05578623873808658,0.028128162179946663,0.11547572810878366,0.12983227484846893,0.09561658643940148,0.09893267405762608,0.05935061175809624,0.04675467854409748,0.07961719032299004,0.033677265879096946,0.05601505420897013,0.006556742484642908,0.042775557503405615,0.06335462492963606,0.007812811456780188,0.06602120218172591,0.058071385477111416,0.03411043703751659,0.042227503160039245,0.06737141679156736,0.038813391461703935,0.07209356218775298,0.05503056080163644,0.14984478377062313,0.0456103278950303,0.04709381928089081,0.028333962997743566,0.015124506973452516,0.03181202948428043,0.02948701279506768,0.018369918448101465,0.00875561815449431,0.05989730871846356,0.15523680306260854,0.10059290685697024,0.05657152471458501,0.045834250031035674,0.013722030930315333,0.0726499334567548,0.03092208880476031,0.041072315757582814,0.02010882508248793,0.06509734937157417,0.07654553265408148,0.014983850937048862,0.09316491491171797,0.005837457474890621,0.09918166335344719,0.0032821508109115256,0.021563998778922646,0.017515861768397697,0.03243230286665502,0.032988363409076925,0.009502997757400294,0.057647108732195904,0.013980684453372595,0.047062822413198195,0.0436172745954891,0.047075513188283756,0.05290926935886537,0.026983275664105327,0.0645629723306707,0.016894548996242358,0.1023268817471599,0.04539724037648058,0.0597877215579048,0.020245706370125877,0.08032795746675453,0.02500544972711299,0.11826787505429785,0.16888866711221984,0.07249183203568653,0.021789208482591468,0.0258462096633811,0.027844585008556404,0.04633303874508285,0.030922974033593797,0.03969804848261594,0.03523008040978304,0.0855200333203995,0.06508964188791322,0.06263814532593104,0.06387617994771554,0.04680602915369117
California AB 352,0.05677151216890104,0.09008929358303633,0.0744972878122195,0.02756017810507679,0.02572196606370318,0.031175540673568904,0.03363616397115969,0.032078075999309646,0.031092432200569058,0.017855057893519443,0.01503006223979569,0.052322001945123583,0.02385929114901669,0.021768998646611946,0.10783363447720833,0.06492091798517069,0.13960145893680193,0.024978963680262468,0.09686162919321747,0.13164083790623973,0.312600877380017,0.10224184288450275,0.19865984816101986,0.07693784696149075,0.08406110306446297,1.0,0.12892911874291646,0.22813782834140317,0.14791471633588213,0.2003868492348855,0.15615133949996474,0.13845037208579325,0.012305084250032138,0.1082717057352781,0.03455543354421105,0.15537472011396145,0.10790436082542915,0.05073433831964705,0.06463840804791338,0.11722076862027488,0.09312905893634399,0.052242813393077056,0.03398571981094695,0.0695781661420731,0.017097385045454785,0.09500523149118523,0.05262983031937269,0.03534097676907367,0.09929181062918374,0.06486383993027368,0.08072058808306566,0.1227231284912834,0.0423485623539978,0.02626679167404876,0.030040755499366915,0.0580357735790188,0.03480242457958235,0.05669825307590961,0.0387161351406827,0.03960330905037544,0.05676597848283786,0.047566720884173186,0.032941586778119626,0.0662749124426165,0.01571100340340658,0.09876986962960327,0.010420307741108985,0.04597047373575505,0.055381150929516,0.009882855200473542,0.07168500989661644,0.03131859671069858,0.040108838851838274,0.03629408518213113,0.04671396334658548,0.07759251503534327,0.028884398944656896,0.041013027121813685,0.2743904544121613,0.0712328857117564,0.038194500147382175,0.00673884924066437,0.00889836571054227,0.008445853649218928,0.034394714997197616,0.028495164891690024,0.11314688386442184,0.013456335769238392,0.012879923053178687,0.12227591948332539,0.009149628945319713,0.046668188627012164,0.04107053887211783,0.02510338399709438,0.016703283314759794,0.04058333897895509,0.04339036520094834,0.14916192571704062,0.014872662021074214,0.06605207631800684,0.08421452411256017,0.030305058668972627,0.03949282020739443,0.08589625562860964,0.04342240949564366,0.0683535029085481,0.07940307619584666,0.1315412524566667,0.09988251947816262,0.08300279487552702,0.07055363854423634,0.06043403172140392,0.1184838306509688,0.030939544121329706,0.05024225183953851,0.013561690064524932,0.0501239992844548,0.05170999346672666,0.026409077033198232,0.11537089385215858,0.06083304319101498,0.06238506359495584,0.05215695913809329,0.042306887591911986,0.08103274063416538,0.1000598937574176,0.09403965577483542,0.08537466705367401,0.08973129425957335,0.10239039322554233,0.03791062285223551,0.01852332771991612,0.04880357578131686,0.05552332882914398,0.017542393953924845,0.013508840082847189,0.07998839036575776,0.13290970504929725,0.1281123899380772,0.08580557301861508,0.03107989663726063,0.013476532595110067,0.08654389372738053,0.05504675765879392,0.048102653857709426,0.020284696140164114,0.07829384239918658,0.10767394804641417,0.049698193613776656,0.10962688592097898,0.007496024126348054,0.04130219805998425,0.004237815308268647,0.01598497394794013,0.0180148442712134,0.022299236010441398,0.02046686098251108,0.018670558756738776,0.07386845724475387,0.0542523734406499,0.016495573267699685,0.04564511220276529,0.06669738135359912,0.021087626466638167,0.035860721568976704,0.0947790558774807,0.033679869940424524,0.08924317075362223,0.030780461326459483,0.08150919047490676,0.0351996207978138,0.17701235651320832,0.016580837999132805,0.11959544714871986,0.14460628443185256,0.11025986822820089,0.02045422512269484,0.10155732686822233,0.04179235695533357,0.05169500231423018,0.038276053556784456,0.04534427839788312,0.049581213994101765,0.038665223328136815,0.07976767880421777,0.05007541068959472,0.041801248054286075,0.021356329686254463
California AB 571,0.03564455440608241,0.04104637244810578,0.05867102363214098,0.013479215208818361,0.019759311721709177,0.013906621802141656,0.012449375401154704,0.012939278815106613,0.009287611387174452,0.020616064126718583,0.016066535822474488,0.02689134913943409,0.012439525733615004,0.010839770354304326,0.06685971356836183,0.036499322411642485,0.03318068885745447,0.032884418664347555,0.04833963717179797,0.03903890075094112,0.1673550288753678,0.13350102790950558,0.02600080355982444,0.09014211886517791,0.06071093200841316,0.12892911874291646,0.9999999999999999,0.2671280572162117,0.112316482106777,0.09566147538732352,0.043062703767959024,0.09188581249627321,0.006348925835413664,0.20302476945385883,0.029239400079947193,0.20779897212209075,0.04218324273947724,0.02819030820615514,0.05676185297837597,0.05040431442526245,0.11684091557615205,0.04581880468589251,0.03889389799006533,0.11501189019979445,0.008317607261674348,0.06500718983711641,0.040872405358207006,0.027848802265317704,0.06053335336976038,0.0388080712110885,0.09681326897677511,0.07456752722922484,0.04480621457112146,0.02229304389195691,0.018270761665330884,0.034040501965522586,0.02182739994655554,0.042968853784975024,0.019438140851619386,0.03201110288486903,0.030856242688170145,0.029171685028577,0.014650043183219622,0.035231295746805384,0.014063358990870753,0.11923575104434904,0.007952810673046384,0.022988881359992257,0.039919299881100684,0.0130635567549309,0.20376647177221976,0.03500637443151798,0.053732904334924544,0.03127128682956285,0.05090453449125695,0.05245210367698741,0.01669734260106386,0.04150241928267181,0.1970150048004751,0.12687784601795962,0.02375049309018746,0.020564253077188212,0.01056556253837734,0.02087400157404546,0.020356606226436983,0.016320209760706066,0.052485852620374765,0.017254603804445802,0.014037728341891284,0.06490028434989108,0.009731228494664197,0.0389722383876279,0.048377199889822545,0.012604837258212681,0.010228650871492873,0.023673567494091545,0.059459471656920705,0.1012359090423008,0.01051262051073737,0.07839395456640481,0.04846947445917237,0.021220227874074522,0.029604509056020346,0.04212063644911296,0.06575717148329809,0.04018368019096658,0.0870832419430371,0.09806782647068218,0.07375653227357538,0.07413896980062584,0.054377183763598645,0.04178651471241873,0.14343759618746169,0.02260891067745067,0.08699198618211142,0.00278455005865176,0.057289165513450806,0.02321468142260415,0.01224755522020559,0.1145991532710433,0.06652664976509239,0.02823371132375215,0.06600771109082372,0.05132882911583362,0.02923019328078022,0.11528910112485324,0.09996263624624162,0.04981434548995714,0.2289404243601641,0.19261542371438042,0.03458244436733318,0.01268482308620775,0.03517579002463087,0.04399437821255872,0.011760959809921251,0.010395440506851584,0.09268728599589565,0.09249453685697001,0.0680985211214026,0.06247866329590674,0.025507022262604474,0.010580558342273127,0.04087120752761945,0.029168929631099332,0.02076409085197823,0.01834339772959685,0.07033917440932291,0.14859002196423635,0.016072775204996736,0.08376789719658083,0.0015271219196444817,0.03286384937640208,0.013838260728913566,0.012314388365692154,0.013984357336744335,0.014893131386892482,0.018152863243804628,0.02205291449430243,0.049645320413639143,0.013465861910705883,0.016132845701061167,0.023343186908583523,0.0346412143928602,0.016443657728127732,0.028023708190140828,0.03440028693790815,0.016663441946921837,0.075473670870564,0.025052933932286695,0.05021441945681557,0.027651829985927558,0.359494886550725,0.011576361674745166,0.07957091030478111,0.14280286454914384,0.09605549926540446,0.01915317840038684,0.043859688280003334,0.050312910134019055,0.06065297188034161,0.020160394799136484,0.02286558077051866,0.017072141538677317,0.033300869772110143,0.05142543934242406,0.05528436628024828,0.026319623467951483,0.016951915772705363
California SB 345,0.0681562652393996,0.10103799509537172,0.15737038485964822,0.024489625313938505,0.04205257554112076,0.04822831781661809,0.040422044393989304,0.032261244592952064,0.036554480668271716,0.029760881083009543,0.017952313179208455,0.10055610125181826,0.044959579294214985,0.026085677902521927,0.0926125853911527,0.07110871393426604,0.07840514040852821,0.06800936289824086,0.09095942837621235,0.10935785384093887,0.29500348842246094,0.18806387759952473,0.10204294094447647,0.21302716368726254,0.18470191169702965,0.22813782834140317,0.2671280572162117,0.9999999999999987,0.20769278612483877,0.2653935141769224,0.15416199819924292,0.26216448030981593,0.019680181956894353,0.35995864270798145,0.05117531208143452,0.23954002348887105,0.09347880599341413,0.09917085125378544,0.07043536550385358,0.10037338669733624,0.2530160995136213,0.07424177987698354,0.05183525804699827,0.15106357832870698,0.03516353161432155,0.15125350603404608,0.11570184503351272,0.10289319187777177,0.12462019613879631,0.15173888979636363,0.13337694684622606,0.12879727790405646,0.050781287605001196,0.04308809399726107,0.0553493561084937,0.08661053194367777,0.06740336810807124,0.10078207523427338,0.046240159475837324,0.08851344215440375,0.07528684168837367,0.0841576177770206,0.06708692267762877,0.10363216067482231,0.03320747983599369,0.10775603579407285,0.019642338615748482,0.0510695044556343,0.0621676652352472,0.02863572642538297,0.1834574440386621,0.02923872327869697,0.04687874941478983,0.05880172563776995,0.0791720703989155,0.11936584608365597,0.028426012500764635,0.07266449123310331,0.24664703692888726,0.30393931483386466,0.0555722406351735,0.014619813317574998,0.04148419670117485,0.013051067164422238,0.048195383791722016,0.04634751863963257,0.05701802315900195,0.0480235898213958,0.07089678374026663,0.1929526591358881,0.02091233907819893,0.052802968186372354,0.08637457039905766,0.04513118551780904,0.03512670007492407,0.08214320351563645,0.11461322054857978,0.15412595261424455,0.02057261542374446,0.12632607153887337,0.10802386160863334,0.03668526621285235,0.05611197157243814,0.06553878373190769,0.09984498376205124,0.051084265108119836,0.17171655261361232,0.19158354028305769,0.1331083172861748,0.14584352709548767,0.07716455063271958,0.09552013843493969,0.17469335556834711,0.04784461876787814,0.09709476382066343,0.019054491633835546,0.07998490967124867,0.06682745100129402,0.01843652177429664,0.1582390119210408,0.13021120206137657,0.05540913564823598,0.10012914472935494,0.09941348225354876,0.07399193246457884,0.20173017137440463,0.12693030176335016,0.19460869172655645,0.2513352723524944,0.3400541529115913,0.07653755238902966,0.02728897749392524,0.06192708792175777,0.0596016199713342,0.03196052201107241,0.020994605291476103,0.3077737549685876,0.22161441338863602,0.1336363135600104,0.09570558843347482,0.10653091573162031,0.02981648170882468,0.12845186130359718,0.03847962474966146,0.05935146195563567,0.04616836925157469,0.11094371435685156,0.20671128973692457,0.036127445007384386,0.10341398148180768,0.013843944069503308,0.09750083351820109,0.006853036914552712,0.02519346096562239,0.03145413422996563,0.04332408516124158,0.06330803650236254,0.030458281877783492,0.06828251225529013,0.031150508965204993,0.058866666308592205,0.05473654945911247,0.0666627769872872,0.06655656326563188,0.043588308746586646,0.09140914276585292,0.04474636524396976,0.16447830210322462,0.0556571869090454,0.1220020312976702,0.04209887851880837,0.4653213235213872,0.022756381557678187,0.1706589019224306,0.2625419687865824,0.12691649852638567,0.032193963586730004,0.08681322323997857,0.05137932134356486,0.08347125440035627,0.03695196401990195,0.04331908442898916,0.04536159456956089,0.09485282450148311,0.08615626079911481,0.09085817117734073,0.07872671489743657,0.042872644239934546
California SB 487,0.053023280423986935,0.06427945033893513,0.07535100335664541,0.007276462810707557,0.022191217563213923,0.025407111842162818,0.02687376566866377,0.017974343248516888,0.025713238377503698,0.01760445741723094,0.016419022362178664,0.06186637716096628,0.029327862161416907,0.013581051607952347,0.07632548215944905,0.03136584640138342,0.03703965701226317,0.023259855164526097,0.0899447456445573,0.07948286609831602,0.3876770339516453,0.06153029676290385,0.07630196090721746,0.3361934974745571,0.0763538915265311,0.14791471633588213,0.112316482106777,0.20769278612483877,1.0000000000000016,0.1624012103442387,0.07291689333958928,0.15869807118675094,0.013372288343540295,0.08022065546934692,0.02653910790903579,0.10242010661046037,0.04940773272885701,0.0874743679814789,0.030705017074768973,0.04601841273277152,0.12846091078437732,0.01935555981848082,0.011993198191786287,0.034630742181887504,0.017846019322838618,0.0944898245453314,0.05492884258635044,0.059439107680928874,0.08578697357012824,0.08356244334423515,0.04410514835874315,0.07399355509360296,0.03486722204617356,0.02409663026711936,0.020617516179069872,0.05210801744368614,0.045049006406233064,0.05119170302466986,0.04317833547966543,0.04170837599573595,0.057660111810029356,0.05385426051798927,0.051649659999034994,0.04756996968466792,0.013031648561135298,0.07695256763273459,0.010034647507062856,0.04032744353276646,0.0546609700662138,0.015082984750984438,0.07948307440518508,0.028154489688674088,0.05078860190542776,0.03395470574209038,0.03707214800934113,0.08689814969290392,0.027640211869386998,0.02572706746887323,0.09634288945327388,0.0702252784035862,0.023222130242758383,0.008538150935115682,0.016628933558658705,0.008737951596925485,0.021986204731892854,0.021283781204536337,0.023243266412534432,0.014747440375871994,0.020239043597870206,0.12765928622859177,0.006727107031338942,0.02785550112160009,0.04713023799026471,0.021189647947172003,0.023191862735261692,0.031972925210104315,0.023167262190148905,0.10934328966760652,0.010756186925109434,0.07875004385965052,0.070280254626142,0.025003395409912334,0.040539782728652295,0.04275939554450313,0.05880993972592,0.04225580339324532,0.08969941027471877,0.09987496377184289,0.08013652054144281,0.08962609462753503,0.057898584703026425,0.042191695411628614,0.08344577122787296,0.01498999256319391,0.04860410818965862,0.012764483911113273,0.04429964962090046,0.030792488586348293,0.008053560089617313,0.05824586150114241,0.07226941396943655,0.06575835299647427,0.05076630731056075,0.05672481914551857,0.035703787418339364,0.09407798019964579,0.04740017915130762,0.09645070000971949,0.054789335401681044,0.08577375663192764,0.042116774519348206,0.016242235518533422,0.03964745749478546,0.04987909169937625,0.018130476037041772,0.010693374457949103,0.07576317817355825,0.09685300702751931,0.09585110753466194,0.06283474159515158,0.03345473616418218,0.013395902103011724,0.05872712737659225,0.04185625936389852,0.03484844540168172,0.015988619646435824,0.04660209404486018,0.09840108108645926,0.03580097107733013,0.06527653034608212,0.007352524044233543,0.04911920412618004,0.004756697390971075,0.007308849537832016,0.019468364957208908,0.024918495005132272,0.017218965321087763,0.008254600225379223,0.06670554770218894,0.026513077130387766,0.023839712755490485,0.03762285872546055,0.056465983503176824,0.025425837502356646,0.03895537919990679,0.05416147996311259,0.033973503712883706,0.06959362151362213,0.034055732848670923,0.0740283589032533,0.03422934001563185,0.11954515867671671,0.005186418102554194,0.09129168312897802,0.12081329355390705,0.08984679945357646,0.01848957790829926,0.026700624818064702,0.04268931336964672,0.04540184735422916,0.030464544555528373,0.04627858772602043,0.021921831717874714,0.08821763700991213,0.0488700432783003,0.06061294072636895,0.03685416397013579,0.023027710834854057
California AB 3281,0.12243350674713907,0.19003711637629503,0.10789821352803541,0.025526784840001072,0.04920239444103773,0.06256391616527007,0.07015872602678529,0.053263393477086224,0.06110499746678344,0.027780226898530266,0.033994018369748254,0.11639023880334491,0.04628405169422464,0.029039030413047583,0.11673062857933567,0.034735709426862306,0.03816139543199906,0.06557162665299994,0.10920111418741987,0.18850300656248398,0.3159089243638382,0.0779542010522035,0.09404823954614835,0.09537980638720786,0.1340066420658344,0.2003868492348855,0.09566147538732352,0.2653935141769224,0.1624012103442387,1.0000000000000009,0.22727599316815367,0.3224398220755765,0.029758922075892563,0.0875929105802608,0.04668924862804137,0.09864668797385316,0.14179531988481803,0.11278255110455628,0.05173071555585439,0.11710921511899454,0.12087480844882532,0.028475074890247292,0.01926138338740394,0.04603550809577077,0.04201726993890009,0.19767428849663654,0.1068782474320774,0.12737592587118465,0.24749622756808526,0.18395649930897562,0.06792753814464939,0.13002047786604698,0.05848928692502611,0.03827668129010026,0.057647003431261966,0.1367121932216396,0.0836428920136879,0.11590489117408176,0.09394726729505723,0.09954726970343603,0.13208771283100607,0.10951623481042289,0.08483448635328253,0.10569108770962869,0.043641340899254324,0.1415599304607921,0.04725720475441162,0.08634670003724455,0.11368465331510189,0.026842020144412827,0.03943459758916514,0.04327768650696003,0.03500640859706217,0.04877568135747766,0.04827002637044352,0.16622227177833426,0.05566929331144782,0.05500324895460817,0.1351400970446428,0.10507156308532367,0.05862855423432406,0.018234601702540296,0.02739705092651045,0.01604117156654592,0.05071703818530218,0.04478002779456601,0.04487963044735452,0.06127096327248988,0.0338815536528405,0.17470640224032255,0.019908112014027462,0.05959371753721491,0.06893508820652348,0.08391862749414666,0.046552623267141574,0.061906100925661664,0.03295041650629144,0.18711640635058435,0.01587120260078091,0.12727767711847673,0.18276142722863023,0.06734561879017432,0.09578369280250988,0.11171405091377186,0.07043260206900177,0.09693694659482709,0.14634397933623633,0.18105606027840457,0.16537007768883336,0.1494608580891703,0.09924455337990933,0.07418655973521446,0.08088776811369502,0.04847644261038363,0.043640601627967665,0.014308648086365349,0.06386588103488357,0.06146441464063726,0.018081902537316955,0.0848379477224878,0.11672465584844928,0.09901653728926048,0.04119173981287714,0.08028367961312963,0.11398469738767979,0.138535568202289,0.09124294177005694,0.23847472142049161,0.08435328149603413,0.10346467673111497,0.06469811601178606,0.0359720460876322,0.08454561450289864,0.07742424161743433,0.035412266330777535,0.018488690583482084,0.11907530366818068,0.20883193679367246,0.1953662259382331,0.13621478126186917,0.09187944906501498,0.036274530075449535,0.13804093600680864,0.05951554185144325,0.10494347650064179,0.04123349670347554,0.07398259631702639,0.13673022557694275,0.07505365260649513,0.10354000411853209,0.014632709938213456,0.1054229644575696,0.016391538207858655,0.018665764508293173,0.050706017434099485,0.05009332357796244,0.05895260623392188,0.024522148861738848,0.06281312546525931,0.058571866706696805,0.04620062401382651,0.12715023884001528,0.13034357421424528,0.04749556818694184,0.08696077275660943,0.12279539480571496,0.07927928867552692,0.12703372531729779,0.05571118526096085,0.10007113462199008,0.046308769143697574,0.12333365201862055,0.020692714277570797,0.28646297311553526,0.20177301408955248,0.12796165045144728,0.02732239919050121,0.1196629179290849,0.05133320682730154,0.07063311694990906,0.07321338358290409,0.0931370527855888,0.05965485231250846,0.10912003922126462,0.10785917975040857,0.09896243833555192,0.09216839574928526,0.048970657385354964
California AB 1194,0.08330160169160261,0.14437733791772034,0.07218010272124108,0.0196914715396022,0.023122603017828463,0.03387814518896786,0.02716845654207563,0.027697734282547765,0.03327378918541468,0.010372552815195887,0.013634336899708178,0.050391622485241074,0.0202201044027267,0.013214472324695734,0.05604945678552318,0.03183569152389819,0.03551949364207024,0.03600938474466078,0.049809115100559936,0.09396428150898158,0.13133634172773956,0.04014919107986304,0.05531203354224399,0.05428144930781332,0.06778823138146416,0.15615133949996474,0.043062703767959024,0.15416199819924292,0.07291689333958928,0.22727599316815367,1.0000000000000038,0.1721256147906429,0.013583547392462671,0.057094907491017595,0.03224603112833107,0.07320175690645175,0.3064805052145886,0.06446298098040232,0.06703094331359719,0.057089222210909715,0.06393004223621997,0.018116901009868704,0.011095227020265693,0.03353140422270492,0.019442096798697853,0.10875451643005456,0.05668889375957801,0.04468728108192282,0.10225161597433426,0.07333551374031007,0.06503528390997014,0.13660610018866162,0.03208992156033599,0.018656013862637055,0.031138781163226558,0.07497752585956581,0.04125244332395236,0.06078811577231413,0.03959232300149222,0.04779445122248953,0.08456191410406237,0.04637035453507462,0.03637565108730481,0.06752422316231824,0.021953714487375462,0.06518332994414897,0.01425196566252593,0.03628906280465403,0.06480285579346291,0.013388839007412964,0.016096883113497985,0.019582233544370563,0.0185705040743392,0.031723463118465564,0.03899341278539405,0.08963832964343532,0.026636715958792846,0.02735795650245391,0.16582530269944787,0.05064611277515801,0.029084986001752057,0.007423393569439742,0.02008010229472829,0.005982072081509846,0.02853962105675738,0.02072760366067955,0.024875255238050637,0.024116081736967835,0.021069610795952962,0.10166891518528678,0.017634145016623907,0.03483702009995222,0.031576265142976755,0.06393740434005012,0.019653034836447834,0.036399503820858166,0.02904614608368578,0.09600680392368217,0.011391604185072462,0.06616646761157625,0.07423146479034805,0.028876144624180537,0.041535365903883,0.06952674475094434,0.04184055285441231,0.048503127865448595,0.08389252564378306,0.0940364033367175,0.06899225714288283,0.07116787460624067,0.05809382333257042,0.057500743692353036,0.04498991058942839,0.02392153730102694,0.028711296592941152,0.02525670534593624,0.0374382864110265,0.038958938757818744,0.021868782678531637,0.056678735658169443,0.0670020195025451,0.037764844248825716,0.022422617620262777,0.042243251852855365,0.2341643775921116,0.09250314467169353,0.06545286806365039,0.11502842598141373,0.03295112032942095,0.06645023349028793,0.03716529361403582,0.023260260031988698,0.03643907481187951,0.03439680849315468,0.014582142770833051,0.013790994713718517,0.06397618383226972,0.11150578000635109,0.08867546179864418,0.06340774162067894,0.043125467368059785,0.020386452448024606,0.0731279777128993,0.028095881991494497,0.048335283794471266,0.022027725248579804,0.04076545932398649,0.11112752262488429,0.0292469898998576,0.06695232685654458,0.017510192092409775,0.04595296086097325,0.00814087724539473,0.01307314985309615,0.02416322015463959,0.031847919512857974,0.029533976349416638,0.007003628292350184,0.04030716264147581,0.028786240082528208,0.022707629504033693,0.04188176063277045,0.04681488440743161,0.026370763712313852,0.04960435204763857,0.09058681730960944,0.05849415654101852,0.07387639252818415,0.023741276415018765,0.06801170213074045,0.02303248339297459,0.08326731946610191,0.021794886610117768,0.16982201896275076,0.13257711364008096,0.06394198921936967,0.017281582227632517,0.3055838942982438,0.02472980701525127,0.04226400291821354,0.030753104852330553,0.04022977995990989,0.04893742593825816,0.05076666945394268,0.07499871321939677,0.057617296777923106,0.04579447211999761,0.028593139264132518
California SB 887,0.0857111694427775,0.1458136792706886,0.2537948970834307,0.01791673535506527,0.045198165534204617,0.04808420272686348,0.05258454949116981,0.061278560845400336,0.02897485857182531,0.050562056548298574,0.041567997954346,0.14117300053292917,0.03939217493382257,0.029735248384430986,0.10047576883434196,0.02397584471141338,0.028560764915548247,0.0517582447253175,0.08308675880260197,0.12510000237312235,0.2942162021444223,0.0851844724583267,0.13145267966557278,0.13980329347688122,0.1448817577860673,0.13845037208579325,0.09188581249627321,0.26216448030981593,0.15869807118675094,0.3224398220755765,0.1721256147906429,0.9999999999999973,0.023192091964549213,0.06878858492248056,0.054524419117051554,0.07680334689347278,0.10529455130867256,0.099843007633885,0.06610185706854092,0.09114478874013134,0.17795943931120953,0.03240560658998932,0.07982513432075519,0.03098352249442651,0.026427166230877923,0.24098457750474958,0.10269045020837424,0.07736737357849283,0.1468444225463967,0.14890020957869138,0.05403285442523055,0.1801999775887922,0.06275984266069855,0.05910441616801687,0.04829371961722216,0.17836953885045725,0.1113038713810491,0.11424311730909673,0.09624222183863279,0.07959137361472379,0.13522239281388285,0.17264593848389015,0.07883176960724027,0.11523331267437295,0.029217470526259608,0.14738876534282436,0.01381823317192004,0.0919718227451579,0.09878851111387987,0.028066379120043353,0.04141077794594117,0.042492834827692276,0.03317432168790076,0.0664316767533792,0.06843563871747418,0.18499599401567673,0.0416996779246051,0.07402860776095399,0.12474543568074367,0.08410047696452264,0.050292504711435364,0.012290810301215142,0.025871872960071204,0.01148893587617983,0.02870092548158711,0.03779560533839878,0.02607294587517982,0.021748636639526912,0.029712760641936977,0.1948616217063419,0.01515537971838817,0.07980303014883476,0.053334437299333466,0.069255923225415,0.037047174257747256,0.07890231900136911,0.022392478180867436,0.1665249545062352,0.02006586500069754,0.14698436742120147,0.13593784829945063,0.08008458047276489,0.08408676483708191,0.08479027787017404,0.15842294753689312,0.04487325380303904,0.3268398246845564,0.22346835559540004,0.13780786691202734,0.22529860480769814,0.102068495979276,0.11265660684091926,0.10623157420523525,0.03299362927659004,0.04522041969162985,0.010051928716289368,0.06818594123738585,0.05020071761753847,0.013096706824259155,0.10329119287348641,0.11940677670153357,0.10352588109496495,0.04154885847424658,0.20895079623188348,0.07800392135718784,0.17597731538706016,0.08938408833075868,0.1966561755325117,0.04808484828994212,0.07369291572430871,0.05861012588876188,0.05743220685458784,0.09091987340212053,0.06920999130038111,0.022482881406934392,0.022936039161584668,0.10409582138818527,0.18799595059291588,0.17873900653776129,0.1462655491770936,0.07619472865081267,0.02260539151094616,0.10565634829599076,0.04443384068632003,0.0925181892499241,0.02591776100725609,0.07300722736236497,0.1681011886957776,0.04903901754664968,0.07354020096918061,0.015457833768242021,0.08784206824276555,0.01349638375389063,0.017679407734032003,0.032012266508120266,0.04108338511114056,0.02430150448322662,0.01569524458809156,0.07572007893684991,0.06018686354006052,0.03956329301926176,0.09717161499111815,0.09654098586684724,0.044619090712672914,0.10620187005095374,0.11162788401026227,0.05101666040818271,0.1373478905640613,0.04277612912212296,0.1446475504159481,0.04689857402228436,0.12653920551122375,0.013013477852146118,0.21700508078406072,0.3325897149397016,0.1282434116187327,0.03043394473026844,0.08665031023109236,0.05240547172225061,0.08397586017212842,0.052667899468963636,0.06703408210831839,0.06197974509436489,0.11172965081284007,0.11493938379925835,0.1731966298012572,0.08268148361552952,0.04265342720647751
Colorado HM 1002,0.017670273505103282,0.03643929251902245,0.03659574592006026,0.030624859190879046,0.033717586012692695,0.04490114524310914,0.027467866712172738,0.020315932902910963,0.031460186838472994,0.0217036005253305,0.021606868069995122,0.037340580369219674,0.017982638064349608,0.024238767507046035,0.03361734263682932,0.03622455204203536,0.03199828489580418,0.06331530697703185,0.02357456138210622,0.031992228155861224,0.030823075599083892,0.008933994119093876,0.027085772358658125,0.0074616153047490875,0.009047676526226409,0.012305084250032138,0.006348925835413664,0.019680181956894353,0.013372288343540295,0.029758922075892563,0.013583547392462671,0.023192091964549213,0.9999999999999994,0.12434087334988084,0.15837732030546658,0.08870974712853559,0.01597389287477299,0.015872409100039196,0.023026025264388655,0.020714302358865278,0.012828714691930662,0.03758602676183181,0.02826720028165364,0.033894755353174294,0.05749591683706598,0.043539626177946045,0.022319008853438894,0.022484733647648743,0.03852217648155812,0.04970391329207421,0.024010699965962636,0.017098598000186437,0.019657024285225852,0.007412062161776014,0.012695105041493796,0.013197035925200442,0.009563721039356989,0.013988797513150308,0.014599005079913147,0.00815260083501202,0.01673348597224076,0.01939339207133065,0.014379700702824181,0.01018224561614383,0.05207228696372459,0.016650469464888643,0.032078157920022506,0.035401054729032495,0.04026831658158603,0.006982744945552315,0.005398336991415342,0.0038959223999079614,0.004504179280183873,0.008163982292532517,0.006380679545884922,0.026245097463279875,0.014739949536507509,0.0056727024318269275,0.013884996670484196,0.007738343650578172,0.005952024805715047,0.01630055892228067,0.009024037460829762,0.005749232214691235,0.04650112258128802,0.007512343964883126,0.027781644517600516,0.01177160165570048,0.007222868809196654,0.01670529861361034,0.008230922576455451,0.010114709102507344,0.013159441856935962,0.010746718429517944,0.012102922279887511,0.009311267813787345,0.013408353406232023,0.04218884326615297,0.03352860028549543,0.018633138128784994,0.024614051327661195,0.010247446639956302,0.01736225595270739,0.017972162895723683,0.008739260051755444,0.023094445687881056,0.02587441581309635,0.031211653443752336,0.027535540921043922,0.02457989078001132,0.008921499252416885,0.012253231751557663,0.011551032692713828,0.00961219549323047,0.015116782846859071,0.005670228418949892,0.010760527363688408,0.01105614180449219,0.009863453269228956,0.015873799875593078,0.01385142129605934,0.02067394136867544,0.013952377003036712,0.008525613439673046,0.007757020278369901,0.02881079129774587,0.030358032743920595,0.042130064033487534,0.016559993586599358,0.01846744304835687,0.030114060169162266,0.016896105953841622,0.017711603861626107,0.03186755962178685,0.05752500143212603,0.056821107626396715,0.024240108623150243,0.02580161146311756,0.024551052882706627,0.03255723403453102,0.014355399472526465,0.012382697256430871,0.023171673195980437,0.007243993666130062,0.04061238574756923,0.026938738156428214,0.010210428676549754,0.01918685058329057,0.03708999858651335,0.02074543887464818,0.01992859499970598,0.01125624620124846,0.012695281657314044,0.021660584605810492,0.004410239807155472,0.009921893400824364,0.00680527563763587,0.028082553324386094,0.020011139113832937,0.026921720516732098,0.016777858421943504,0.020974235330913235,0.02816002095525481,0.022685069079261638,0.013603344484356473,0.020700824034455508,0.011099152526112805,0.0173889743436185,0.012836555049501387,0.016267350625041515,0.009965136608709088,0.011667629815201865,0.01668468927716961,0.028213562036141625,0.020253126023289728,0.01696397772179945,0.023432007434535072,0.01692609918681494,0.0179935746188577,0.021362187567412025,0.026899481346840382,0.017778939584685557,0.010619608817675999,0.011433144184888649,0.01970522356594116,0.02936548255969513,0.027804950267686427,0.010794121387755193
Colorado SB 188,0.04483986584585795,0.07987559105348795,0.10391601910979091,0.03449838758820179,0.03361073912634247,0.04165207566046428,0.038194501473948275,0.02778445048082864,0.0322751553745043,0.03002221621636055,0.024373007207914053,0.06174816061356605,0.026088925470115445,0.022192691178555168,0.08284426386682503,0.06926951868029972,0.06872221121316946,0.04805996220686911,0.04528133142326886,0.04227197481852777,0.12684418527243796,0.1361893867797328,0.03451762654594391,0.05296387837355997,0.05865998361404133,0.1082717057352781,0.20302476945385883,0.35995864270798145,0.08022065546934692,0.0875929105802608,0.057094907491017595,0.06878858492248056,0.12434087334988084,1.0000000000000024,0.31359934680734664,0.25128114620296843,0.06411318135062961,0.11023675683908193,0.05259018415940165,0.061586547116922206,0.1729566305731936,0.09504327919587725,0.04248335789317788,0.1490358167609364,0.04848026938404679,0.08834314553754315,0.05937568666865085,0.050889116403807985,0.08663166735655559,0.08567510910316883,0.12698348009159988,0.08556731499747953,0.04404553669162656,0.029622492212889477,0.025246431286525196,0.03916699637485881,0.024257721594035622,0.05290814709421711,0.03189050745711819,0.04086050498812838,0.03540780138499969,0.04043824038522461,0.039727049585205614,0.05477087853604804,0.03400530816112437,0.07061809086086124,0.027014374859517926,0.03876177472023688,0.050682623342398016,0.02548889180087728,0.17596436271733262,0.018569269602262087,0.03632259755070108,0.040415735938383546,0.04304374510271471,0.06327064852771314,0.01803385608714425,0.05128916552080135,0.24395382388388534,0.35967621420901064,0.03303828945799968,0.012321430157352372,0.021729452909644825,0.012502366463882798,0.05004312412370178,0.024620619819314647,0.08398843462810822,0.02452752441628797,0.02714020161607583,0.08729788156653126,0.011629361503800652,0.035410350447168455,0.05972297419891619,0.02641287073644182,0.01946177749187244,0.03246932701176619,0.12022495620755427,0.09953686570836887,0.027700676921407878,0.080685348843798,0.05684431481877609,0.030338461447159095,0.03335091789703382,0.042688377925154654,0.05829011029789325,0.03543288914291289,0.08651709180259,0.10863907751119034,0.08127264249996348,0.08261117333612183,0.05091328860766425,0.05349708049279911,0.13498231134767982,0.02394409256104236,0.07137574420953698,0.006967758417597607,0.03314775163745691,0.0261264416143147,0.010722654852909791,0.12414472006612139,0.09831822834423454,0.040983817521223716,0.09221672701189233,0.047748297013461234,0.0398143761624768,0.14670242054221036,0.12296423439860374,0.0979467908621582,0.2705146381926495,0.4472639289007721,0.06767803853514087,0.016572100640586458,0.03705296812811582,0.035436986611426295,0.04025475491080886,0.029546890718064524,0.29573231259762417,0.10204968730013254,0.07197036287788411,0.0669910435061039,0.04894874523525115,0.026013105916532477,0.05753498069178278,0.030208732650684206,0.05671475352082446,0.041241879539262956,0.07286723006529272,0.1828896414023612,0.03927453042846296,0.08195448990902288,0.019824100537399095,0.036708467363010484,0.011892115989538266,0.022512402890458853,0.023332872281500248,0.015932473546638824,0.03177610978741405,0.03319291401020735,0.051944698059782676,0.0234525028929955,0.028558476009905416,0.03229997072203743,0.041029084403758215,0.02893082932832933,0.027699137584153426,0.06401350274445373,0.026803526342638783,0.0823658932148374,0.02645245841378214,0.07192912134027105,0.02842793915045226,0.4867130914447958,0.015425714795598131,0.09534769574359458,0.1230862534245196,0.08558939901754764,0.027691434143802377,0.06154370964426292,0.033810935781655053,0.07256706517283756,0.03496516431066203,0.031043057995572085,0.026260301160250438,0.04076187502660783,0.057843571330475,0.06102814140554619,0.03975238038046885,0.02877774634504618
Colorado SB 190,0.03414314187940315,0.04371311917826547,0.09824709084170331,0.026922065158888762,0.04323962616958305,0.02596812138723157,0.04121071165021604,0.021905169677096287,0.019746573458965702,0.025158394597351794,0.025994277067429766,0.0323323274185779,0.021340023048588664,0.02497236010555209,0.04513755139871152,0.0327804467718427,0.031568718234020805,0.01924324203346388,0.018030969014301006,0.02388889576304716,0.06043428943021266,0.02730244005740175,0.031704754155275267,0.019796373741188845,0.03489489820394658,0.03455543354421105,0.029239400079947193,0.05117531208143452,0.02653910790903579,0.04668924862804137,0.03224603112833107,0.054524419117051554,0.15837732030546658,0.31359934680734664,1.000000000000002,0.16995345211010718,0.037436983891690666,0.026857598201516824,0.11493775633504474,0.05203078635203984,0.07622730345161992,0.027272431424491157,0.03239219153698314,0.03462796015703319,0.020584110588395366,0.05968867309422847,0.03714544136555836,0.029295600078751944,0.04152402056467942,0.040525391381770394,0.11230457115109863,0.043004735770198116,0.023281634765334683,0.04455407366757617,0.02727632480871459,0.029986530083445092,0.010394658497303253,0.02497007420537496,0.018393984000708956,0.12163733622375202,0.018679752290257708,0.03754302962571884,0.015569871721162422,0.026800375984825445,0.025981178428520976,0.028525352600444545,0.011150869114420044,0.04330501375660414,0.03299290921797909,0.025225154019534818,0.023684312626508677,0.00935568122249765,0.00917546908107363,0.02270990901138312,0.021276779143493782,0.04112076025338398,0.011780638406360075,0.022883135077266335,0.05002505203475855,0.022100284193581624,0.015357854379291163,0.008868635093542085,0.018404268974943152,0.010206989243297625,0.07366635854390431,0.015947497915498147,0.06272816979632237,0.011904682462707589,0.02188450813385961,0.06661726242874864,0.02105818226591157,0.023096200593637997,0.022409250348536396,0.02344301895955168,0.014997200605380366,0.02321230739836795,0.04182495660992153,0.05748616898217829,0.02807089269629358,0.04535031936947008,0.03668419610241216,0.02146769291856247,0.01767806259343618,0.03280173584847771,0.03135553546579054,0.019975203749691934,0.05866102140032587,0.07454588240736722,0.043884024944690445,0.05888678779172231,0.032321413345950636,0.06327510762627038,0.030724357833834808,0.018149993113255262,0.023908621936048296,0.008800950109185806,0.031639731650895335,0.034906875144822255,0.013607244336963106,0.045181571033188615,0.06637144679539586,0.020856109918291513,0.0293566692910363,0.0346935568150475,0.0411222197112497,0.04222486529074517,0.06519256596640631,0.051744557085870495,0.023647679142538146,0.026970888593163076,0.02115462377776841,0.08903142317559455,0.01454291301803647,0.022485666304552534,0.027603653336716244,0.014007506107175235,0.0310609692605985,0.0613815309183374,0.07224280277824323,0.03396728581147559,0.038759103600395285,0.054034301212236624,0.07150703753824868,0.05006555647254624,0.03964260792074007,0.022823382359611108,0.041263523909276734,0.05668182859823132,0.0233735182917582,0.05406621386900961,0.02705401158357347,0.03988728002477298,0.017132898987262765,0.04933107645582811,0.015260992596555861,0.020002125242464922,0.01615059510358723,0.022545406852433315,0.023826350384535615,0.020427981654001608,0.02207676892122543,0.029608952438704348,0.02558058751794123,0.02319569468005859,0.015257929462621984,0.03566822803108087,0.016958957890108064,0.05821085622990919,0.01781267875465994,0.04880722511632287,0.012738346505855064,0.0830487194065416,0.028091502244246263,0.05391078295680898,0.06499664482862372,0.04636038826539619,0.02321984328337991,0.027703186377287803,0.023557908430892574,0.04297859787421607,0.019153483132234625,0.027834002117953227,0.017063550990395658,0.02083597873264949,0.038797611573915855,0.03890498330760108,0.03397575119450038,0.038611176073473724
Colorado HB 1218,0.08741840538498963,0.07586213117729211,0.10816909310146304,0.029968447523174666,0.035558896404069285,0.028310061684222326,0.04394687869969608,0.02929069230249985,0.0270439837882662,0.016470746322058555,0.01632206865166661,0.041239012652199016,0.04365471394551315,0.024624438934959157,0.09801647972919035,0.04651837524533844,0.04445215581911849,0.020926265435304542,0.06998663232579427,0.05115957559304832,0.22927123798968352,0.19528522732851822,0.029956958497882564,0.04416214919526907,0.0698443238438394,0.15537472011396145,0.20779897212209075,0.23954002348887105,0.10242010661046037,0.09864668797385316,0.07320175690645175,0.07680334689347278,0.08870974712853559,0.25128114620296843,0.16995345211010718,0.9999999999999998,0.07423741886682486,0.05000524715165723,0.08421218128772533,0.0871582200386513,0.2009378173670029,0.07490117952278695,0.053079653120424744,0.16442511511660018,0.023706746323338204,0.09333707352597222,0.05597476558960119,0.0317742283454381,0.11310485876923754,0.056552315134313066,0.15197831283750826,0.11972555795713444,0.0479526347635583,0.03385444319615185,0.0278749296838979,0.04928685264291123,0.03343814325139137,0.06789238042853946,0.04551131663284308,0.05975331221917789,0.04790272043884361,0.05218767829248235,0.025318970665411493,0.08274965835815815,0.04428341503111952,0.09511279454195422,0.021821683486918163,0.05069178206621592,0.06509196667447237,0.013295998572131132,0.23244253028612893,0.022117106224095517,0.062194026883384115,0.05476885107767059,0.04755574499716019,0.07251104906737046,0.04440337752653244,0.0679593414208342,0.243463654829917,0.1274914734511457,0.026182497892343323,0.013739511213657444,0.022526208281382836,0.009688122177006459,0.044152521324922325,0.018301415854669968,0.06483518840349527,0.021591023171444255,0.023276813974957386,0.1302871828436602,0.01856865617269265,0.062425076263233154,0.08566462573357017,0.03685087335892382,0.01939053998992536,0.02903226510612618,0.11046934281745203,0.14549177814433603,0.029844933144657308,0.0837943188751736,0.08336717911201191,0.02881336759672359,0.05175475266144449,0.0860131554153031,0.06259041212147456,0.0726633962708755,0.0869616345796909,0.16905456368907604,0.1261314796507314,0.09728071008576633,0.06909335157010557,0.08022255559545013,0.22436019856356174,0.03996123201153094,0.09213932549814124,0.01630225707842429,0.07697902055709081,0.044468234224091525,0.027180346630475777,0.20655961191350397,0.07719296493601724,0.06329495915324922,0.08911333942579114,0.04837450413785658,0.06801711547991618,0.22609066933048405,0.16284381309623147,0.08124473816046467,0.1594318341364402,0.15408496565062904,0.04531917874439695,0.01449649184414163,0.06081699256601653,0.059383752437072085,0.03646286156164426,0.02097971244047032,0.09852745091315665,0.14038078400414258,0.11900725560157376,0.09842685938628498,0.05262205170949009,0.04387025529011438,0.06892552026513075,0.06591563008032335,0.04323874244801999,0.032610143602165055,0.13942513150238375,0.1395035816986977,0.05820487132962574,0.11368805350238362,0.01680548470817562,0.04691715739710445,0.020428621050022272,0.035717227386949955,0.01240739784533862,0.019861899330318608,0.02241927001994157,0.040756585944108754,0.07769262232574677,0.046346200277816774,0.022208414126375066,0.034177832435776746,0.0605267266987449,0.028990037326477307,0.02626544861412552,0.06192933215812405,0.04100327647889708,0.13437731646733675,0.03855012520145909,0.11550356829413032,0.035364984445798935,0.32731736642051745,0.024267263623921717,0.13517461456204033,0.1794573355956998,0.12457728102900828,0.04694982184525727,0.08092010739405521,0.053227838549437204,0.07389601324936777,0.052554421595232305,0.04629299900702248,0.02838486264050155,0.03280147036470276,0.07447359315854622,0.04654019608993053,0.05019970972598029,0.0307981216536259
Connecticut SB 3,0.07033655513000238,0.16033448155160296,0.08166605454808745,0.014972191205069887,0.031130900657900622,0.03519464057861409,0.035712495175578916,0.03767080329469434,0.025781223329611008,0.01710363004173257,0.024302258066061348,0.060869928242374444,0.0209736244055596,0.017666456155546358,0.062124021570107386,0.01505116170154112,0.017065388882393527,0.022450690492496973,0.035300536390702957,0.078006504619583,0.1054481952046542,0.03833930959428141,0.0279653247266693,0.03186063419959313,0.04088643146020214,0.10790436082542915,0.04218324273947724,0.09347880599341413,0.04940773272885701,0.14179531988481803,0.3064805052145886,0.10529455130867256,0.01597389287477299,0.06411318135062961,0.037436983891690666,0.07423741886682486,0.9999999999999973,0.053700914189117335,0.0566382137499109,0.057277085974719616,0.07193898739440696,0.024903196642315557,0.018838765635875353,0.039225244226952956,0.022728437886464475,0.11409824322248001,0.0724723255652711,0.05171599520557219,0.08804827315091246,0.07237985577176069,0.06604182443497483,0.11318026336688294,0.03793451047515268,0.021795494738301332,0.025174629313248872,0.06737543890583897,0.0477548458263131,0.05361211931727403,0.03938910511268819,0.047318580337617044,0.06586808643847293,0.05472175980464554,0.043009176412209776,0.05252415849152239,0.02699570704590631,0.07357094175727448,0.007307759578114018,0.035519652771208096,0.07097170174846404,0.015048781622823453,0.026677407694143042,0.023681449174292366,0.014695987708968844,0.03756881760956415,0.03318833215236496,0.09335783517798779,0.02716951101890618,0.028408885479399806,0.11764016714809555,0.04799922460293997,0.0309457640034723,0.011610284170750681,0.023559311572539317,0.008327383909009844,0.025706946211850015,0.024848879298262162,0.017407814573111455,0.030915619594551875,0.01960629460093672,0.10445453147354625,0.01662857839422776,0.034019326247256426,0.040476223578314416,0.0493373343357617,0.019578518809766805,0.027986283426465114,0.03391730465233207,0.10883673861597581,0.014039616787248313,0.06588745319257466,0.0721095187905366,0.034092292172421455,0.04280290920115177,0.06482318456852583,0.04320811155990967,0.05762337698433635,0.08225537501251395,0.09941433390525199,0.08219558312013853,0.07930393104103424,0.05382397504186128,0.057296221297732965,0.04813509153752858,0.027869542260780544,0.034498175586647806,0.014984803822646463,0.034024921059021544,0.0371630473528474,0.01628275874269508,0.06266794798791439,0.07753580178943184,0.042839210636913,0.0356844884098069,0.04201732457255345,0.3682555184808584,0.09735366660977954,0.07381381868928809,0.1269618768666087,0.05841631686095778,0.07518543098892953,0.03383702019908665,0.021952326213948582,0.04758156307202642,0.03981211691784691,0.016169961459215173,0.015136144412529024,0.06928816925261279,0.1061974960490951,0.09629311613288093,0.09034138237932436,0.03959933223575478,0.018869102782752094,0.07996797299181735,0.029120268576719933,0.05389043513611156,0.022425352746434934,0.045722154689013465,0.09770472768343745,0.038556351582519695,0.08396801442439178,0.014492912139191344,0.04314659588696142,0.009624598174781788,0.01368609675265059,0.022914977963601542,0.03647731236152682,0.04935969469287166,0.014913534455718027,0.04843968675418602,0.04360516109724451,0.02158625940317627,0.04871265872675482,0.049218701933445075,0.023355919055973232,0.03802295085889078,0.09567078269937135,0.03930730107912821,0.07652017980937852,0.03498907684176473,0.06934836250287142,0.029624806258077743,0.08896046793656459,0.011700342411485279,0.133308327252669,0.11101512079080544,0.06442877118770192,0.02936119381921796,0.3713125085639698,0.03374027063560078,0.042237138321904455,0.05008645180343395,0.038787826203567605,0.03519739508764703,0.05129496470981552,0.06581386638653637,0.07589440211663215,0.049496753382886644,0.03219125147911555
Delaware SB 158,0.0353441597134274,0.08271159387156242,0.06396807850002778,0.012788675083212062,0.021440153568313133,0.0353814148628694,0.022473009766436514,0.018320050618668555,0.02897980935459097,0.010895152332177468,0.010871966109458333,0.07232971366779402,0.018120812676093168,0.009739474901939951,0.1389802049956275,0.035117578196588554,0.032833882002304415,0.05679765010871573,0.04090504040449477,0.04724179221455647,0.13171705282391835,0.03492156781918222,0.052625522460887746,0.02546796426050489,0.05887957740846351,0.05073433831964705,0.02819030820615514,0.09917085125378544,0.0874743679814789,0.11278255110455628,0.06446298098040232,0.099843007633885,0.015872409100039196,0.11023675683908193,0.026857598201516824,0.05000524715165723,0.053700914189117335,1.0000000000000004,0.0854674101010188,0.04876902334769149,0.0718477706159742,0.030114303306680117,0.006661686506003379,0.040722570165695464,0.03378974276118005,0.1431604768542508,0.053611391568709414,0.04639173272043279,0.08380789831908858,0.09476452302303981,0.04408932640906302,0.08017493951674254,0.02512126063602631,0.014529882586456586,0.01927596859212628,0.046685100861176713,0.02609265109341478,0.04550279387692465,0.034332548492780265,0.041776058094261756,0.040211209667967776,0.06368641617634792,0.0637476356857185,0.0527960279106985,0.009512917713011727,0.06305508682216891,0.012997384935686397,0.03558128845725322,0.09433022493317768,0.01600746671027349,0.039219273944697444,0.0129206605493645,0.017037120649512943,0.017525553820779836,0.03090590238866785,0.08118117234488245,0.04138494744100182,0.05055749897281064,0.07057848575484688,0.043191090321671295,0.02632659416621241,0.00492642180457723,0.02119122883682788,0.004672649000195613,0.03554904300314696,0.019706406065074178,0.03637231717855472,0.03943900877787461,0.0435085513548524,0.08960606116966886,0.006143026700415664,0.019892436591482227,0.024887080067454978,0.029784509870382753,0.01829707071323656,0.029280093356394105,0.045884213553865676,0.06784794090478133,0.00643051740403247,0.0551790322378168,0.06854433349986985,0.03942399101849114,0.04481955309781146,0.03950707969000969,0.03825638041532209,0.0407980053568318,0.07290289552136887,0.08173763930746063,0.08806037534345292,0.07315150287896127,0.03671647302442094,0.04630396135782779,0.046991293860548636,0.011690735051760217,0.03692784616584538,0.011239958341461569,0.036596242184537615,0.031807296408997966,0.013488312165625193,0.06331874303900543,0.04533703155105484,0.1301826109661418,0.029599933299782194,0.03635769185278035,0.027438438857409528,0.0804107533931968,0.054936198407792035,0.13831947862388186,0.03994507770198147,0.045966091573494475,0.029828564442999576,0.012997463307942344,0.029970676190468754,0.05135091662643328,0.026147214594959875,0.006625037499973736,0.07713218365008975,0.08123672028207722,0.10677996957066073,0.06124352155844168,0.035918295438982464,0.02157218638141939,0.04647824685567696,0.060342811196457284,0.030981067621491516,0.01978754526111217,0.040806184816873335,0.13872324142606654,0.046945543514310385,0.0695090750650308,0.00958881669948861,0.037327204074151396,0.00495233532246077,0.007539842236367764,0.02725596890670978,0.028996701120867663,0.030735482547278408,0.009538414191919356,0.08445886913840973,0.02958058599694161,0.03755711296454136,0.024620135532438827,0.08204212542118024,0.03245259396976664,0.03222184499229011,0.09474528739179616,0.019693446629187365,0.055960999248578294,0.03220534683198095,0.061365171045068605,0.035784214529688295,0.06910831285352631,0.006732458768781748,0.11635908563269763,0.09720591941217942,0.05937621454187356,0.012039056586202699,0.027241026512069645,0.017029435209144617,0.03608529134181555,0.03192175708443463,0.07415844544712061,0.021729029325958663,0.07925826556096136,0.03875570822206106,0.05194596474475202,0.038068134882401294,0.022307241663808073
Delaware SB 301,0.03115794904024508,0.06824155995425399,0.06663385596270457,0.04521278905753775,0.06536830783554431,0.027834275112570212,0.04728225326117853,0.03970828005912723,0.027136442035745886,0.021790083990838593,0.04756443966206095,0.04111684605665705,0.03531315674848831,0.034391847118153546,0.07275010197555692,0.02070300454769155,0.023395827993660592,0.01979043978247153,0.034224998581999795,0.03134692015088202,0.07899141334987209,0.031700976749108926,0.035709892465920115,0.011572947355562321,0.036486683641051655,0.06463840804791338,0.05676185297837597,0.07043536550385358,0.030705017074768973,0.05173071555585439,0.06703094331359719,0.06610185706854092,0.023026025264388655,0.05259018415940165,0.11493775633504474,0.08421218128772533,0.0566382137499109,0.0854674101010188,0.9999999999999997,0.09888909690414598,0.09709791545393523,0.059402778282599135,0.02710437906049676,0.0490622683952994,0.014699656727446966,0.07887216289981704,0.05834125679780798,0.030725924600755104,0.06263093752076701,0.047789598360877185,0.1445184309201162,0.06439956331633023,0.030112149241562986,0.0199883823892379,0.024690886404445094,0.02300883119791214,0.01651592108122508,0.03394444869392741,0.028128483546610825,0.09368949120470509,0.023621000440768317,0.08519599500597574,0.021034337292992603,0.04075384336592413,0.037943125879942384,0.056669045180552165,0.005240305167473932,0.04179635872945221,0.0636471709784578,0.01221816554599768,0.038822413381110164,0.014185359127363635,0.01885907078494196,0.021403253527581875,0.021638127216172576,0.040174554868226534,0.01883038736982737,0.1681118054002597,0.09589241607928263,0.027641871850282426,0.016992059071756316,0.014288294509589532,0.01692557883667597,0.011035096623480657,0.058704135869593284,0.022911093010865812,0.030390003947983888,0.011073972990092917,0.01597214595021556,0.06170525079416538,0.024593934824000047,0.09186913251793402,0.025842149106777523,0.020636425435222018,0.011492260135031513,0.014241693810419186,0.05681311440207748,0.09148259906824065,0.031100547024745958,0.026907673887384232,0.05627431913061193,0.021894921948848046,0.02109529961131158,0.06019370610817869,0.029030020492862046,0.03462351857884449,0.04843645714962819,0.08572323846981601,0.055123870559448694,0.04903347158762077,0.043741126203269594,0.04543148276162169,0.03788374794226119,0.01822386259404057,0.02821753512747164,0.014370279044747648,0.0478458151115341,0.027239948594981637,0.019412836031682746,0.06835414715339139,0.03858182491628485,0.044703232925183474,0.036525610367993164,0.021462929984090735,0.028848525657756873,0.07893736190521093,0.10585727910712643,0.059628194282311385,0.040097754694210744,0.048902429411810874,0.02869267952165265,0.16462158209197317,0.025216922131716495,0.058052112360101854,0.032786991603959766,0.01789805563001823,0.07598877866270619,0.07578114888668125,0.07074488443708375,0.08026693145367417,0.037605842673522544,0.02186856723228995,0.056614406114897604,0.040835991765002126,0.05290126634533131,0.021109890663084094,0.05191059419182132,0.0644693838515183,0.03133105760053962,0.07299726509060529,0.033573066727254526,0.03447789623815122,0.009388231597182786,0.037698056298223606,0.019565473369513513,0.03084852827839854,0.028731830861959785,0.024927987222642268,0.03991489231919087,0.03195510108099692,0.015438671346950828,0.028467419405957553,0.04417512621038744,0.02064710174318012,0.017962863977876983,0.05689703007974237,0.017713690640143803,0.06270342449188994,0.040435562484836894,0.044927772950242584,0.01906211456494313,0.1307579687536039,0.061527632878970034,0.06486128389890965,0.08384271072972692,0.05903432082559666,0.03954200494526546,0.046606518360259246,0.10133478946587497,0.04242955738071408,0.03852932834443568,0.0422624481945684,0.04796392777336923,0.017890107812415786,0.057916842146289275,0.04083249892252894,0.030726061154360534,0.02966942582918997
Florida SB 300,0.10145765909299495,0.07848015034699463,0.10602439484305783,0.0696470550975451,0.09244561172609514,0.03824360493570774,0.07746087090352313,0.05245763663666067,0.037780381496068084,0.031285817968093016,0.03381633622600646,0.06397280418825385,0.07232332790244453,0.0625807143742639,0.12661501840645414,0.035938733511544176,0.11448115039345458,0.04747226694516399,0.050106619147354994,0.07472735867667786,0.11384094865843043,0.03857210027813967,0.14910104643293304,0.027471417156164985,0.08130520898810381,0.11722076862027488,0.05040431442526245,0.10037338669733624,0.04601841273277152,0.11710921511899454,0.057089222210909715,0.09114478874013134,0.020714302358865278,0.061586547116922206,0.05203078635203984,0.0871582200386513,0.057277085974719616,0.04876902334769149,0.09888909690414598,1.0000000000000009,0.11231742042676393,0.034734793235013425,0.035403678456051774,0.03853471842177071,0.041099190250052466,0.10858038423970615,0.16538947994694722,0.06108354765708178,0.12664883937735696,0.09569135582313795,0.10690128918144386,0.08584589493710808,0.04477950227137676,0.040591899482757876,0.10950680155959133,0.050059869731097696,0.03514014384962738,0.08368951528775212,0.0553985524521932,0.13296849988698825,0.04786659618509237,0.06685220735481305,0.04037705248970836,0.08385668757008335,0.030960805516032076,0.07382998350062031,0.03584637992488912,0.09296203079669406,0.09751281242656812,0.02659084791397753,0.031049175886808524,0.02027205730189991,0.02593583199961407,0.030080666300723504,0.05889419973147157,0.08141618797645424,0.039738269662276955,0.04705466822212984,0.08264924486566794,0.04639922988530299,0.023729159924938403,0.010736040064433745,0.01815595739114059,0.01251563898772728,0.03863190991295383,0.03263510263521806,0.2726580301540355,0.025682055709221954,0.03902252483853329,0.1391032074910478,0.032867091304620316,0.08196906566360182,0.05748994956037287,0.037604783077484466,0.018918667085768653,0.033476892835076946,0.03940002506314824,0.1297569887430151,0.031194927278129277,0.06855241590399637,0.0957875242279758,0.042506095747991184,0.05543597839968619,0.07613071663807014,0.06685222129694372,0.0814748534221107,0.10242375798543372,0.14702704287808643,0.11815238274388562,0.11431966532278262,0.07965273124072027,0.06510298168256654,0.0662971990249608,0.07454049183392543,0.053829092041817836,0.03328338316661271,0.10787030663392502,0.10698080874520355,0.06166852098912065,0.09425268504381173,0.09766306904512262,0.07389544912429623,0.03936365541350529,0.0577660484658414,0.03418789990493536,0.08250154788985427,0.07997560924447168,0.11450892710060924,0.04783432944968661,0.04918510158431099,0.039176189237477455,0.019067421033075554,0.046510687348979715,0.06433796164374707,0.03231298341179998,0.028809581627555276,0.06967732191339274,0.17550732082018586,0.1249463518112423,0.08883372039902664,0.045647367110557655,0.048579342136679325,0.16014738934850117,0.06178217475334237,0.0645864285900033,0.04457960514067265,0.07390697783135353,0.0834955340216841,0.06014623629729493,0.1035029810712178,0.009846442597804022,0.1898821230752115,0.013044214569589405,0.05870987897327542,0.03024125217922914,0.08399616183421238,0.057691457313826244,0.04382050396088411,0.07825202318611578,0.063306297736598,0.02686219340933144,0.056247059675213,0.09317118689737754,0.029227766470927796,0.03856544762604719,0.13524545845259806,0.0508181059679759,0.1819963371693125,0.08437665773955101,0.07835750220169758,0.03606786429880775,0.10695353112567364,0.08029233058674214,0.1314494199670958,0.12508985856367638,0.08666544898535823,0.03488606010348101,0.043613710731873506,0.04598971435657087,0.057212341581005695,0.04939863964788085,0.09498708828788517,0.06235167474576908,0.05811883338923729,0.09449660301703011,0.0745395672894875,0.11179405071428482,0.0703800711849943
Hawaii SB 1,0.06484021973270622,0.08099392330073175,0.18467903580707282,0.034435073074082716,0.04458312821711246,0.040183785522496386,0.04351196817311286,0.02329587420934258,0.030574496382275558,0.03322053358452648,0.0143889220867582,0.07085102144917783,0.03755947639366308,0.02092260223199312,0.07912133226107906,0.07009118296946622,0.06681228610540747,0.031902232697869896,0.04800472199302408,0.053789099368193045,0.12982032141546493,0.07276348288607323,0.03347405208544515,0.11861262028079235,0.09227827953266225,0.09312905893634399,0.11684091557615205,0.2530160995136213,0.12846091078437732,0.12087480844882532,0.06393004223621997,0.17795943931120953,0.012828714691930662,0.1729566305731936,0.07622730345161992,0.2009378173670029,0.07193898739440696,0.0718477706159742,0.09709791545393523,0.11231742042676393,1.0000000000000022,0.14822578680120724,0.08561094620175073,0.1838574317759827,0.04580996073612819,0.12277652605401368,0.10348646628105072,0.08234239726581886,0.08951645395326921,0.09609023931680118,0.15823786602039833,0.10437354045843134,0.03817628679404515,0.035771064651815905,0.04571132345416718,0.07462605297882692,0.05401947928093284,0.081771007856514,0.043580759276424005,0.0743036067135963,0.056042051329363206,0.07730612387230343,0.04938757902453676,0.09054594053684648,0.03287629346129574,0.08194485095365694,0.026184777547414922,0.044906169335431144,0.051647201609502036,0.039905820065933476,0.170505660582472,0.0180253784563235,0.028182451731674,0.042589144923369654,0.058526027295272134,0.09189501877069335,0.020043573450591004,0.08841783820450966,0.12864586315208776,0.16806583736238243,0.02653681910053517,0.011918625124846611,0.02717679857920036,0.010611405477869774,0.04635811132277679,0.031590503299951674,0.042755093863911714,0.0216372110371322,0.03928671694775758,0.15861450091869672,0.021440676348277003,0.03275494638253506,0.08340506992665407,0.04074012052723792,0.026317590870177956,0.0689775766414335,0.12151315321357294,0.10332915230872683,0.01828271195630823,0.10370079316726223,0.08314220767193506,0.027089411237563404,0.03772173855886687,0.051092759401224756,0.11201384577109383,0.043237923612508174,0.1830605777334411,0.14875630516756572,0.0906907123009522,0.13476878586787808,0.0641659729091896,0.07651477714258735,0.10700047812426756,0.0348530499482733,0.05685776767778986,0.02188314382783358,0.06288993851289963,0.055891182329463385,0.01792231494510647,0.09081891517036231,0.11012010396535855,0.038293874767755205,0.11075603641544783,0.11749954253150605,0.04649654023918936,0.29282286381378636,0.19065419606006326,0.12337264451871216,0.11209060487264307,0.14250624647832108,0.08294512083827929,0.027731954199957266,0.04557782332351847,0.05480925561424652,0.043184022946382544,0.01787468931815365,0.17891420969591482,0.135401165259447,0.10957538249586339,0.06677020775261779,0.060654034542347,0.024160777859097655,0.11057912411423877,0.03643739918134711,0.048543818359958066,0.046679505395247956,0.0749813905406884,0.16849065921774942,0.030639376270001056,0.0997155040718018,0.013941522636210426,0.0825436615736459,0.011751151407254416,0.03386352383054049,0.03118926046900716,0.030631813347099236,0.040625159245599514,0.018489765664654483,0.054709103954540324,0.025361961626682597,0.028765635662450873,0.04092146562437039,0.04919166077601348,0.030535883958486464,0.04534400473525184,0.0785235099842863,0.03577607136061801,0.1309682185848521,0.039686518045404934,0.10738457527268018,0.041723047663641336,0.23434441370258577,0.032221820260319105,0.12068453033697792,0.19051751331446776,0.11143339862154082,0.02883961162938791,0.05158238096888914,0.04353769510721736,0.06011422787386618,0.028629822232745645,0.04825022524624207,0.047759518520554226,0.06929600386957893,0.07585817307811636,0.11019435093506949,0.07182869813430057,0.03900756951568239
Hawaii HR 57,0.022700709039679044,0.04686897375331347,0.08111211216766157,0.04821105628438029,0.06456551103277144,0.057319222924461746,0.0385623274127126,0.04992537851321429,0.05227586131174276,0.022949768947254628,0.03758560787748583,0.0441655453654199,0.02959112193268248,0.029102974981774426,0.07019306255889364,0.16201746480332804,0.15400690487195093,0.08834839347062087,0.03162269920400681,0.028788509396765753,0.04887107829416399,0.05103022560937037,0.028903384456574418,0.010728360933303283,0.025880771102787935,0.052242813393077056,0.04581880468589251,0.07424177987698354,0.01935555981848082,0.028475074890247292,0.018116901009868704,0.03240560658998932,0.03758602676183181,0.09504327919587725,0.027272431424491157,0.07490117952278695,0.024903196642315557,0.030114303306680117,0.059402778282599135,0.034734793235013425,0.14822578680120724,0.9999999999999984,0.20230740128355754,0.35473917742384353,0.16917623725077502,0.06474607816673222,0.047378103380686876,0.02978205902233671,0.0653530865152973,0.07191232590203912,0.12475894954114251,0.028954124663852547,0.029535192592943918,0.015101769244833129,0.006963241917743161,0.015214647570219446,0.015544295233778517,0.023429648131126045,0.01686262360410499,0.013596638039896124,0.014271643982713866,0.07815067490591811,0.013111887518048825,0.02378242265816837,0.056114776072872824,0.032566691899401895,0.11720611682634473,0.024219426839626385,0.04987255580647556,0.021370083196603325,0.07790004632325014,0.008940231089925529,0.01633212502201635,0.020182631447225645,0.01567627257748791,0.030893473810020708,0.00851748947852761,0.06292005113085467,0.06823629957355479,0.04013545958496334,0.0088623296001808,0.0142248931588,0.020025550041910846,0.008064509475484536,0.13700070417570148,0.01037145796211274,0.14805970388418407,0.019605852181177524,0.00777681977502092,0.024909737070319002,0.00934772931749979,0.024588385757407655,0.051759998348612016,0.009337837508931033,0.009918309464494688,0.008065930424331978,0.12291781889004433,0.08386633125798036,0.04454173721383144,0.02802619923144695,0.03084837617002785,0.02170064340905156,0.019254342739745377,0.023482009204932954,0.018337329110459176,0.02636263688904704,0.036090747709497766,0.05464467045984018,0.048096746839178826,0.04154893366619683,0.019056228612316022,0.023841918326178282,0.05151362288109777,0.014254278323443932,0.029829798460613604,0.0117114210195632,0.01720722952824201,0.02757357622302317,0.008051669624440408,0.06058265178209309,0.026312006801281967,0.02584516943799347,0.09669020404257864,0.023871954887268062,0.015605931021156623,0.06646775672034448,0.098624863014282,0.061354659589649994,0.08945982896255993,0.08054012202670714,0.025556789060101878,0.029189985556956184,0.028255064361464438,0.03993588253895085,0.07902573653738783,0.028272222218241647,0.061651428905530874,0.044122814421797045,0.0284957090997918,0.0651977032514036,0.02996498000259238,0.010488184665187004,0.03544781287104372,0.007964804488035906,0.036515945330990854,0.04710594220974478,0.042744192676541996,0.05206021418709214,0.04331088585362778,0.05227030986853437,0.051931362559029616,0.018021745507411566,0.011645407953122161,0.020984721168006468,0.009014217308057017,0.011985797567221613,0.015644025949899235,0.02648796163390869,0.03720887236081098,0.022644088219762538,0.006425805944595656,0.023426756459275614,0.031208471332850707,0.012896381807259914,0.014275473495657696,0.01876925900494732,0.015833292538444184,0.0268563681442549,0.018152374255506663,0.024452283878804958,0.01665393725893111,0.08337604935331797,0.014288463180206738,0.04623766766843204,0.05232712119090423,0.03342055633815347,0.03250888847912981,0.03991686502617102,0.027569476648828355,0.07019374217293117,0.03257378173444861,0.019915225091325962,0.021886343898973804,0.012905337409903534,0.03315282231989444,0.036750220661634976,0.03544334257134485,0.010046260198216188
Hawaii HR 107,0.01719268631072465,0.03410827472881194,0.13733844561365427,0.04063104420718872,0.04296208053771878,0.028286913280676212,0.04196675937058393,0.04086619215370789,0.03219195106821598,0.0372288883693404,0.02658676063834119,0.043752866635189146,0.03983945899193791,0.03541536386881721,0.058874649115871924,0.02275046256923623,0.02173518773422329,0.02274283560112537,0.014199914444860533,0.021207344414604853,0.040835981605475954,0.04113188820433148,0.018125925548108084,0.013184111079511998,0.019895604808663134,0.03398571981094695,0.03889389799006533,0.05183525804699827,0.011993198191786287,0.01926138338740394,0.011095227020265693,0.07982513432075519,0.02826720028165364,0.04248335789317788,0.03239219153698314,0.053079653120424744,0.018838765635875353,0.006661686506003379,0.02710437906049676,0.035403678456051774,0.08561094620175073,0.20230740128355754,0.9999999999999999,0.2204234730211502,0.046677528916619415,0.06083453238320071,0.05281213120692003,0.024672795722620055,0.04808462275299177,0.050086194278056245,0.0441096655713008,0.08984028453151502,0.02852288211205929,0.026547333476865127,0.030934139462313662,0.017890979927754673,0.02180626834068637,0.03885436518847669,0.019910710880298617,0.021639734179615823,0.012970106310438751,0.04024299256621353,0.015918692789169967,0.026468818401573363,0.03099771003313131,0.02219631399837781,0.03259762817299545,0.021286717710486392,0.040955391560561875,0.004434740202012091,0.028735145292459945,0.003598961876237878,0.017229624718156422,0.016572012374322546,0.04147056411080451,0.03032306139897593,0.007656102582469853,0.011437901005444008,0.04760378022526148,0.025171597671108787,0.0033344614801762203,0.014923989361043772,0.009170285447684933,0.00761924492204028,0.03816646261227047,0.00882761786599601,0.04204928869677522,0.014653727514339467,0.008145366110118634,0.04808625587945147,0.011468289950920734,0.016430133374845706,0.015893602491880602,0.009467098185425024,0.01373022137741262,0.01440643303190555,0.02163649221496415,0.08155511085047853,0.029397287561522985,0.03658362287342739,0.023891199325069997,0.015914583219626723,0.009692180775352747,0.01867364529140018,0.052159673714009244,0.01952144942011531,0.17106548000916574,0.15062985231990722,0.03938183557852969,0.09513568902351406,0.024928615972873488,0.04765026898023263,0.047160422204295914,0.02948381944318879,0.029996610434789857,0.004108828291102439,0.05366708775113897,0.029660740474445214,0.011136667100906012,0.05702713079220949,0.039805463079204205,0.02323677402185755,0.03870763522141653,0.06795410798917713,0.014290059717584173,0.043043210310144506,0.05480249399107242,0.05129994408097174,0.042016040858061224,0.041172220784290225,0.027645024347614656,0.024671512653529945,0.02870306492055756,0.025729693745936328,0.020318983224227684,0.029443540663655524,0.03356141872301875,0.05622578198829195,0.0434126814974496,0.029158134011201896,0.031369450635580776,0.014046912982762921,0.05035983279413361,0.014152259005342203,0.042402561784781176,0.023444631504226782,0.02868063503559823,0.05050906718012412,0.04309861598354075,0.03528186215352677,0.012130294062329764,0.03207114467701914,0.01320023148558051,0.02250661282823236,0.003854732649769871,0.015485726908274468,0.014444400204132526,0.021140682458390327,0.030802450335985315,0.0193289203834187,0.00983035683387986,0.016026961758510132,0.03292335025917715,0.023952671509429587,0.010904826923947869,0.028683819262372647,0.01092412849325388,0.07223739663097652,0.013616697909756679,0.05686886840871876,0.014531505984634988,0.05633395721105162,0.010599973441129711,0.033318961551245176,0.20734271888943756,0.03353024767418841,0.028477976144688884,0.028015618755948248,0.022232736360039935,0.038382449907205796,0.028398811361774315,0.02416285996690151,0.036250759589845284,0.01106298994930466,0.05368999009961045,0.06376359018113709,0.03768815689933035,0.015278000225799317
Hawaii HR 118,0.0340350343847375,0.05041804642197453,0.07947036434465898,0.05562431329334551,0.056185272021634425,0.04959850903133648,0.06394020574863439,0.044140161255101916,0.047262837811669074,0.029314160160120117,0.037535585493540385,0.05219495291316993,0.043200855416641495,0.04027556622936887,0.08621281708699334,0.1122937832964386,0.10650330306193417,0.05058577886751796,0.03719215799148308,0.03353119157486574,0.09726170837705278,0.0769823147559684,0.030698350249563303,0.018331282990608856,0.034601221222435585,0.0695781661420731,0.11501189019979445,0.15106357832870698,0.034630742181887504,0.04603550809577077,0.03353140422270492,0.03098352249442651,0.033894755353174294,0.1490358167609364,0.03462796015703319,0.16442511511660018,0.039225244226952956,0.040722570165695464,0.0490622683952994,0.03853471842177071,0.1838574317759827,0.35473917742384353,0.2204234730211502,0.9999999999999987,0.08760620918037257,0.06615797782923737,0.05118376425974533,0.03359970032244706,0.07663068350517471,0.06533277098398912,0.12889445559659496,0.04880309421463563,0.052306677275812376,0.020743118099888515,0.008856994029113873,0.026963080759221922,0.018976548418553753,0.02864052774126323,0.025248310004677626,0.01944239006918133,0.02049340974897777,0.015442642018063979,0.019623684173112728,0.03515102548244598,0.03619977780064625,0.0840255875568869,0.05845364811168533,0.02430233907904206,0.058776157410094176,0.01511470037575169,0.17184955814617853,0.01852226786986576,0.030278676955787398,0.03328688521231089,0.0207424651901861,0.044249551151789246,0.014894151189412314,0.07892916437075696,0.12292637220423198,0.07354599763507626,0.0191517127271858,0.025956152881952407,0.014522125424895697,0.013413040884575083,0.07744425039136109,0.016408416049801984,0.1277353710617298,0.024437004895272063,0.013324357149325535,0.04528919647276643,0.0192295783213579,0.03881954706541029,0.04230771337594156,0.013541982095022682,0.021519434359311265,0.015366050783245022,0.13263306815581594,0.11245324109044182,0.03563972972972928,0.03953534933668747,0.04983446422034757,0.039736042499167526,0.020044691141722498,0.039861028086438675,0.03205836572373903,0.0470102682130222,0.04456115445462022,0.07387152955207552,0.0652436578387776,0.04908356591452815,0.03144110778751361,0.028302275815201967,0.08921491149150759,0.017652906217316595,0.05213505058166653,0.006103160382717077,0.04679895048219214,0.019234733558604798,0.012351927185259981,0.08753369302113428,0.04103800867147878,0.03230014879812665,0.08566870707327526,0.023455056143171022,0.03204019071587501,0.12112927035127913,0.151219447240963,0.06371462935045197,0.10602048045094524,0.09889873430716395,0.03749021062737647,0.01164697459078374,0.04443543837391829,0.04397479904754278,0.04896016185829161,0.028305753334560094,0.09912119195823448,0.06151398907991999,0.05194476659279643,0.044276986934972236,0.03632384417783883,0.01592995281079853,0.03865581140367739,0.02031578183056573,0.050356338647196144,0.0401800876478436,0.049983929256736837,0.08508953591826382,0.05262368117078827,0.10782718960582456,0.022058765326460235,0.015164179008535058,0.016388975011299788,0.029578798950775486,0.0051817709778888095,0.01230939459983156,0.0147516599742441,0.029299327175151334,0.05105427938703072,0.032248539156274424,0.00985858996312322,0.02244414820510801,0.043070167238558714,0.016293499980365975,0.014333284906898395,0.04737165281571246,0.01984627471408704,0.044737546481188245,0.03230281014798449,0.03425698116063819,0.03258655770582876,0.2053779713236358,0.01313657958457339,0.049823546903370874,0.08086402885661731,0.0633031441706048,0.0477089952073645,0.0583944510098384,0.056415329613368675,0.0793146952842822,0.036825952725959996,0.02645964659327843,0.033910001027379885,0.019471608731865316,0.040435011398167436,0.048480839273522265,0.044475017992489825,0.0178146504183792
Idaho HJM 2,0.025702415250771944,0.051256274029867,0.05707622033294935,0.06232912254935494,0.0861102863259467,0.12529425602422092,0.032729193750924715,0.021972269684568977,0.09366038414070066,0.019134684285559863,0.020617407433843108,0.047629248879538975,0.025018121943576298,0.026546987993342448,0.04850775671398233,0.26429287074509217,0.25110251519495685,0.14836859054536786,0.012737494133322168,0.04689477458508404,0.022790182004002377,0.01419429163831229,0.016776200265001928,0.0098524563893182,0.007674504216058822,0.017097385045454785,0.008317607261674348,0.03516353161432155,0.017846019322838618,0.04201726993890009,0.019442096798697853,0.026427166230877923,0.05749591683706598,0.04848026938404679,0.020584110588395366,0.023706746323338204,0.022728437886464475,0.03378974276118005,0.014699656727446966,0.041099190250052466,0.04580996073612819,0.16917623725077502,0.046677528916619415,0.08760620918037257,0.9999999999999999,0.19614226793955747,0.12800301417976717,0.14808096023134398,0.04704856592195,0.08444523199285305,0.0543800241206052,0.02310090877995079,0.022301820355854707,0.01726845810503339,0.012375956799337692,0.017009868601848232,0.021373444545591265,0.01598195522777936,0.026303473742347896,0.01531215204125502,0.014505159385361305,0.008901212724223156,0.02148396703404351,0.0185390421162407,0.032044493513341335,0.020467356565127933,0.18543574489508463,0.02196867799184757,0.04585790107112679,0.011364881051692439,0.007826387404874045,0.004478159104410652,0.008256303816535988,0.005962606408773616,0.006668015952058202,0.029950844848497218,0.010158270736306048,0.0029226914395437944,0.01563936654696714,0.02916019462357631,0.008833693932165305,0.020446910976136195,0.024897333408232067,0.017472455986992184,0.06942078305715085,0.01741041899250131,0.09850753126427791,0.02887227362310823,0.016506020825179216,0.02951363017567277,0.0196300744727255,0.019332687763200174,0.03150355522585671,0.015092275817863479,0.043336323130968094,0.0145534908746323,0.030026545915020346,0.0507819553744258,0.027123986876620973,0.02678492056918057,0.04243097793462085,0.013162975206870353,0.01770885119855558,0.017533076414909934,0.01594051557930199,0.02577827862392368,0.03495582157801925,0.035357148696866555,0.03475562544629677,0.0384284021462702,0.015173270022537658,0.018017788941025587,0.014836003187959555,0.015012177326321862,0.013957619066996291,0.03518539304516846,0.01356971861777455,0.03301387927483113,0.01896010025182177,0.016861968967177517,0.01713216896407308,0.023754149536853245,0.03212213088865194,0.01245053637514204,0.009571626573161327,0.040842728540726285,0.037584223376404984,0.07982074017558821,0.025283970098262804,0.02852970661687007,0.02206700252010575,0.011101785637044346,0.013985937621727548,0.02192790760891329,0.015466026934463091,0.020344684067569962,0.030664186351597,0.03072981696342244,0.02876125353237668,0.021785705658162006,0.04489142465706693,0.02907305137272119,0.05532867761365121,0.02100787216242866,0.04876314648392146,0.07516544507120401,0.012513646849930279,0.026854173887593945,0.04735273506358964,0.03557993162667016,0.02662994850133253,0.027314816060850847,0.033282756870064045,0.027722015193825597,0.009686319852441184,0.021824829656619363,0.015329902261174179,0.0392842313206515,0.03138168777484484,0.030721408041466468,0.011863330478927474,0.022820145373724166,0.024020865504847534,0.01662982013077645,0.019862642051636615,0.015236690744659042,0.014980993291814852,0.016862571888756107,0.016103497798218163,0.020210335924663213,0.011647119798388148,0.013133755962019145,0.018615895797831718,0.03238815888216175,0.024466172606068783,0.019320978391265963,0.046081205395298155,0.0254408654684144,0.029780124951667816,0.043377350017469445,0.031908245249464555,0.02064829285220794,0.018680322192410368,0.013937292983640276,0.02967798437672957,0.038385649966034045,0.07206018640017371,0.03483272995597002
Idaho SB 1044,0.08789587574955532,0.20869405175899575,0.24262855066481825,0.05124027858757482,0.10355787248726878,0.09678814074000161,0.10718928084298551,0.09239019864422535,0.08338064284306519,0.06307991641073413,0.06839206739357354,0.17475259991161915,0.07699453771881025,0.06872563175502763,0.17203371504359985,0.03510643538416965,0.03743617174116532,0.053957020628106186,0.083523059198983,0.11596670399393459,0.18261479003371683,0.05751359614531287,0.08895145098073887,0.05865536211182341,0.0969837426379947,0.09500523149118523,0.06500718983711641,0.15125350603404608,0.0944898245453314,0.19767428849663654,0.10875451643005456,0.24098457750474958,0.043539626177946045,0.08834314553754315,0.05968867309422847,0.09333707352597222,0.11409824322248001,0.1431604768542508,0.07887216289981704,0.10858038423970615,0.12277652605401368,0.06474607816673222,0.06083453238320071,0.06615797782923737,0.19614226793955747,0.9999999999999938,0.3378769097011497,0.39025618017551084,0.20194420619670325,0.20307220225252048,0.09235220914060902,0.13618561323056758,0.08788261051352937,0.06005416261178077,0.04236953420981955,0.12074563511996728,0.08955054130081706,0.09597437878329217,0.09472346518633291,0.08821839141605897,0.12007638268967875,0.12420919075459894,0.086007421120725,0.0985361623790132,0.05657250614488657,0.13485925297066165,0.02837862042523214,0.09694563275486691,0.1869611648763746,0.021589376617226673,0.048738949045232974,0.0316359582937602,0.029187158399018698,0.04568398642330792,0.055777866017997335,0.15743987701798323,0.05182988160813752,0.05023086753916172,0.12830164313424683,0.07382983464418248,0.05613802487831024,0.016441785995887963,0.04607813695416059,0.015721251512454956,0.06530473299301504,0.05082118012958563,0.04899035482525236,0.04125452122547517,0.04697812139811128,0.16656617179403005,0.02754716438070187,0.058783301874487916,0.05653258849592707,0.07714351445372813,0.042431792990775825,0.06718456745054352,0.03685815812979869,0.23947830782560062,0.0420421056289534,0.14057280297328664,0.15877878036969664,0.07925673115365885,0.09265522157426474,0.09407046346610849,0.104100032807726,0.08902055477617343,0.32354977344238306,0.23251664353080526,0.17761588140673318,0.1984961431455396,0.09586140794619041,0.17786891760919507,0.09628893591916671,0.043812023293759265,0.050728340302920484,0.015003288172976467,0.05976100428260254,0.0621350883469501,0.019850076362945012,0.13185516902509356,0.1240990120299766,0.1135168709298066,0.053186523852618045,0.10473950056259504,0.0609504877829328,0.19074930970299553,0.11843517190745587,0.3201770346080062,0.07660972825638006,0.09920213535199421,0.07665996985556324,0.04437562151901879,0.10309194859059508,0.12241645753602752,0.02584555102662017,0.021746291553112654,0.13370780673425953,0.1730909811599347,0.17862833176060902,0.13888210415123076,0.07985848492388582,0.03592741074518806,0.11534393229426772,0.05118362535547919,0.14399465707491504,0.02416447347916143,0.07974619718695466,0.14558497341264076,0.12005881114922094,0.11427314111571002,0.018440894584606144,0.09765336511558889,0.021458373678120566,0.017307115889702275,0.04381953196799574,0.06720688452053594,0.0636478156840941,0.026324932057586684,0.1031658380737721,0.07388409754605214,0.05357638897452731,0.09545565978069381,0.12919200830274427,0.06132284133846469,0.0964737634723509,0.12433982000038761,0.06612286519032565,0.13515107659946354,0.07253503666821381,0.1427267153992057,0.0647618233939077,0.12049253484738592,0.016761493113716757,0.23898903809385397,0.2282895335684826,0.1242520210251495,0.05288067287251278,0.09414072746106332,0.06584666808189711,0.11780289742199845,0.09477500687229766,0.07660844018192259,0.07356497287920342,0.10431013770746286,0.13170494752205092,0.2977088979620076,0.09403481633009671,0.051119065127219726
Idaho HB 374,0.04332343397640177,0.10199386484933726,0.16281755290783945,0.05516544511914746,0.14154687278234415,0.07208948895058565,0.07660916771916056,0.05885108713686011,0.05563625668932861,0.04534607553818344,0.040028166761463264,0.11182556472247453,0.12175363834085928,0.10170533840051062,0.10301635166813229,0.0331936779611819,0.033734950605544836,0.03124751187546296,0.029305833682981362,0.04668095284601586,0.08933350804036672,0.04876732137419064,0.04299615971000036,0.04092741924645401,0.09198106446029955,0.05262983031937269,0.040872405358207006,0.11570184503351272,0.05492884258635044,0.1068782474320774,0.05668889375957801,0.10269045020837424,0.022319008853438894,0.05937568666865085,0.03714544136555836,0.05597476558960119,0.0724723255652711,0.053611391568709414,0.05834125679780798,0.16538947994694722,0.10348646628105072,0.047378103380686876,0.05281213120692003,0.05118376425974533,0.12800301417976717,0.3378769097011497,1.0000000000000062,0.2954174105500777,0.14681262757979543,0.14759493267631243,0.09222809651934398,0.06560140591807315,0.05197021944012995,0.053727617567799,0.14266935587296634,0.05928461930793306,0.08677905257848592,0.12389681566743858,0.03983500361836513,0.20479314185996714,0.049050035993763126,0.07010135933677078,0.0866612819966446,0.105138735993976,0.05774492185382555,0.06711745224765704,0.020045892640034695,0.058433986829357326,0.08002371121749186,0.021807969757412674,0.0490924582789836,0.013419084658734324,0.012297506003047064,0.024763825563438875,0.08435311872087775,0.07943427776967268,0.01918178075298236,0.03091328955702058,0.08137258408340546,0.04883170657377074,0.020842428445489596,0.017601353089991365,0.037111576641315445,0.015526246004217406,0.040354449737254904,0.026866522890648115,0.03469980808606687,0.045181002730904786,0.056274538302370745,0.18642877322603668,0.04923005435369214,0.044346912754184585,0.04527726472008378,0.037564914137185254,0.030573804961926507,0.03797583351745181,0.04140166169544746,0.129951897521924,0.0364860857133575,0.08305968031509987,0.08367080894009103,0.04449225665030733,0.04417611377996366,0.05286411040767584,0.05665215236896347,0.03494870013923049,0.11246012017720862,0.16175054338341624,0.10697009326432912,0.12768793079678842,0.08408787096985737,0.07284101838198655,0.057866058043497315,0.12508919148044473,0.06369934902151607,0.009659857040679504,0.11093655664126648,0.1414576658569458,0.0627209334942258,0.08079798558002375,0.12198573375057314,0.04090334937807285,0.046413208917471506,0.07763301147690942,0.034366451140669566,0.1045506412815609,0.0812571071082788,0.18403885965415062,0.054488853748365686,0.06920091358876962,0.06572396809989418,0.019491251724940088,0.05540607059517344,0.05021941760876471,0.013577437475870261,0.024286143609546854,0.09527698379169809,0.22047733423693366,0.10619355178271722,0.06018980304312126,0.054817734704545526,0.08854226285132337,0.2389351588921993,0.021922219081421262,0.06894645555456384,0.03238703423834236,0.07174064262565082,0.08221768882581874,0.04973841626652354,0.095281954238015,0.007093680524490855,0.28380915288999603,0.010158232196770105,0.034864041813044776,0.06336021513989082,0.17542630673275358,0.10569405032728292,0.016739420673573605,0.06642774046064136,0.030472746912357428,0.03496358960935771,0.05406949125027308,0.07267050952884854,0.04232402546385746,0.04670649896533296,0.1717369436938978,0.03612313674445564,0.24076996820641022,0.08821302755708856,0.08475045598617473,0.03838095270340767,0.08062423067942318,0.03373716290831382,0.13560763034126888,0.14474251521999487,0.07038754722833279,0.03191652646322306,0.051705787812263704,0.053470284745336896,0.06448484454972732,0.045830841880345106,0.06186896629291705,0.07759053789994388,0.08257969643138789,0.13097584807052212,0.07631860550205784,0.18197763885099968,0.1015399224170523
Idaho HB 242,0.05212164497107954,0.07629769082204456,0.0834607941225078,0.022748845441473698,0.06321059173917136,0.05495616015386512,0.0502330099855328,0.04426921051189921,0.054067896224001016,0.03281073186224834,0.035654310483513925,0.08924178037431446,0.07056972739991874,0.05195370429368546,0.07447574422693103,0.014503146943781894,0.017598578413861515,0.03049503341393311,0.028994122892325683,0.05054953224572803,0.07124062699507318,0.018553164628641705,0.03060271970341669,0.049668202894717545,0.07130789639526226,0.03534097676907367,0.027848802265317704,0.10289319187777177,0.059439107680928874,0.12737592587118465,0.04468728108192282,0.07736737357849283,0.022484733647648743,0.050889116403807985,0.029295600078751944,0.0317742283454381,0.05171599520557219,0.04639173272043279,0.030725924600755104,0.06108354765708178,0.08234239726581886,0.02978205902233671,0.024672795722620055,0.03359970032244706,0.14808096023134398,0.39025618017551084,0.2954174105500777,1.0,0.1006656218897952,0.12398225652784417,0.045534908567432655,0.038752169604213835,0.03797596723103016,0.027249472448005848,0.039658148793404596,0.04811544264573988,0.03844315669912928,0.09209945179557086,0.029500686809606876,0.07728361622008346,0.03647753057582284,0.038741840092615824,0.05364305998605761,0.05148535330575943,0.02651107952829337,0.04520108007536594,0.047758770627996903,0.04179938178909934,0.06696213034463429,0.024632571467761644,0.032093485649806804,0.020119943100958573,0.0205540389745433,0.020857325881523718,0.03654982200688819,0.06603889765976584,0.012662129919636859,0.012679233457565652,0.04563308916227,0.050388683895131174,0.022416975034424594,0.017909928703950966,0.03951632615969816,0.015858752769289143,0.02166026859238843,0.020398500083169253,0.020839487857141528,0.04768258426698896,0.052750431416316794,0.06214559773587782,0.012230729052918365,0.02715177758916786,0.06650538752376235,0.017062903980131043,0.035889140216219806,0.036828469917421655,0.015892495544284343,0.09131631556448062,0.018080707640828052,0.06758647941793475,0.0675542760074475,0.0296076393263916,0.02826405666171886,0.04237183819006758,0.039555084062499614,0.02620433715130506,0.07287010361779661,0.07833101035234158,0.06528448364663422,0.0752232115881399,0.040661283431729825,0.03597415179661749,0.043286061912742105,0.0309808564848213,0.040991020785221835,0.007450289495540989,0.028540009924716826,0.04291127146370983,0.018988607453347954,0.03140887850668939,0.09870171136031351,0.027715978761882424,0.03228456058494172,0.039629298855745725,0.03345018127898972,0.08456730858485818,0.049901794267830105,0.15718471589874816,0.07267636123904608,0.07518385392192371,0.05888423645761478,0.020844432537491995,0.05294900529708934,0.05506214072408961,0.007545056130948618,0.009722193932530421,0.08335724721208179,0.1057138443739567,0.05882599170228391,0.05095544913595328,0.04918840060061419,0.023658421441693236,0.08306213243299403,0.014432545407961688,0.05920720260816015,0.019631771510967278,0.02664180291402068,0.06748001899166109,0.04769232932762523,0.059850218428122354,0.01713102099125031,0.09642641318043228,0.021623413898457705,0.00632992021549341,0.03286080561187493,0.04244123874354726,0.099352881794324,0.008302638220749078,0.044516838866081876,0.026397468530577447,0.04364909379253746,0.05268701593109348,0.051145577501373385,0.04589832689874369,0.02568207730824386,0.07125995878189913,0.035270754216527256,0.08072225376834348,0.02949920355042653,0.05625350878906996,0.0274562397704232,0.05178922985136787,0.0030063838386050943,0.08340634779341026,0.0688061735780285,0.03998325147783405,0.02384725498575892,0.04111235340670788,0.03243191997505824,0.05180592520692918,0.037979906274163276,0.030416122164915536,0.03569885466199174,0.05898363890277156,0.06930318548013495,0.05927435642047642,0.0929069213562806,0.04770179938170813
Illinois HB 1596,0.06831972088559625,0.18396685213823274,0.1416282165355456,0.05045049586989632,0.10809260391215066,0.10064572102306929,0.10620616110013284,0.10955870824111431,0.06791299847702577,0.04551080687638349,0.046374064648984165,0.16291418251884887,0.08243632655242335,0.04863320043444022,0.2055280154949622,0.027620233925732495,0.0334152726515706,0.034519253640079524,0.08762745281741567,0.09743683674691235,0.209424209479734,0.058866803758903026,0.05896476564768673,0.04319251164502823,0.08959829755861344,0.09929181062918374,0.06053335336976038,0.12462019613879631,0.08578697357012824,0.24749622756808526,0.10225161597433426,0.1468444225463967,0.03852217648155812,0.08663166735655559,0.04152402056467942,0.11310485876923754,0.08804827315091246,0.08380789831908858,0.06263093752076701,0.12664883937735696,0.08951645395326921,0.0653530865152973,0.04808462275299177,0.07663068350517471,0.04704856592195,0.20194420619670325,0.14681262757979543,0.1006656218897952,0.9999999999999973,0.3270156058402253,0.1636443034617179,0.2387055848445607,0.16919229089342722,0.03591854793364335,0.05704440961359918,0.089842003396084,0.07745149156917244,0.11024581115528122,0.0669823756637989,0.11786237666321568,0.08199048036783364,0.0906000200483959,0.09493499607164585,0.1054488391829516,0.09378876520274751,0.12409833690777655,0.05251437575802224,0.1186352909045222,0.15130572512528057,0.01299862471377052,0.03274040558183171,0.026567792422491097,0.022327434124345093,0.051676055973743695,0.042543659006734603,0.14205750920256147,0.03984799674261544,0.05062482412972343,0.12122881790827117,0.06010293471268423,0.047135378980007234,0.01800613859410268,0.029689659286753135,0.008929164472506666,0.060631276257393375,0.04139963449221879,0.05336376038963022,0.149324366724883,0.033742913936842533,0.1635352606106047,0.015508143602163028,0.10322391541494298,0.045209368812007114,0.06402014913980594,0.02367127023045148,0.04607966041806438,0.04631319578026189,0.2103657835477403,0.04352634137783663,0.09181049180487597,0.2728847783668599,0.09267430628451022,0.13986940833946573,0.1490169533716742,0.06444869499477866,0.1672431796229867,0.13047229533383956,0.2011809509145314,0.21137192596653345,0.15296562912752276,0.12241281520265182,0.06317315133388744,0.07941566135448008,0.08874218294432606,0.05171917400168966,0.007832231109212334,0.08144289309196248,0.0754379825116225,0.022176572951568,0.14035032664173838,0.1267757256286634,0.11189096837161853,0.036653147540841244,0.06044119751834997,0.04113971536270393,0.1428282663875659,0.13235660288177023,0.31204738258311593,0.08069077796627493,0.10365503717719453,0.05597818958023689,0.02720987591139919,0.0656939369057743,0.10023256202546506,0.02616769476205411,0.02842644356752643,0.09208579198802584,0.28374392978553203,0.2077233432774883,0.11201793449305075,0.08542502664753449,0.04991305092262112,0.22100674378113172,0.0755346551553286,0.10394177882026306,0.07742588097755726,0.09002953476540616,0.11695213826555971,0.1473631573792465,0.11871674990505869,0.010314093436889155,0.09878357024256858,0.02531962200938865,0.02366998641953181,0.02530910727275061,0.039226572276438235,0.10154101103721405,0.046997129412126346,0.10743879881156822,0.06915179450709703,0.0443622582142773,0.11399713464998626,0.2615202649460004,0.05258645080144537,0.06089251850773292,0.18359976185878915,0.039227152545142814,0.19215395976590624,0.06875195167731304,0.09476499197437258,0.07255215760632251,0.11015525859024307,0.021583660026931448,0.3294517522756616,0.19895767316051166,0.12594303352158698,0.033481190818635084,0.07039432224417566,0.057523184454241746,0.10473760896002368,0.09222211287812607,0.12765534404714204,0.059453052840691516,0.08028989472804433,0.11867133701422564,0.13036005942949744,0.07922030587095441,0.035447493833046406
Illinois HB 3762,0.06378776650199566,0.14261822485379047,0.15858744153832588,0.04280483015070862,0.0942141756982539,0.09674018720247513,0.07996355718837625,0.08524724263476641,0.08402967500927115,0.046897302049904735,0.0625181569829212,0.29551733853667944,0.06982996163253848,0.06004127038030959,0.1404766174046769,0.04019739901862407,0.046382677887019226,0.07481755060159416,0.0531075247260528,0.10486554517674608,0.11477599598784506,0.05093601272718617,0.06865628641767042,0.05197845671552115,0.09199474142407248,0.06486383993027368,0.0388080712110885,0.15173888979636363,0.08356244334423515,0.18395649930897562,0.07333551374031007,0.14890020957869138,0.04970391329207421,0.08567510910316883,0.040525391381770394,0.056552315134313066,0.07237985577176069,0.09476452302303981,0.047789598360877185,0.09569135582313795,0.09609023931680118,0.07191232590203912,0.050086194278056245,0.06533277098398912,0.08444523199285305,0.20307220225252048,0.14759493267631243,0.12398225652784417,0.3270156058402253,0.9999999999999932,0.1658053578085877,0.21631783993181672,0.1814417580056791,0.04091033304804135,0.03975472279716245,0.08737136843544732,0.1341538870215377,0.09829430513083556,0.0520307200686581,0.09463345301725952,0.0839917804261181,0.08371408124902412,0.27323405655236227,0.07285009346829265,0.06801293307834852,0.09254190996773333,0.032103433355881866,0.0755189599718682,0.12420022244139607,0.017802283190336415,0.014326936100139754,0.02025622952126545,0.01497463974314197,0.04200613495748703,0.04660195146796851,0.11908754556470634,0.029650023114592146,0.03317158781543448,0.08752239751146687,0.0842491487774573,0.036975055791918635,0.028850895687493633,0.05692065143429399,0.017845880025069316,0.07225363143401962,0.03806873684347972,0.041098084543598534,0.02484707518709588,0.112507401387162,0.15118880595384906,0.02292009928540822,0.03941066309268978,0.06156120134407323,0.05090452182783887,0.0424444639106445,0.06269571506948057,0.038603396047720645,0.18927116910640343,0.03132264161898573,0.10741304011826198,0.14398684032194792,0.05874119112038245,0.06134697728887718,0.06699395416404758,0.07952770568143565,0.0616561579151093,0.14074328852985937,0.17027267356585582,0.1313161728201178,0.1543921515636597,0.0754542930053764,0.06227044547371794,0.059816018473951064,0.045403109383743034,0.048518022241755575,0.013445949678752749,0.05903370079165457,0.0703157226420237,0.024145017450470242,0.07449633887794244,0.10525252242302263,0.07720003245621343,0.03898204669879746,0.07274244299764779,0.04491456759871147,0.1383644884697038,0.09525421297964111,0.32846493903906965,0.08841719146377142,0.11635327734297773,0.07262414246068362,0.03014421032472667,0.055778046293471065,0.0759251200695376,0.01745322202619699,0.014409520630187448,0.10965437369804976,0.18054235049946582,0.11861226781398602,0.08807534776875374,0.10497769452285836,0.048997666458270465,0.13638591992391944,0.030403831308761165,0.10961807698389518,0.016372246682116846,0.05446198821883361,0.10745871430706667,0.11558755033190622,0.0860181372722202,0.010395844664433043,0.09837435904389114,0.027812460115693084,0.009866217533119543,0.02991404946859652,0.04745042939870314,0.06969518126563876,0.019094613168456703,0.08261752171105931,0.04394814726333231,0.12865337077758474,0.07693945426175706,0.11037383291684277,0.1278022241697793,0.0555333499178509,0.12174269569387645,0.041528514391482294,0.1231285126552969,0.04663967395576538,0.12967538802714412,0.04811873126746266,0.07242304324965558,0.010122293329991351,0.1832877419578311,0.16019899158199813,0.0809905621736134,0.03572369869164903,0.0643529222138779,0.046906144916744025,0.08549915785259164,0.0702227282669722,0.05585807406909833,0.0648144713245629,0.15404285290421113,0.11484276862209805,0.12722674693866037,0.08293105805080803,0.04895009651118551
Illinois SB 1909,0.051412942615139436,0.07196477520990356,0.10249883499072021,0.0896590170718999,0.10124545740116983,0.04887792205876127,0.07920529147336527,0.037227897596274526,0.06256882070275327,0.02992408075750642,0.03665585109428652,0.058150989831541024,0.059247406542736324,0.04263980345927465,0.11173746545215749,0.08088739664058399,0.08141112848256392,0.034438946102523446,0.03439209770144069,0.03142194015673023,0.09843572883669832,0.0740274676692454,0.022947138901039405,0.02380711513644046,0.0640347122814322,0.08072058808306566,0.09681326897677511,0.13337694684622606,0.04410514835874315,0.06792753814464939,0.06503528390997014,0.05403285442523055,0.024010699965962636,0.12698348009159988,0.11230457115109863,0.15197831283750826,0.06604182443497483,0.04408932640906302,0.1445184309201162,0.10690128918144386,0.15823786602039833,0.12475894954114251,0.0441096655713008,0.12889445559659496,0.0543800241206052,0.09235220914060902,0.09222809651934398,0.045534908567432655,0.1636443034617179,0.1658053578085877,0.9999999999999994,0.20328030276841816,0.08693888978836535,0.04306874623937435,0.03347327524644323,0.03553942728129378,0.03275334432108618,0.04101804728451978,0.018909341787173527,0.0931019958899533,0.030416096347715537,0.03409520226898715,0.028615182312135702,0.04516952207386775,0.053351467044050256,0.061778853031510386,0.04440277075094371,0.05747605847155199,0.07204856260407606,0.03681346471787749,0.13370855508810545,0.014622005080056287,0.024907808456962405,0.040684238086465596,0.053395891864665146,0.05408278108194211,0.016374502680811472,0.09625078855226062,0.12266427229475782,0.06253342819050563,0.024678263347665697,0.014979234627198214,0.023690936592639912,0.009020068683289575,0.06265039005298437,0.04609436082007506,0.07191461121732667,0.013515674888176291,0.031061053029432826,0.11207351233008213,0.042481536039614284,0.04139063606385524,0.06521620370840622,0.03012614551828977,0.019762594909827267,0.02490654520568156,0.2077502233323956,0.12723853068343494,0.030695937634140146,0.05449898739277513,0.05694461722349853,0.03332939992135426,0.04105772961296921,0.059917521121938225,0.04459771915078427,0.051870863908992294,0.0708491854667742,0.10776424669779416,0.0805379983494432,0.07244366476961726,0.04904068275919434,0.06299090859745006,0.08500158698348717,0.06373774047873304,0.05329622452629808,0.013889542880217345,0.05504982811424028,0.0647859042723707,0.020779280454503658,0.11920625465312076,0.0725205848019965,0.0410213850068979,0.09884146627331894,0.03549078927994478,0.040444395214696935,0.1240694991589736,0.1516030543091091,0.08526550674894073,0.11296581621063741,0.1166769275095559,0.04248777614405673,0.026165885729831074,0.03066265108816103,0.054102955504251024,0.05066645196957465,0.02220555929218284,0.10578678612700189,0.1016822574454478,0.07272685524108155,0.045809427960389476,0.027758959035499953,0.03596113724385315,0.09065732229752282,0.03556961972077898,0.03795312529448866,0.036953515677146914,0.08807468601079599,0.10510668025295235,0.05547586094466575,0.09199930255595333,0.013775791043435341,0.06742898054317988,0.016211132780475552,0.07804668954388798,0.01686265493756267,0.03257521804005852,0.03252777360373364,0.03721718133273185,0.07123081599386245,0.02743204723807361,0.0183198884154794,0.05237323094513179,0.07034303068302909,0.03844857276075527,0.02554968421901447,0.06784525105078033,0.026234196564598418,0.1028318943384293,0.05095066332908659,0.0674855182261157,0.031725149253654564,0.26754959191736355,0.12748031060001389,0.08953630202423732,0.10847279893406543,0.07229020349411593,0.03374631223611081,0.07190257296802624,0.04817641173585814,0.07227208981394118,0.03765714372103481,0.07792904116817315,0.05005961157761379,0.025035968456367443,0.07539567525269023,0.0712182407091442,0.05045531959452466,0.03128964347442913
Illinois SB 1344,0.0667577821407456,0.13730826405537747,0.1255296263978829,0.01929334390959474,0.03530964643961791,0.03790637633511567,0.05008436669520353,0.04027676138536781,0.020363847086498462,0.023996542358602848,0.022034977946545135,0.07486369014540808,0.022975270308722512,0.020344454855495284,0.11552601271430835,0.018059840206421953,0.02199933140325372,0.02647146965661213,0.0642490877482068,0.07054613605619553,0.16855685742361035,0.05930749932348094,0.0560059862949604,0.04563393459769671,0.07010210841887676,0.1227231284912834,0.07456752722922484,0.12879727790405646,0.07399355509360296,0.13002047786604698,0.13660610018866162,0.1801999775887922,0.017098598000186437,0.08556731499747953,0.043004735770198116,0.11972555795713444,0.11318026336688294,0.08017493951674254,0.06439956331633023,0.08584589493710808,0.10437354045843134,0.028954124663852547,0.08984028453151502,0.04880309421463563,0.02310090877995079,0.13618561323056758,0.06560140591807315,0.038752169604213835,0.2387055848445607,0.21631783993181672,0.20328030276841816,1.0,0.2262616524545065,0.051453941446713745,0.038481049600247945,0.0840444693322559,0.051173476813461,0.08591838509300423,0.05869361266447451,0.06357104761803384,0.07763455709238544,0.08451897138607999,0.04207701417376474,0.09180473439940966,0.023296696511255252,0.09942600540143506,0.011361489626196444,0.05979159057548729,0.08991222569937343,0.014015152559382441,0.060709486770477654,0.033027608629179445,0.029112985916728198,0.037528143712582854,0.05575008795431575,0.09520518369329199,0.04177757061362003,0.035735651902715986,0.16139342882904353,0.07079119587352026,0.03680281323688372,0.008471121413408026,0.021915382339569967,0.007544814886974218,0.036773050267013406,0.029688273037000792,0.04049739382727203,0.03144190310600209,0.023554415047814248,0.14834461046115163,0.014454725683443678,0.05625940142240196,0.039558239628131105,0.0429135565916964,0.022947010128893722,0.04886123985493606,0.0279446874900207,0.10419441433481572,0.017952639024673766,0.08106959141637347,0.09896215768315898,0.03941881596771409,0.07068828276830515,0.08797562622150425,0.0887720348713749,0.07514782709271665,0.19630348872363093,0.18788280280814904,0.10828411636009323,0.14633988717906143,0.09728095532498324,0.09299971166199092,0.09504612664650915,0.038246959832853145,0.0590364899799702,0.015480500614436352,0.06871762194958593,0.05894846774319185,0.030940238964673676,0.11748940837853462,0.07800873841754906,0.07835548822972635,0.03520365128504853,0.09180587110707476,0.0523580478028191,0.13254570695429546,0.09167089703629999,0.14397095161949208,0.0918841752519144,0.0870022850718574,0.044416013121345785,0.025510087029203415,0.04004202277849066,0.050156958324270834,0.019632857553732112,0.014618977378801398,0.06865629939741578,0.15319805050040017,0.13985588038834093,0.10152620503790981,0.04830126856496445,0.02118680312762069,0.09854276401013315,0.045321899219040736,0.054209665600991594,0.021448230679061656,0.07039944432030254,0.17450739970320567,0.06801111860454366,0.07637323048211356,0.014688468895757562,0.05801737457066214,0.01536143401654831,0.016373262926358104,0.016596273662413088,0.024077916017501526,0.01917023204132683,0.017689530371935106,0.06091326182819635,0.04669173857119351,0.025275848944658428,0.048171111569266505,0.07834275309335907,0.03027656190760508,0.060170084950247026,0.1267589271236407,0.03817596713452944,0.13693441713861448,0.030830859845218134,0.11014836389373364,0.04069998764607132,0.12990464366562374,0.019657486312538677,0.15454714490273289,0.25179955935568715,0.09121956740844493,0.01951955732901294,0.06152705841169219,0.04832470051108122,0.06267854984504544,0.04633166256993714,0.04062728655183037,0.04497304260209123,0.05607170101247261,0.09208629357325906,0.08369208224677836,0.06042417730290239,0.0313709825282862
Illinois SB 1561,0.036605154574154496,0.06716928042465008,0.08404205254291233,0.024660082102536715,0.043056056522357625,0.03936243020770668,0.04921567777190235,0.04304823099216659,0.035608257140948785,0.031034609348290186,0.03121716566567244,0.0676352856982624,0.03300325026979053,0.030098156089355142,0.0748270997971778,0.01003947099773129,0.013877375297160674,0.0161748247273155,0.02404718379547016,0.03736054018156484,0.07310673322273385,0.021916373401373045,0.025744546785707284,0.014500662640875862,0.0255542454984065,0.0423485623539978,0.04480621457112146,0.050781287605001196,0.03486722204617356,0.05848928692502611,0.03208992156033599,0.06275984266069855,0.019657024285225852,0.04404553669162656,0.023281634765334683,0.0479526347635583,0.03793451047515268,0.02512126063602631,0.030112149241562986,0.04477950227137676,0.03817628679404515,0.029535192592943918,0.02852288211205929,0.052306677275812376,0.022301820355854707,0.08788261051352937,0.05197021944012995,0.03797596723103016,0.16919229089342722,0.1814417580056791,0.08693888978836535,0.2262616524545065,1.0000000000000002,0.028171394407114445,0.017397017156640472,0.033225213239523245,0.030195799010145942,0.030357178361790166,0.022859370340306027,0.02740312521059428,0.029441190101175324,0.04008010822209785,0.031633101097090825,0.02955587243660729,0.03196339605681194,0.07396920816781735,0.008837995042144449,0.04142587409452378,0.06844024517869877,0.007638617336015702,0.02316114156348495,0.034796147747668954,0.027533243688897254,0.02370705341088001,0.02292437805203811,0.05808405883235188,0.01661745461550349,0.024221581128821567,0.05537939242940153,0.03196982745604972,0.015323030925998606,0.008971427930787885,0.012572885195918848,0.004780639844258281,0.028482960913758005,0.01420947706928116,0.02529974369406095,0.01088246998091975,0.012636479423780544,0.05792254958502852,0.014795730300588748,0.021779417355166246,0.015814077762096878,0.017540085835613922,0.01200724288812213,0.01634459793615203,0.02366031919689719,0.108451299300175,0.017753881748401687,0.05213508044877706,0.04738784946835362,0.02903606914657761,0.0352614374653661,0.032423504277465875,0.032619319337450915,0.03772280306494686,0.06440571645347778,0.08582644691637974,0.06928692665629281,0.07268920741449436,0.03593520273295766,0.048522363995393794,0.033911704586307594,0.019103382276815885,0.024493568714599845,0.007392251962935197,0.040123045996728654,0.02484876593905154,0.007397111982120761,0.04636669041500585,0.04567277851977473,0.037940648772673835,0.017635940219537148,0.031914729781528435,0.02011504117561011,0.06268097151956169,0.07041581044670188,0.0894891875133373,0.043676929347135844,0.05385131051164061,0.02898217879016065,0.016192574211055282,0.032742053632228034,0.04065754592454861,0.00817455791578778,0.0057819583532018924,0.04823062258189277,0.06319062059663576,0.0610540473336935,0.04512572391501906,0.021787662488248087,0.006917203525781028,0.039224085053321034,0.018027625405814342,0.06092607830245102,0.006472797061685681,0.02980286902723733,0.050927710771689,0.05476000321406665,0.06551583603558714,0.004026577838322718,0.030941269620540755,0.01563840402837361,0.007541048702679878,0.010126396869490994,0.018373239097496576,0.014799314073224833,0.010664306958733041,0.04917759647474775,0.022268835505994483,0.018672783070448274,0.04021095485711473,0.059896140895759724,0.027234015859941257,0.03443376259751626,0.059476885936559254,0.03038760467367568,0.0641061671894703,0.03457557665983178,0.05288171374582854,0.03195089256707636,0.060184246360539706,0.006678446371465776,0.06605595213420665,0.0780059480160193,0.0488531117403803,0.020658538679064545,0.037256032201245466,0.05643166001999833,0.042522070355871376,0.033783005583177476,0.034338189217518786,0.03228025890079309,0.037532234846002946,0.05391394083214113,0.057970616639827006,0.027525414759091198,0.019685196489437885
Indiana HB 1568,0.01577126458205458,0.027163035526331283,0.06917730444701728,0.01668954528801247,0.0400731294929088,0.02134014480340787,0.01970932003872273,0.021431854105848726,0.015687518062765207,0.021869293464645112,0.020433833813438596,0.03541290448514336,0.03901814321713997,0.026276347841925746,0.03638013872387387,0.01106572747525712,0.01208243209865327,0.014166890947076766,0.014926011521584343,0.019627092903200676,0.049223600167364046,0.02357989100685483,0.01692990687942578,0.021001469157355002,0.018319582511421097,0.02626679167404876,0.02229304389195691,0.04308809399726107,0.02409663026711936,0.03827668129010026,0.018656013862637055,0.05910441616801687,0.007412062161776014,0.029622492212889477,0.04455407366757617,0.03385444319615185,0.021795494738301332,0.014529882586456586,0.0199883823892379,0.040591899482757876,0.035771064651815905,0.015101769244833129,0.026547333476865127,0.020743118099888515,0.01726845810503339,0.06005416261178077,0.053727617567799,0.027249472448005848,0.03591854793364335,0.04091033304804135,0.04306874623937435,0.051453941446713745,0.028171394407114445,1.0,0.030432961690851235,0.024685434539677274,0.015895690740777305,0.03510450142618721,0.014470595928122523,0.04562675833730822,0.01756134084807861,0.028783758026864018,0.01945605335738145,0.02057958750441868,0.020316337978143625,0.0338536858953766,0.01113163034734247,0.025860224975259936,0.03044863670047972,0.01314980950446958,0.01454990702657422,0.013931087096758618,0.015271604233835352,0.028685183080176327,0.0239771528021575,0.046611979347161284,0.006689011858994676,0.012417157612394694,0.03556332614673849,0.03316061117519521,0.008830169709878178,0.006451947584282885,0.012150322448415721,0.006845846423104494,0.0170412315882517,0.009123450422358235,0.018252002305771706,0.011863725444125554,0.007675644510365166,0.042902165047062485,0.010966102225930065,0.014587587463832435,0.015911318376754732,0.015217544150301854,0.009045312085135655,0.012435600600500769,0.011114225558298142,0.07800169524583475,0.008114128360066041,0.03166366914924303,0.026519035186430912,0.019841399421932387,0.01291126984834767,0.01962023923809138,0.02856088810919341,0.01134730396950432,0.06389383279844928,0.06605487560272714,0.03460173148916894,0.05866136879445268,0.018773253991551855,0.10076522794758314,0.0360616472984788,0.02201797341450501,0.022769051294417825,0.005857380957172146,0.03806957594938742,0.029879285577368686,0.020766178443582847,0.03203917702716469,0.04380612137855761,0.03126384773192924,0.021958404664197913,0.04268922235718901,0.013094321781191989,0.033697428466406575,0.12024127191028319,0.04348226966641314,0.024372252173509204,0.024349909394371896,0.016048560414997047,0.019619425121231802,0.01868619253838483,0.018015359772363074,0.008448479013299617,0.01829295304793429,0.02888594578222897,0.06910881552161566,0.05577900088408657,0.027686662993671885,0.023386224301208618,0.02971149184916751,0.05002825622424158,0.01465771497009516,0.025788093626333504,0.01608285230155545,0.021072823870520205,0.041175605084144404,0.018548669412340384,0.029466580237721248,0.006733967559602787,0.06328782314743324,0.010396182863189309,0.010313086771038598,0.010921870963608643,0.01986742147661834,0.012699988850396025,0.007923749070268098,0.03741739011850556,0.016158040033896336,0.009785359179866603,0.02260033563089091,0.031192819952510737,0.010657735120574777,0.01767778851077058,0.030176151402382445,0.010285808206805259,0.05978721708981637,0.03804023481619288,0.05866942594408885,0.020070885653304782,0.05022726271073381,0.006558118261063463,0.04336392134928435,0.10067618358055001,0.07635812349242652,0.027423357543737967,0.019872541158799523,0.021739732120046786,0.031506947282589286,0.015404015005435385,0.021238891581360993,0.020689168297448973,0.025235676354894404,0.032076085765994036,0.02558549157391076,0.04342327681134549,0.0449085647170378
Iowa HB 732,0.015435391510140546,0.027385958879139673,0.08097618649472317,0.015532124524163946,0.08672922947722242,0.04585167569334897,0.018681595478222294,0.016077710944004123,0.017175419405780754,0.025786819171709167,0.0060861510931940815,0.0197242170860415,0.11171757759413226,0.08799220853245887,0.035863400337719925,0.00933467171647179,0.008231910335611528,0.010713716294153155,0.009581280008683603,0.018533481459314896,0.039240221923658815,0.023984954487398874,0.01945231988958344,0.01647140992070014,0.06038251235376038,0.030040755499366915,0.018270761665330884,0.0553493561084937,0.020617516179069872,0.057647003431261966,0.031138781163226558,0.04829371961722216,0.012695105041493796,0.025246431286525196,0.02727632480871459,0.0278749296838979,0.025174629313248872,0.01927596859212628,0.024690886404445094,0.10950680155959133,0.04571132345416718,0.006963241917743161,0.030934139462313662,0.008856994029113873,0.012375956799337692,0.04236953420981955,0.14266935587296634,0.039658148793404596,0.05704440961359918,0.03975472279716245,0.03347327524644323,0.038481049600247945,0.017397017156640472,0.030432961690851235,0.9999999999999993,0.037995022269121756,0.02781147070969874,0.07122257555688591,0.0178670043855309,0.1442719521431008,0.026083322796122757,0.043337919257709134,0.03361147951083724,0.060966087004011085,0.03342208513520722,0.033478434629551725,0.011744726807789624,0.022924257400805254,0.016547809776397977,0.0069007709886500235,0.010865650822721522,0.012099881170184523,0.0053718290332871906,0.017304167812488707,0.050352305837959174,0.03689624256394953,0.007152267874858827,0.013725949543921956,0.0396501693455077,0.025489592403525434,0.00975805371463989,0.009837676947430585,0.012129448319833851,0.01142714100587669,0.012521016022962496,0.015727696845557245,0.009703740486013352,0.02094633266552191,0.02503568626610096,0.1214924176652898,0.05695373637823386,0.034973253070930986,0.03913557027028927,0.023144832926914067,0.018472093920040372,0.017386613402365764,0.009054217340481827,0.03738756995879178,0.027147791114479968,0.04210738799195253,0.03603711473218327,0.015584705153789258,0.016804814188690315,0.018484125836251558,0.027735342515850414,0.007462393030962508,0.06112176441693619,0.10245997682380266,0.04574300172101237,0.06625677054212013,0.05164086259696733,0.03958438755689043,0.03143736038716666,0.08580728345077512,0.034215222722017734,0.006639282966696434,0.08230032553540016,0.10583365955773233,0.043446200223089655,0.03392668665519275,0.08369361462735507,0.017895975510175265,0.04066577298153307,0.05557109569808322,0.015296145169347184,0.03570221915664916,0.030634192550257656,0.05430895388269665,0.018084281568287754,0.02526751628438265,0.018738596581050895,0.009884535872833309,0.012833662626808316,0.010688625998782243,0.006551661276919184,0.017274310507679178,0.028169396464049316,0.15079598267684532,0.06836626528472141,0.028381994762922243,0.018826342163898543,0.07173060865851143,0.2066525604194267,0.018311088382303834,0.026402887294779055,0.021979767983540344,0.04131035994583776,0.0409499726006763,0.008164632844735172,0.042653970264763065,0.007179751857786826,0.4052263054882251,0.026437291346134942,0.015046659833440309,0.020432256657472336,0.0813960753342645,0.04916287951147485,0.013048877133927083,0.03961778566470935,0.009619758856268448,0.013709999292982692,0.017562620010407575,0.02678586981436601,0.017763713522070304,0.015826696652554775,0.09799495968837758,0.00861638852003444,0.17175124249429088,0.04182217326888895,0.03692562819294946,0.010159406542205793,0.034015457769559006,0.012775720541232992,0.06422376398216567,0.08434093895999409,0.04329763169306085,0.021331592008697064,0.017372815891548113,0.019143665438725237,0.02978879972313151,0.01127470270327055,0.03215374481863664,0.03372854199540757,0.03362878209552465,0.07807341292335071,0.024661627707508776,0.15009762837767043,0.07074818635925559
Kansas HB 2100,0.17999075057495495,0.08150983045137726,0.09166525019701552,0.006214594305565912,0.020261808371641894,0.05234778122441312,0.05785556667089527,0.027377409985987176,0.018485087208566793,0.018967334455454718,0.01310869947475274,0.07044253477393074,0.016953913514165114,0.01544798281301976,0.05351797762372044,0.008699120720473755,0.008385851946208151,0.021584294333053925,0.04884504315414321,0.10543540118603437,0.11997475416743827,0.023513879303258007,0.045827810748454816,0.033658617351649135,0.05981988721904674,0.0580357735790188,0.034040501965522586,0.08661053194367777,0.05210801744368614,0.1367121932216396,0.07497752585956581,0.17836953885045725,0.013197035925200442,0.03916699637485881,0.029986530083445092,0.04928685264291123,0.06737543890583897,0.046685100861176713,0.02300883119791214,0.050059869731097696,0.07462605297882692,0.015214647570219446,0.017890979927754673,0.026963080759221922,0.017009868601848232,0.12074563511996728,0.05928461930793306,0.04811544264573988,0.089842003396084,0.08737136843544732,0.03553942728129378,0.0840444693322559,0.033225213239523245,0.024685434539677274,0.037995022269121756,0.9999999999999997,0.07225405759845056,0.11497190418515084,0.19078346540286287,0.0772266917744706,0.11802302836208634,0.16435650266023424,0.10076214509558667,0.09950969706420602,0.017877714443130764,0.10753639701303827,0.00799657829787657,0.04963002805245979,0.124264141098541,0.015518421846615473,0.019473729046054204,0.022596844457691993,0.020694406665872744,0.032872350204727396,0.028160589179022734,0.0988025716546661,0.10428991882485623,0.02210439463984709,0.06982792842527812,0.04640062743851968,0.048135613490243236,0.008942614944420982,0.01644474257321506,0.0076451772332410016,0.01699319120465014,0.03310225544335019,0.020452627324863693,0.015360314945563525,0.022580432766453728,0.10664794530904256,0.01892409128959641,0.047243564674500166,0.04183272156059229,0.1053955248115949,0.02645503335201828,0.036716668422860775,0.021511949470143222,0.08787477427167055,0.011105486328619529,0.09990087506724678,0.08709805672657156,0.04296255566638933,0.05976573436532665,0.05499960436527539,0.05471896257870224,0.10332128151569064,0.11671416123755653,0.12498006427195311,0.11154023265460118,0.11619646565770925,0.06158501104500192,0.06071721207826346,0.05453900490104037,0.021186429844153313,0.028316698469000767,0.009019276462401997,0.034372219983633434,0.029719030451298263,0.026525495543106934,0.05177946317729844,0.06666624139719277,0.12263975706436848,0.029588667486815618,0.08010844200305105,0.04083418611332523,0.08134996938703153,0.061219815738264946,0.12125144102601038,0.04117487764194464,0.05466857271012489,0.032592624268342786,0.028554164337524526,0.04851918172191997,0.05895721085764401,0.014909499686347652,0.015959421593618052,0.05427467302017416,0.10593695451479453,0.10197066542048856,0.14055870417514812,0.0439671017220407,0.02092015684500962,0.05532318691811628,0.03423476204811176,0.07443130790540567,0.013886743020204564,0.050980924747612406,0.08894694714565135,0.08051396883726412,0.05733020730044176,0.01226258322329987,0.04777350254936006,0.014756174156254754,0.01027132154035329,0.020784266993208168,0.02141511127068028,0.020377076243697508,0.012622548112776666,0.036899032437396374,0.06791300745217857,0.021931843782622286,0.04451937498049414,0.05926384445271241,0.020251991887126706,0.04957223462932052,0.0699315017932182,0.10273688472108847,0.06493095743265619,0.021934828534746598,0.05811464340545316,0.025935982216713355,0.07039048129744553,0.00559306737828714,0.14208668948598743,0.13262762660879668,0.08091394101423086,0.0201370815780818,0.04309831324400916,0.028466834894060534,0.048185567434089714,0.08599320832618323,0.039159100577906385,0.03221993032840538,0.056340327733406595,0.0481096425897552,0.06790460313172707,0.06143775012064301,0.03717264723836471
Kansas HB 2358,0.024437934001540228,0.07493364379769697,0.06415832618223341,0.013005553561469516,0.039002778355226995,0.034765595359702736,0.03376675480792174,0.033496163543615336,0.026621492618512273,0.019805255536753393,0.018684860666978376,0.06026091225978298,0.030198291946166023,0.03138624883151731,0.05115295232069981,0.013601473161356504,0.01442825517614419,0.005683711458840784,0.021159836504777256,0.03847765363848029,0.0669201667937937,0.03639956773877565,0.02438931184862045,0.015292342781995542,0.05907923564618566,0.03480242457958235,0.02182739994655554,0.06740336810807124,0.045049006406233064,0.0836428920136879,0.04125244332395236,0.1113038713810491,0.009563721039356989,0.024257721594035622,0.010394658497303253,0.03343814325139137,0.0477548458263131,0.02609265109341478,0.01651592108122508,0.03514014384962738,0.05401947928093284,0.015544295233778517,0.02180626834068637,0.018976548418553753,0.021373444545591265,0.08955054130081706,0.08677905257848592,0.03844315669912928,0.07745149156917244,0.1341538870215377,0.03275334432108618,0.051173476813461,0.030195799010145942,0.015895690740777305,0.02781147070969874,0.07225405759845056,1.0000000000000004,0.13861758055088347,0.0715886228347171,0.14919954242178926,0.11167946565590517,0.10108997337449353,0.1253242892853284,0.1379440203871519,0.019381424516103696,0.0565219443094896,0.00378953263539074,0.04156900019683623,0.038804169903226104,0.0063264180566065965,0.004157247363744335,0.00811568777371139,0.008193395467016393,0.018278234037380884,0.02139447428087784,0.05853367599886377,0.01285251194955209,0.01810300846653427,0.0469322619137384,0.03609239455629761,0.01384412340099553,0.010528127552052315,0.023799576846868436,0.007355299022391093,0.0173277279972976,0.011788643299119203,0.006851264181635562,0.010019381526561667,0.05714814172267484,0.12234620877376791,0.022962548211774913,0.01818212615179246,0.021724798707746188,0.021817011825971202,0.01797665770562358,0.1022232014306204,0.008535166242966647,0.07889489604792138,0.018894734619841688,0.04869968695835829,0.05600989125765566,0.027168893542715736,0.03628642059435172,0.04126679077885443,0.036383977556852895,0.02106850001252092,0.08009652042439355,0.09964525216463398,0.06529633498617216,0.18821816101066638,0.06923345595977526,0.03303418766589889,0.0343034647883917,0.015104533693407664,0.026335085086916624,0.0014369589752422532,0.03852217154277655,0.029537453103798354,0.019672801057091724,0.030129187371482517,0.04988476295506534,0.034009937124128885,0.020494493889674656,0.03798483099533043,0.026598262202145312,0.07696130220024534,0.049036034423899824,0.10727899787367828,0.03729022215320907,0.03731675750024658,0.026099576961317563,0.015145362526770128,0.03659721628396354,0.030687240096325088,0.009902832563438171,0.008733819293550882,0.04417180247779859,0.08617618822683872,0.07731766887149581,0.04266294669798108,0.022137170788298726,0.02225951534668722,0.05165203226090481,0.014151704148552326,0.05226996667326674,0.004768705890492729,0.031035548963265623,0.04316724444118802,0.02692014861468409,0.05269753048152645,0.004040202444377701,0.05297708556673493,0.010561557546814813,0.0034144907860207472,0.009524651442067818,0.028490361991986967,0.016531907404616006,0.004676916365249471,0.024850587037848156,0.008741765642826839,0.012195638254179918,0.03954755571189511,0.031518650577456904,0.018044561394826134,0.03657906834529424,0.05026738866091141,0.011443307701687873,0.06083452207284897,0.02335311332499214,0.03897987636095523,0.01941344770931764,0.036159095799636665,0.0018877608692474085,0.08315930744877824,0.13046584883324777,0.0520244884053429,0.029138802155626906,0.029473282954005527,0.02623571461449773,0.04748034054758275,0.024516219346134564,0.027228222791067985,0.08320132252785502,0.05287037772058691,0.05882275557971658,0.05553292258207723,0.0551037158801877,0.03146208717179149
Kansas HB 2313,0.04369583123033941,0.07368015024958993,0.08085364016481873,0.01975537123510461,0.05115434779777489,0.03633318406272829,0.02776869766671063,0.030058697044654994,0.015641893915612277,0.019969634274493466,0.012703453221725102,0.05732045030252244,0.05033903872455182,0.04334735306864194,0.06634239517684928,0.010404570487690367,0.0119602919693658,0.02175955812995148,0.030749006092432175,0.04873937882197931,0.08844925189868937,0.04751822444776816,0.043262996742022344,0.03822480170244416,0.08287799644663138,0.05669825307590961,0.042968853784975024,0.10078207523427338,0.05119170302466986,0.11590489117408176,0.06078811577231413,0.11424311730909673,0.013988797513150308,0.05290814709421711,0.02497007420537496,0.06789238042853946,0.05361211931727403,0.04550279387692465,0.03394444869392741,0.08368951528775212,0.081771007856514,0.023429648131126045,0.03885436518847669,0.02864052774126323,0.01598195522777936,0.09597437878329217,0.12389681566743858,0.09209945179557086,0.11024581115528122,0.09829430513083556,0.04101804728451978,0.08591838509300423,0.030357178361790166,0.03510450142618721,0.07122257555688591,0.11497190418515084,0.13861758055088347,1.0000000000000013,0.07543281630703791,0.26580417681476487,0.12072511380718992,0.158945060073372,0.21980840975383042,0.6557016593635497,0.046345877001735404,0.07081338620675455,0.013705540357426344,0.04282224630500314,0.0362027878001232,0.011610458596595596,0.028798847867926892,0.016471874544223587,0.015295371421713923,0.03121054187059108,0.0768121916343803,0.08272696178606852,0.017031464259907404,0.01645213326713273,0.08945495554657673,0.04508924175526152,0.02429129556305312,0.012607633366156577,0.024598515443169714,0.01081038661691969,0.017154125063678086,0.023045170251764585,0.02334237784136139,0.032582402087344885,0.03370044839042241,0.10707594753326868,0.08280533959751978,0.04659772870380898,0.04017117185054576,0.032281813709924244,0.02848880150369409,0.03116816948241318,0.014331211434655416,0.0793631535119844,0.018819990167326585,0.06669841874065077,0.07565636899727157,0.03191875324023051,0.04050034052387422,0.05686152842826571,0.04820721771005722,0.019377253117749717,0.10836590838269933,0.13061397591917057,0.09136210410338215,0.0945158129804602,0.11407486500372994,0.048073429282026854,0.06397258525440161,0.0689049511443831,0.2463495208614164,0.008638479763200185,0.056586719162084215,0.07928805869372778,0.02187767478168055,0.08610374585758532,0.08815545913285033,0.040347351700465384,0.029187506182191646,0.07255464307233285,0.03865259331255513,0.0746148417256195,0.05985168724262657,0.12520456657278922,0.053022575205352765,0.06601938271227628,0.038277253215506436,0.02208772128217164,0.03241183729312852,0.026653826277732728,0.01513217185632661,0.02244684427579516,0.06051175016259786,0.20685542196237147,0.10588504085965689,0.06057912074601961,0.05068779679405862,0.0448099038268031,0.13839673515559794,0.02137704140823811,0.04518711019148231,0.0370436154728188,0.06113346463142878,0.08387287193901354,0.01910891083157739,0.06078508986869292,0.013532756416449309,0.12016534850713943,0.02450293949708295,0.02045909284973489,0.03035029641527092,0.04650624309904535,0.040470044751698575,0.021066142241819606,0.041735291414901544,0.02193519212110733,0.028011465401531717,0.03504728118000751,0.047036199764905265,0.02877407101647129,0.031043866809867267,0.10112464329954239,0.015539270054762576,0.13648561112139557,0.03666648880938954,0.06748448992818218,0.01989071602936145,0.08155190368676007,0.01603835344310429,0.1154166288142469,0.14883566119982436,0.07763670944222575,0.029467960496687193,0.03547605451328049,0.03207271732900052,0.049998704800121266,0.028625923203308912,0.03523321640010329,0.05989747851735364,0.06271940861362668,0.09746624186005579,0.05526186687086579,0.09953080490933887,0.05325600492179643
Kansas HB 2184,0.048134983231984556,0.06709970923870974,0.04946090118751536,0.01131810210889811,0.02017632672125845,0.06460759681481766,0.1914795313114243,0.029040039525711513,0.011671069507817147,0.011090950989044977,0.010026671104802407,0.04554043565321845,0.013800585053888712,0.012717396403791282,0.06085527006940798,0.011658253473368194,0.012682905765212448,0.014092331566913713,0.0980396353776423,0.20876369247329474,0.13946338230824534,0.016184594616848777,0.048209727987489646,0.01846865761706745,0.0383261386422537,0.0387161351406827,0.019438140851619386,0.046240159475837324,0.04317833547966543,0.09394726729505723,0.03959232300149222,0.09624222183863279,0.014599005079913147,0.03189050745711819,0.018393984000708956,0.04551131663284308,0.03938910511268819,0.034332548492780265,0.028128483546610825,0.0553985524521932,0.043580759276424005,0.01686262360410499,0.019910710880298617,0.025248310004677626,0.026303473742347896,0.09472346518633291,0.03983500361836513,0.029500686809606876,0.0669823756637989,0.0520307200686581,0.018909341787173527,0.05869361266447451,0.022859370340306027,0.014470595928122523,0.0178670043855309,0.19078346540286287,0.0715886228347171,0.07543281630703791,0.9999999999999986,0.061745868913399685,0.10390558214462238,0.19322466285961631,0.09646792094729977,0.06682479668561557,0.014606216833210593,0.06860145078625528,0.015025817456474673,0.05347955920289755,0.26287554730279655,0.014258315556312795,0.01572099189952922,0.026511394992708347,0.017707654340019963,0.022093474417052797,0.015071570475405461,0.07452620964086802,0.19601126791232112,0.02279141031893369,0.04692270090371396,0.024728405685628382,0.01771379066264801,0.008228874165754983,0.008633103731178116,0.00528303246366079,0.02804533259155667,0.015399454042019051,0.021352123572925406,0.010774997498202578,0.007688698191455435,0.07675553593985524,0.009118280138558274,0.04791452594969234,0.023163031063354926,0.16862505820579635,0.015310873087603297,0.016326476993314003,0.007796060655372392,0.09345556183132611,0.014151489436932126,0.07957257910511932,0.08122830602672428,0.027889755143633496,0.07650499926830048,0.05040891245914638,0.026853648075713582,0.1875169584539482,0.0706674513406023,0.10172477639406768,0.1037646211296393,0.10213375978945066,0.03957787516428535,0.0367789922884343,0.028206845841406643,0.014267005501148467,0.020857523390934777,0.004174809617308897,0.043423911658966266,0.020632888728996285,0.029635544492806577,0.03912101764663096,0.03491777626694324,0.2242448744513918,0.016211368581816665,0.03485372987463635,0.023534939922650766,0.04813853601582141,0.05390043117945519,0.07631793654013946,0.01971116754017853,0.026273669977635635,0.030996007530715276,0.016887177302382355,0.07626206373396624,0.10479492422839083,0.019422838840896996,0.014134155459295751,0.0411013280424666,0.11023630982656393,0.09179794617057044,0.20079121736674724,0.027306375845221657,0.010379265149631806,0.030463135409304634,0.06553287844225063,0.10656955087470595,0.013758088525394408,0.036331157467320144,0.04761823190553448,0.213286851158946,0.05124853336009835,0.010916210726038468,0.024884294893298717,0.009733497827509114,0.011076459431182566,0.016755602461597973,0.013999182095751277,0.01238369265998592,0.018474844537869857,0.036128621656065354,0.13814842318194923,0.00968301639227044,0.051400775536331635,0.07024498288680406,0.00977202638546601,0.05747653244749175,0.07303691787431615,0.0185724610699247,0.03577794375533812,0.033262339676002214,0.035669394118229635,0.026646086354031075,0.04372761817281545,0.006906726453993209,0.09553690382251748,0.07963129368595769,0.05560260209594074,0.04012458613721469,0.03143656960992121,0.02919270211044229,0.03624009038123939,0.2341340741079443,0.03747211667914622,0.022696360790306902,0.043232379631368945,0.04094211897530068,0.04538018216207173,0.05198060051693703,0.0302320436287906
Kansas HB 2264,0.03381415741311434,0.04872615638623765,0.09631859252969535,0.024539380409577063,0.14397951443481083,0.05076143461823129,0.035417007681985045,0.02183386530455888,0.028343856790873926,0.023517054028400868,0.014434917625261298,0.05029217983086791,0.11476563067157838,0.06178326287469508,0.058748383989686036,0.01596093695056959,0.015855600448872877,0.018550210250250325,0.025531432944852897,0.03318550613229694,0.07620066655900079,0.041699461454248715,0.02142629981885505,0.025681100028181143,0.07181171778417389,0.03960330905037544,0.03201110288486903,0.08851344215440375,0.04170837599573595,0.09954726970343603,0.04779445122248953,0.07959137361472379,0.00815260083501202,0.04086050498812838,0.12163733622375202,0.05975331221917789,0.047318580337617044,0.041776058094261756,0.09368949120470509,0.13296849988698825,0.0743036067135963,0.013596638039896124,0.021639734179615823,0.01944239006918133,0.01531215204125502,0.08821839141605897,0.20479314185996714,0.07728361622008346,0.11786237666321568,0.09463345301725952,0.0931019958899533,0.06357104761803384,0.02740312521059428,0.04562675833730822,0.1442719521431008,0.0772266917744706,0.14919954242178926,0.26580417681476487,0.061745868913399685,0.9999999999999996,0.09943838601428488,0.12450892056478936,0.19572860981106036,0.21973762154999177,0.054816841462292855,0.06875151049839312,0.016053629535556082,0.034973367064482855,0.039311273119246835,0.016740056603822256,0.022783412924740072,0.019689307869081196,0.014276339057934573,0.025450838375384928,0.05951214614874954,0.06984214403631431,0.01256612740847579,0.021449425442530836,0.07586648437248998,0.03307391710847593,0.022808829862674216,0.006042828977575526,0.02650021454804582,0.006657406413065707,0.07483622561954825,0.0265643071600736,0.024986149925190444,0.030123377584880956,0.0482453578062959,0.15526795272629984,0.05601571766011122,0.029573982284480542,0.03716046143733442,0.038823973325837216,0.021317870841586303,0.035065793455679464,0.01902922200601619,0.0713362714361311,0.02506851045766925,0.06260960421137012,0.07024134713556314,0.03235149695368784,0.03579638376623018,0.047061351203419914,0.05476510924528481,0.022660633475979946,0.09540420639701928,0.11680271066064617,0.08346957414666424,0.0907695834526119,0.07942860160832572,0.0802413809134058,0.04612162169092212,0.15862506879461358,0.06720566277682959,0.008911921479569282,0.07870674464334397,0.20782248248621452,0.036079378568249804,0.0915400129776436,0.1366073729962907,0.03116267421967321,0.02983652661947439,0.05835643612255272,0.031126971727619367,0.05733109067180831,0.06814021639010562,0.11029054137201671,0.03655592609596089,0.03882198696653004,0.026013784568327376,0.0719321909027754,0.024685358268042735,0.02061145713497004,0.020948058108502362,0.024722022985970708,0.048141031901300625,0.2226292519723133,0.1127486489803654,0.045465394839619006,0.0449562208672307,0.11989250368788254,0.2700810034834298,0.022353355099723422,0.030256827448630196,0.044152521411111416,0.08069494854269363,0.06944513545779314,0.017896330310673815,0.06581804909547993,0.009736377554631874,0.2949590091105467,0.0122674591000306,0.02611842515894873,0.031018368070410703,0.12128996968823108,0.08145484846739616,0.01918676798887127,0.041382579695575586,0.019131057146440464,0.018992037831754262,0.029200577144037548,0.050695317559641385,0.02343553153865934,0.029253495444440513,0.13434336452603035,0.023227105149443948,0.22225403296173174,0.06509593830883269,0.07329395347032254,0.02037624388655011,0.07659497055019251,0.026302255808316004,0.13034448797504194,0.13287554880568914,0.07681468418703585,0.03279682720507577,0.02902708495894314,0.03605738990665691,0.03939594321171912,0.02228233967732833,0.04745940749061803,0.045432430743947504,0.057612611812053606,0.1278262195744673,0.06340282010252683,0.14138873800647736,0.09065702404543668
Kansas HB 2002,0.05032774590111979,0.24693148555518077,0.06044276576770293,0.013482303340744977,0.02804941106524963,0.0349539516723312,0.04016776662820531,0.034008085459935465,0.04410042434659138,0.012998928121314151,0.01209266978819627,0.05969131832357714,0.01921118570996494,0.018501494712457833,0.05058791826061462,0.010687660432720982,0.010513413706159007,0.017898225657790322,0.07979307657042518,0.06958666366035345,0.11126655737654167,0.029169283844606632,0.03259979726638718,0.028134373658869703,0.05437052343961583,0.05676597848283786,0.030856242688170145,0.07528684168837367,0.057660111810029356,0.13208771283100607,0.08456191410406237,0.13522239281388285,0.01673348597224076,0.03540780138499969,0.018679752290257708,0.04790272043884361,0.06586808643847293,0.040211209667967776,0.023621000440768317,0.04786659618509237,0.056042051329363206,0.014271643982713866,0.012970106310438751,0.02049340974897777,0.014505159385361305,0.12007638268967875,0.049050035993763126,0.03647753057582284,0.08199048036783364,0.0839917804261181,0.030416096347715537,0.07763455709238544,0.029441190101175324,0.01756134084807861,0.026083322796122757,0.11802302836208634,0.11167946565590517,0.12072511380718992,0.10390558214462238,0.09943838601428488,1.0000000000000004,0.13181109194153118,0.17400519173379364,0.10801222825863055,0.023701476652957677,0.11604553176435627,0.00994427864374178,0.10234640657333795,0.06885686550074406,0.00767582173583992,0.015134955964921504,0.03888435230774874,0.011444708359351055,0.0479305203767063,0.018518773863609894,0.09728166973976131,0.03283014117396844,0.030122426171129847,0.06436619404911967,0.048101227020136805,0.03535463960745863,0.006237955678346977,0.011224569851861854,0.004840738959570499,0.018826760093157476,0.014744823419530241,0.013398999143029345,0.01636253811231302,0.009788529953376717,0.0809126885913262,0.01194046195417158,0.026367943019483323,0.026824944889271892,0.09319941845425593,0.021251487863580956,0.0347558476479724,0.011213285790503466,0.11903690738144232,0.011799146294550466,0.1061750384488015,0.08979229708595048,0.035761224745882225,0.15784199501899557,0.05649159081481457,0.04104528114455695,0.06901190559289114,0.08938698805576135,0.12700590238729606,0.09305629420113329,0.09493440282631221,0.0500843273665653,0.046916437667154184,0.03807250193398918,0.01628515751657861,0.02364452553817756,0.005208426151704099,0.03299834049501482,0.02334696451556496,0.01655903008703435,0.06333920407863147,0.04958385479923662,0.06804764758666448,0.01723379620688688,0.04724674676202676,0.03614471708700651,0.07133179560592673,0.0656887715563463,0.12288766191061523,0.033137242781760314,0.038327704825934936,0.020287109014433216,0.022998785345000217,0.05118861973459502,0.05538730510339768,0.03007194883091304,0.014829071130862662,0.04915745624892677,0.0971232697114733,0.10564724504675078,0.09502957248804915,0.039906964827991234,0.012889815500442903,0.05022348083684333,0.028326240513586076,0.05376234987652761,0.00883366740636071,0.0621636520892521,0.09553197108195438,0.039247622826732484,0.054511611377158875,0.009955794798225578,0.037939622947654954,0.015667311468437396,0.008558542939562422,0.022692901192508348,0.015494031749475091,0.016554339958043632,0.013214810159256943,0.032636380291995955,0.05738795233769205,0.013217924536025803,0.05245160052748477,0.04544057784106622,0.017623031739235604,0.061534294801767746,0.05538780727524972,0.025390318135652033,0.05549871014117657,0.027709837761167394,0.0538275905378813,0.02272917555766545,0.057256193648530906,0.012235587812692005,0.27946080070647683,0.11548635859312345,0.07603815027987197,0.018981434283642646,0.033155202944910554,0.033587358370130924,0.054022860742459024,0.04028792679524896,0.06186607805156848,0.04137598584539453,0.07042072066306701,0.051057705259643225,0.050453192312561214,0.04578991610335671,0.03140115902854073
Kansas HB 2060,0.03758068411231876,0.0695014729617331,0.15864963746901062,0.009600299858234589,0.02837636649300116,0.03667959356184889,0.04605859163051984,0.07674418522804514,0.011692045107716828,0.026092565689126813,0.051534526369383694,0.06374662629991525,0.022395441924326707,0.023259829220285324,0.06365811772975806,0.008548460452830928,0.010025005735190554,0.04668291496414771,0.05394405816406961,0.07552527884838067,0.112463040550747,0.03361293459912277,0.05880058903499311,0.027732168253544853,0.0703029410552163,0.047566720884173186,0.029171685028577,0.0841576177770206,0.05385426051798927,0.10951623481042289,0.04637035453507462,0.17264593848389015,0.01939339207133065,0.04043824038522461,0.03754302962571884,0.05218767829248235,0.05472175980464554,0.06368641617634792,0.08519599500597574,0.06685220735481305,0.07730612387230343,0.07815067490591811,0.04024299256621353,0.015442642018063979,0.008901212724223156,0.12420919075459894,0.07010135933677078,0.038741840092615824,0.0906000200483959,0.08371408124902412,0.03409520226898715,0.08451897138607999,0.04008010822209785,0.028783758026864018,0.043337919257709134,0.16435650266023424,0.10108997337449353,0.158945060073372,0.19322466285961631,0.12450892056478936,0.13181109194153118,0.9999999999999999,0.14845984317154914,0.16342216492096534,0.02472750725453391,0.10528128260618735,0.009160405845202505,0.04810979033733563,0.10325912543073597,0.012861387634948622,0.021288370914924446,0.021302131781974477,0.015823055020638112,0.028849632950083696,0.033899252478631334,0.09638454063651031,0.06465880812434475,0.04870704629907725,0.06762011515169777,0.039795246542793275,0.02160531564311645,0.0076299818546527,0.03314047126122126,0.006822938823625097,0.034197382266021675,0.017547361053916428,0.019469382837198915,0.02114794307437732,0.02945319504357398,0.08954240714572277,0.01276000791194748,0.060188947500871975,0.026008344593733336,0.06171356459738888,0.025248095087353255,0.03718608193033496,0.010473914597104297,0.09434694469714701,0.03724688903185331,0.08400845921051654,0.08715167951630844,0.06629393447886883,0.05381830866922053,0.04310741500256652,0.05960645154271387,0.0653850482629703,0.12657263084381595,0.15503066203054439,0.1393939595853582,0.15526134574272546,0.05549849570975798,0.07091505835556322,0.07230577250263703,0.022705812555555375,0.04084234370294666,0.006020995593340433,0.03628446138399688,0.04205836745819316,0.019189641873754576,0.05730467736541246,0.08255027919438701,0.11538787992266998,0.022968016430031067,0.09560731623242168,0.02983676487168317,0.06804588200111047,0.053686878065353466,0.11636867281089475,0.03638007215517825,0.0389491555805494,0.02897449398512863,0.03447375623004141,0.053212427040694024,0.05744901721846128,0.029824458380253417,0.01513524835041384,0.0441030789376537,0.10862388331318723,0.1150667251194792,0.14782099945796295,0.03408237362129639,0.01758817234310844,0.07348899382591552,0.035144288996830586,0.047830101147661175,0.012819803024756007,0.053013605676472876,0.08177801609349786,0.06380960905690491,0.05645019376586837,0.014543750475240036,0.06054912817641524,0.010870241749532224,0.01223855831222266,0.015278454474145782,0.01952547289355288,0.022582028349486374,0.016636944290281997,0.0463496275106736,0.07340733317645866,0.026051616827671195,0.041699711913379484,0.060813211496523426,0.0256029499039415,0.04673052244589738,0.09205376171638606,0.020760817070898618,0.10068209241404161,0.03472977613693522,0.07199169944641613,0.029005971540173165,0.06886359757394699,0.00988043517131593,0.14825314551802488,0.17440081145278657,0.09178355693739068,0.019985080978257245,0.021859424011181513,0.04129948776273204,0.03940067754127145,0.06436389461297336,0.043081577971124274,0.0262469245946764,0.07954489049597853,0.057747307932209134,0.06477378519933218,0.06380071746384164,0.037542820699785096
Kansas HB 2436,0.03202834881324421,0.05751170856488327,0.05422436120889152,0.009617676739146723,0.028101538954895026,0.03949823518739103,0.028705726173787863,0.022421537715308863,0.01631028395494837,0.011682053055667519,0.013121857939066988,0.20544204531670193,0.027571218095304332,0.021025945937935175,0.04357482901078826,0.00923462591549952,0.009964764552239394,0.017417668077951903,0.027109314056642925,0.04925448291299918,0.06763819781350316,0.015418526547288416,0.0406386191603865,0.02740557031220828,0.05895867426387314,0.032941586778119626,0.014650043183219622,0.06708692267762877,0.051649659999034994,0.08483448635328253,0.03637565108730481,0.07883176960724027,0.014379700702824181,0.039727049585205614,0.015569871721162422,0.025318970665411493,0.043009176412209776,0.0637476356857185,0.021034337292992603,0.04037705248970836,0.04938757902453676,0.013111887518048825,0.015918692789169967,0.019623684173112728,0.02148396703404351,0.086007421120725,0.0866612819966446,0.05364305998605761,0.09493499607164585,0.27323405655236227,0.028615182312135702,0.04207701417376474,0.031633101097090825,0.01945605335738145,0.03361147951083724,0.10076214509558667,0.1253242892853284,0.21980840975383042,0.09646792094729977,0.19572860981106036,0.17400519173379364,0.14845984317154914,1.0000000000000004,0.14692682232613338,0.024403754856282916,0.06285639183365102,0.00724668798855717,0.039440500122657145,0.04231691527416168,0.0063666060541528536,0.009636068952255186,0.011921145424569264,0.006897036030024485,0.01961267514721928,0.018887457666963425,0.060404158775615786,0.013115265598924552,0.01650540000794358,0.05414467173986257,0.03650893049469329,0.018980308291094095,0.008731701384687459,0.02630368022833389,0.008531221471971202,0.01879465588364791,0.013297156919728222,0.010599807424265502,0.01198049492117009,0.03805053754291602,0.08009895097631042,0.013074635145833059,0.01840477118923564,0.02454516185072325,0.03131207584881333,0.024418421079083864,0.02020180496892395,0.010827753418480869,0.07324532302578557,0.007667987708353825,0.056202326249019934,0.06133208616196156,0.027546674951365736,0.03980903271469157,0.034306425030636425,0.03411754052537885,0.0158786805179117,0.07333482858697435,0.08433558027508772,0.07302274772876445,0.07397582562821818,0.04364512993032963,0.030442664092695505,0.023578475802376857,0.01674932139292436,0.032009226815679546,0.0055274079597168475,0.03641499424053345,0.03334167102083018,0.010688456590570248,0.03284633675643649,0.05498580440016003,0.038861093752245064,0.01573377205012773,0.02917187251666152,0.028034463556909812,0.0685343397390406,0.047915698942052276,0.17038704495493714,0.031277731334718034,0.051133950243625395,0.030153778261966573,0.013523645992192013,0.033175012050960455,0.032896973665787164,0.005246870100326503,0.008889283307677156,0.04878353548973239,0.11862434245963648,0.08424318128806996,0.05253760555845078,0.030797790713863037,0.02863195941038791,0.05242791306206314,0.01784886249753103,0.04882869132910105,0.009232865184952619,0.04406172030880855,0.05596645286423408,0.03304548396526422,0.0421374678093747,0.006572059598247499,0.057603558062126574,0.007862532899271251,0.0066937908378843945,0.01829686585270738,0.019581785553066288,0.049164528413969524,0.009883568204138788,0.041478693610539304,0.018940843566807766,0.049385857920168814,0.029830298848817556,0.0459188933008106,0.04132403418356198,0.03825391486755364,0.06774449687019203,0.014529934012330376,0.06582744082572445,0.028600639652040304,0.07544569596575969,0.018049361064084658,0.034711370875493336,0.003346153767733783,0.11475308493983416,0.08605341343484611,0.061228286414215745,0.025344857799463483,0.024165970447075347,0.022246444856147143,0.03834196680863785,0.030165582041963894,0.041392592204160354,0.0238915737511749,0.1060034752171182,0.045523451211551366,0.0493533754240744,0.05582191210034506,0.047175727566013466
Kansas HB 2749,0.04081802062241011,0.08154450973435164,0.1312730665801865,0.0298623691869786,0.04712082203742728,0.0334988814307789,0.03347905661970939,0.032001188522190825,0.012460061884834167,0.012939294430118098,0.010430588704433606,0.04861037292722448,0.050823305726719135,0.03209275009818961,0.07533159161015947,0.015445795017781677,0.016744048096347906,0.01940584827159191,0.032042247513711604,0.046598818199381546,0.09046276560653588,0.047704237226867965,0.04597918005616252,0.0359705016801194,0.07440427085640884,0.0662749124426165,0.035231295746805384,0.10363216067482231,0.04756996968466792,0.10569108770962869,0.06752422316231824,0.11523331267437295,0.01018224561614383,0.05477087853604804,0.026800375984825445,0.08274965835815815,0.05252415849152239,0.0527960279106985,0.04075384336592413,0.08385668757008335,0.09054594053684648,0.02378242265816837,0.026468818401573363,0.03515102548244598,0.0185390421162407,0.0985361623790132,0.105138735993976,0.05148535330575943,0.1054488391829516,0.07285009346829265,0.04516952207386775,0.09180473439940966,0.02955587243660729,0.02057958750441868,0.060966087004011085,0.09950969706420602,0.1379440203871519,0.6557016593635497,0.06682479668561557,0.21973762154999177,0.10801222825863055,0.16342216492096534,0.14692682232613338,0.999999999999997,0.015704364029583324,0.07631425729448009,0.013938557163457446,0.0414987842585519,0.03321637591252789,0.011989334860900038,0.01904670079893497,0.012708770611657672,0.010415008652257567,0.023959840271914678,0.0651367135365494,0.07415164963612123,0.01805731348750548,0.02037209705935108,0.11336673994714272,0.041846790928292535,0.03130381445424951,0.01016809113899595,0.02120879338013974,0.009969478087015017,0.019269176954053526,0.026576529880118584,0.027107721000646484,0.02760535934236301,0.027541954507598655,0.164691345138286,0.017175209670741785,0.04959389399753293,0.03215239737106095,0.026644382204930164,0.024046863188145872,0.025109237953210795,0.01206237105438507,0.07857572010069608,0.017722453607764987,0.05999862068965926,0.07007702770634623,0.038720045563865116,0.042895627569552675,0.06637877384815702,0.07167295016831536,0.023611270492800623,0.1124622207533659,0.1515855442588985,0.11129692697898137,0.10245651443221106,0.12371326076118072,0.07413162543731883,0.05937558520270082,0.03635326133692258,0.05010002344325126,0.009659620043045204,0.05372514664360428,0.06527650297205487,0.023837295637793597,0.08297218029456009,0.07861952931959404,0.036521881413949076,0.02413200760989275,0.07008716044168561,0.03361786210284068,0.09726881752317006,0.05720963651541487,0.11109040361059684,0.03728192544489474,0.04669601975314526,0.03290065109651903,0.018131895125753847,0.03317840482909412,0.02409880934587597,0.012354455214248534,0.008070187683336432,0.06721343684185785,0.1458789674151798,0.11440025551394312,0.06710545104935259,0.042578411813463383,0.031243900333506963,0.11869497593658107,0.02586343119782658,0.0398741101360888,0.02311121401345516,0.059869104084399716,0.08527848245795876,0.017010829198460944,0.06499741424820249,0.0089675566954913,0.09116814768919568,0.024877187193335436,0.02712236885092089,0.0255285861550931,0.0409582124533232,0.036001445397315805,0.023884188813454006,0.04045847704890484,0.02476714260342981,0.024319797378083197,0.03486301174188145,0.04664632667036514,0.02322457377992373,0.03051321616711776,0.09630892659205957,0.01250225005177461,0.12592881690654847,0.027261818813408074,0.07363018831300815,0.022039387411124718,0.07907210039578194,0.03099825701515123,0.1146462117651767,0.16646977111310268,0.09504724261658637,0.042642231139113466,0.03249921979286237,0.035116259669725314,0.04322016322905925,0.02723126537765461,0.038891861548333906,0.08164753254373948,0.06029226879433591,0.08688606392990238,0.05113593454371595,0.08384139034163798,0.044215917225378674
Kentucky SR 20,0.020111126819228258,0.03762568478568861,0.052263617666367654,0.043071151656444824,0.06072759059221548,0.10807985511674612,0.045169145827656874,0.029643836471355576,0.08956840045583704,0.02365863049968751,0.026485450910878523,0.047198079362501956,0.07942023737766238,0.04167046929822634,0.05512932439096817,0.026675904760649894,0.027041057276774322,0.048069985165391356,0.01763961122330498,0.024919017452149358,0.028169080623326074,0.020711290007091526,0.008408785783552784,0.004850595717228582,0.015806868288822773,0.01571100340340658,0.014063358990870753,0.03320747983599369,0.013031648561135298,0.043641340899254324,0.021953714487375462,0.029217470526259608,0.05207228696372459,0.03400530816112437,0.025981178428520976,0.04428341503111952,0.02699570704590631,0.009512917713011727,0.037943125879942384,0.030960805516032076,0.03287629346129574,0.056114776072872824,0.03099771003313131,0.03619977780064625,0.032044493513341335,0.05657250614488657,0.05774492185382555,0.02651107952829337,0.09378876520274751,0.06801293307834852,0.053351467044050256,0.023296696511255252,0.03196339605681194,0.020316337978143625,0.03342208513520722,0.017877714443130764,0.019381424516103696,0.046345877001735404,0.014606216833210593,0.054816841462292855,0.023701476652957677,0.02472750725453391,0.024403754856282916,0.015704364029583324,1.0000000000000002,0.10647958450586403,0.05940176898259595,0.030196327383592406,0.05669618526411796,0.0005207745677906796,0.010235168093461887,0.003370488443331562,0.0021858851108222626,0.016412120726070727,0.016382499607841303,0.03444303451030412,0.011097402425148574,0.010412583020051077,0.025338250322413554,0.016799615561855254,0.006662259179069675,0.011080001667644375,0.011754327264532325,0.006392429050233988,0.04796064185135605,0.015589003892550711,0.023934128068424248,0.020555389551714053,0.01594398372054859,0.03790608959156442,0.014845797629280727,0.010429732271208258,0.015352507057366705,0.012779718096671543,0.007069102095815975,0.013224639683838859,0.03282392081773079,0.06290502470097575,0.051231139600375,0.03121147791368314,0.03784532028090858,0.015505985272910274,0.026333847706640476,0.022184976791678555,0.013658384309643121,0.035381919979519734,0.043280196572095024,0.05214662407490881,0.04759369141180279,0.03866310966462714,0.016091325367408052,0.017926794759349506,0.018840425211704856,0.03949900311988162,0.03708949366765655,0.015663015272409167,0.02197802273053947,0.06600506960286324,0.01380835908244937,0.04073603775834226,0.03164593945558305,0.030059221404986396,0.030774398342611833,0.009521031930051322,0.009713565130332735,0.042228785145557515,0.07005214628897678,0.050901033430417277,0.03061540069662831,0.03904660612523063,0.022849687104788137,0.017804413381292728,0.017237283920941614,0.03597789396333801,0.08382198471703448,0.05264598841042657,0.031084817885407866,0.07601572893010283,0.03676012660147255,0.034173591206415395,0.017547273837251482,0.05111107105571013,0.07947134401733325,0.016098010046287775,0.04908850678865851,0.08248916119661105,0.025862353705308996,0.026668361622503176,0.052949496415419024,0.04261064642938726,0.05992698947439525,0.051671434286415234,0.018421281777018142,0.04816201383924328,0.010743597558076837,0.021187299345625327,0.03421919877358142,0.07020143916368458,0.040184824215050124,0.015458903542819187,0.013072891512335517,0.04158613192599267,0.05011916240356068,0.02052184240558053,0.019585788100441464,0.04965086064805655,0.017308824645195064,0.06953654171527955,0.0320354001459695,0.03300581935913029,0.0189780780633519,0.028316700941271228,0.03339765868964692,0.07473736344642203,0.060000843612089697,0.026285010875953474,0.020561701362341724,0.027739412134805717,0.026546793033569955,0.029751482301656258,0.030040556409189952,0.03129148576186032,0.022043404093152513,0.01870456056190097,0.03791766010855345,0.04267416101218565,0.047482660858579155,0.01764775101957043
Kentucky HB 170,0.06249145605569714,0.09511789644402328,0.08690423987401906,0.014769678947267707,0.027053743105726488,0.03907580413521806,0.05033377352686385,0.04800465883673316,0.03784457740537224,0.02088696313180303,0.03728312932779419,0.06389905548034165,0.026918446321571168,0.03937223049062381,0.09250797243635477,0.0172645651523789,0.015594217633662314,0.028972411529680515,0.07302248837620165,0.08647845603389907,0.18345947708771104,0.05243923674301294,0.06417725281446732,0.027342910760032348,0.06870344665817114,0.09876986962960327,0.11923575104434904,0.10775603579407285,0.07695256763273459,0.1415599304607921,0.06518332994414897,0.14738876534282436,0.016650469464888643,0.07061809086086124,0.028525352600444545,0.09511279454195422,0.07357094175727448,0.06305508682216891,0.056669045180552165,0.07382998350062031,0.08194485095365694,0.032566691899401895,0.02219631399837781,0.0840255875568869,0.020467356565127933,0.13485925297066165,0.06711745224765704,0.04520108007536594,0.12409833690777655,0.09254190996773333,0.061778853031510386,0.09942600540143506,0.07396920816781735,0.0338536858953766,0.033478434629551725,0.10753639701303827,0.0565219443094896,0.07081338620675455,0.06860145078625528,0.06875151049839312,0.11604553176435627,0.10528128260618735,0.06285639183365102,0.07631425729448009,0.10647958450586403,1.0000000000000002,0.009639231966532626,0.06204813073595973,0.08285290773849703,0.011930572979274115,0.06312190315292776,0.065692823960374,0.039485230467655126,0.029635999773076894,0.026068463892310312,0.12171479591883905,0.03909610425134031,0.08830109212025213,0.13154339696744546,0.0750412601293773,0.0328453253104021,0.009317035410631362,0.016386668349995782,0.008610696574738943,0.0261359974097109,0.053654956144457935,0.040487648401339504,0.012249507826263066,0.014153680049859845,0.09431904171014742,0.011160848860711748,0.047433992238947634,0.04303442798870277,0.043107292228222065,0.021507778231670716,0.03339434594005813,0.0324556373291811,0.1405712273456682,0.013074355076019523,0.12362207890918737,0.10700092057418015,0.05029600633956391,0.08743502684570606,0.06179595298283877,0.051918885771753805,0.052585926162851716,0.11559148631260621,0.15659836592079115,0.1359637953069755,0.111765851055467,0.07344808501943999,0.06461538346360528,0.09160908126456105,0.0321582380732355,0.043733893882826926,0.006885477754820633,0.0739250137480166,0.03371564754791521,0.014307797918663323,0.08748917605986453,0.06819491818905321,0.0835887226320698,0.038471247866161865,0.06218345692949724,0.043649607731410016,0.09081892524169204,0.09748358000131782,0.12765887683900032,0.0639018047668821,0.06571777973884366,0.03011729112915258,0.029178047939843188,0.07174808698127182,0.07381116416470054,0.03303745424060512,0.019915282332444544,0.07921822785713893,0.12935295606719083,0.1357793877161481,0.14968452757055184,0.0456178409797493,0.02011993911353713,0.06534504508333906,0.04429523615818361,0.06777865977840317,0.01235775340037509,0.06934777162703576,0.1165144013111299,0.053116422159916264,0.14826530620468772,0.010264459790563032,0.05340891950303765,0.010680912053258712,0.017247450464429544,0.05215084054299243,0.01705909535599236,0.020531503408860074,0.023281359261839066,0.0612032120614482,0.0473313156287007,0.022056296716485745,0.04507536905060353,0.06608107593023722,0.02753578477338566,0.06488620010479135,0.07569099570674767,0.025227271447934758,0.08364830621091335,0.05788412647931671,0.07256840473114966,0.04910069973514255,0.1600040100662278,0.012910157425829984,0.18144239788786037,0.19735918993601997,0.12185922870165859,0.025737570488604828,0.04771670763378033,0.13848831900909533,0.05663444726363326,0.05640933614506508,0.06069769279838404,0.04358131079240854,0.061663285686056064,0.06351991179227466,0.0673342188317152,0.05302242951542992,0.03329494177242917
Louisiana HR 14,0.015519345745940605,0.018591738124317123,0.014939834016675138,0.057954711128772825,0.06715127998284882,0.08627085999787128,0.01779246287311671,0.009243575695618027,0.20874273161224197,0.007936651659178104,0.005459874429041005,0.013487998907776385,0.008602193960304013,0.018219051296280427,0.031070636002214477,0.12128413649107808,0.11101528144905959,0.07405269208737704,0.01180845471880844,0.023160774080351727,0.018416682340480023,0.01823530537524016,0.012334041607287244,0.005648915217949637,0.010732393135240334,0.010420307741108985,0.007952810673046384,0.019642338615748482,0.010034647507062856,0.04725720475441162,0.01425196566252593,0.01381823317192004,0.032078157920022506,0.027014374859517926,0.011150869114420044,0.021821683486918163,0.007307759578114018,0.012997384935686397,0.005240305167473932,0.03584637992488912,0.026184777547414922,0.11720611682634473,0.03259762817299545,0.05845364811168533,0.18543574489508463,0.02837862042523214,0.020045892640034695,0.047758770627996903,0.05251437575802224,0.032103433355881866,0.04440277075094371,0.011361489626196444,0.008837995042144449,0.01113163034734247,0.011744726807789624,0.00799657829787657,0.00378953263539074,0.013705540357426344,0.015025817456474673,0.016053629535556082,0.00994427864374178,0.009160405845202505,0.00724668798855717,0.013938557163457446,0.05940176898259595,0.009639231966532626,1.0,0.2277849692458488,0.2294190772025565,0.0057747308791040106,0.007469644617061794,0.0034088848305162847,0.003294614797642608,0.0049980047685574324,0.010744589981665227,0.01818572019969605,0.003782636105678796,0.003506396245111825,0.015697572478268567,0.012005250590371089,0.004614940162588964,0.016407591891314677,0.010693024726009408,0.007366173474257411,0.041105914553171495,0.011917909600076201,0.06723594367964221,0.02718442476625941,0.01461846138095614,0.019669665000384133,0.024601199423438084,0.020963438562310657,0.016907698646670754,0.007826256322780252,0.012627788311149366,0.011503327087974483,0.014205185853848718,0.01909291600427656,0.05864868946282877,0.010948526678147023,0.023947718198698682,0.012100901064113118,0.016332517438846537,0.010071965404150231,0.006227520316065574,0.021894915718590816,0.01347706535196948,0.016940586995011355,0.020949609681976723,0.012830945766295513,0.012074212537887088,0.01131101194747881,0.013601668253290724,0.023038786365631017,0.021162846852043903,0.007144626209153258,0.01253913696911604,0.03138978203899548,0.011251730232683284,0.02681207909351127,0.07666317990745791,0.00847426925171377,0.023609209022784832,0.00827346331496023,0.005091263970717834,0.015192815526486955,0.011580581244374328,0.03013279449411871,0.013504934143593574,0.014536394286530882,0.009198935175161078,0.003392843300430989,0.01156836543580517,0.007945144077022143,0.15368664809813268,0.03266481804558259,0.010816699521318111,0.03463038979017974,0.02094560491719584,0.014648604324169421,0.019491372101495156,0.01625886334792762,0.033091549359570364,0.013140017969868082,0.014946288477736002,0.0756006870759,0.01168830246585352,0.019594266151115036,0.01020015263287315,0.022411422734589535,0.03490604372915382,0.026450286988367343,0.01155456180538916,0.06687204669543251,0.007684691375769387,0.012757658182431084,0.014734279821891303,0.11605629723500589,0.023289909282064494,0.01324532836684266,0.006598606858046342,0.030348127958974454,0.023054174194975463,0.007971644840008889,0.008455033173241429,0.014207410238964633,0.009681314942238794,0.021291273872816742,0.015266142724596947,0.015545287838888885,0.011749473932753527,0.016942713097086084,0.03760032329775571,0.038253087833795,0.017696429319627734,0.016013544659451012,0.025820192183651468,0.009213937563042222,0.018240786649706055,0.0217237336889867,0.013412451977021154,0.034684996453877834,0.011532275046060326,0.010302148998241015,0.01791665394478908,0.015340882149738517,0.0400724211146501,0.014792187902236204
Louisiana SB 41,0.0359298207169433,0.16930531080039543,0.06517969165222859,0.03334977447503686,0.05071335134071071,0.03923088581187507,0.0700513383880743,0.04484887504670284,0.029317562993567674,0.018735798123292003,0.02902601775824928,0.06916351912618582,0.030525506425359915,0.031638769311771495,0.08748148086069725,0.016586517119942367,0.020160120518361697,0.015140438493138815,0.04603379474493494,0.050547305239664324,0.12155174063625929,0.02485748806916292,0.042883878025417745,0.0208309793911045,0.05291827506918855,0.04597047373575505,0.022988881359992257,0.0510695044556343,0.04032744353276646,0.08634670003724455,0.03628906280465403,0.0919718227451579,0.035401054729032495,0.03876177472023688,0.04330501375660414,0.05069178206621592,0.035519652771208096,0.03558128845725322,0.04179635872945221,0.09296203079669406,0.044906169335431144,0.024219426839626385,0.021286717710486392,0.02430233907904206,0.02196867799184757,0.09694563275486691,0.058433986829357326,0.04179938178909934,0.1186352909045222,0.0755189599718682,0.05747605847155199,0.05979159057548729,0.04142587409452378,0.025860224975259936,0.022924257400805254,0.04963002805245979,0.04156900019683623,0.04282224630500314,0.05347955920289755,0.034973367064482855,0.10234640657333795,0.04810979033733563,0.039440500122657145,0.0414987842585519,0.030196327383592406,0.06204813073595973,0.2277849692458488,1.0,0.26422280595752906,0.010230859411924247,0.015596888164435843,0.022558396362465618,0.012433019049147181,0.017277129817878833,0.01926915749889379,0.06113439431071671,0.02171028610961836,0.025872194414558798,0.04976583643205297,0.025206602015113974,0.013805437588286004,0.013897787329088978,0.020808947699977345,0.010071744909859844,0.01760910831591729,0.01624346667430615,0.030322068779376307,0.008308111501052004,0.016417915642491298,0.07047128463224515,0.013267307520763804,0.04788163572581333,0.020449061821894057,0.05882013327062642,0.019953336090686377,0.02030436200207244,0.02847727446196124,0.10180345795685686,0.020715710032907765,0.09184563982215789,0.07446446242666177,0.032447591111250194,0.24536505230939248,0.07344526518615345,0.03543112664863089,0.05723286972037798,0.08021646552887357,0.11169394141370613,0.10976879269276509,0.08909043970828144,0.0621527693728803,0.03483496513445543,0.029118630052174743,0.01975751941808441,0.02758984469657685,0.015204526338245396,0.03151529378436323,0.035241549371618885,0.013159683082831147,0.06014073935563393,0.04635655210062196,0.05541536887162715,0.015075275762563598,0.029501347893196354,0.019812705046606323,0.052744189831593694,0.07187407158353414,0.09009193139287915,0.02988687156058057,0.042365264711796226,0.03745396025158935,0.023916072188816428,0.056122589045326264,0.047433820679156004,0.013221024592590473,0.01383159179031693,0.046044592272840294,0.09828513380888258,0.08531388988097477,0.07003438030335932,0.024853002035022925,0.011675129364329864,0.04484109094495163,0.03785536711901997,0.05989350901752458,0.011863860448285286,0.04825693086074221,0.03739994396726523,0.0648089567692044,0.06632852511560493,0.011146802599199685,0.039496000918307156,0.017053659585294603,0.053699887281878994,0.012785329764766241,0.025611130834885955,0.013384006201482291,0.037605112210500724,0.051463214894223,0.042305214420331125,0.012482566758244565,0.07171933926903251,0.06103598963687505,0.016266381039515748,0.04523816568040437,0.05909710171253402,0.017333530771813453,0.06660386239888336,0.037913018771870824,0.04904086752694888,0.03719957956031915,0.05159455507775279,0.03846435882484205,0.11192058923290427,0.09348113065049758,0.05720647665458715,0.02661165714755637,0.028804204173282447,0.03880572389152489,0.05506826859706635,0.04609880251105346,0.07149457400900246,0.038161570971223586,0.037516207020578486,0.06603756218496236,0.062262845010800275,0.040985081019693045,0.022308777197328045
Louisiana HB 1,0.07437054894632433,0.15161988893115616,0.13927970263697292,0.04379017378061401,0.07916139897646773,0.0890273823282415,0.14991601876196892,0.06719680339635066,0.053615743277944,0.042407763585105604,0.047254413269255995,0.11316293625695147,0.04901487447521852,0.04799265554800016,0.15545430334059154,0.015341114562860681,0.02110283683376437,0.034273070117644834,0.20553414942283607,0.27212339372718186,0.1681582062260173,0.02113969836358509,0.05863779430326531,0.021843255323506842,0.032484536078957564,0.055381150929516,0.039919299881100684,0.0621676652352472,0.0546609700662138,0.11368465331510189,0.06480285579346291,0.09878851111387987,0.04026831658158603,0.050682623342398016,0.03299290921797909,0.06509196667447237,0.07097170174846404,0.09433022493317768,0.0636471709784578,0.09751281242656812,0.051647201609502036,0.04987255580647556,0.040955391560561875,0.058776157410094176,0.04585790107112679,0.1869611648763746,0.08002371121749186,0.06696213034463429,0.15130572512528057,0.12420022244139607,0.07204856260407606,0.08991222569937343,0.06844024517869877,0.03044863670047972,0.016547809776397977,0.124264141098541,0.038804169903226104,0.0362027878001232,0.26287554730279655,0.039311273119246835,0.06885686550074406,0.10325912543073597,0.04231691527416168,0.03321637591252789,0.05669618526411796,0.08285290773849703,0.2294190772025565,0.26422280595752906,1.0000000000000022,0.008882070358244409,0.028273206046359595,0.020084361843112127,0.018111972691242414,0.038023437917198706,0.020244097207299066,0.11075625338201771,0.23081951467303616,0.039389854271405615,0.07168918744935111,0.031846295449118905,0.02227496556635595,0.015652060537593944,0.023201418687429077,0.015667408216742146,0.0447119123431832,0.019607148626874953,0.031345211814882964,0.01758865208382177,0.02163116977997943,0.08179959039734937,0.013395002692629152,0.06288904512721404,0.027911817044318322,0.10575959291973425,0.016561527397374643,0.02302197801843134,0.03286613233532743,0.19296601661265447,0.03234000757579826,0.08915545399604143,0.12251892509292657,0.05833170326902792,0.08378260890374223,0.08011672413320219,0.049632845208792534,0.22089163434279296,0.10094953817334985,0.1586183847196102,0.1608067731306435,0.14093733362694671,0.05714452868788416,0.06141777772434541,0.05040948665386732,0.036657967738917684,0.034494854794912044,0.007684711926454304,0.07224963374652778,0.052427211384606,0.05257900121633861,0.10352769300763899,0.05966275395134947,0.32657694121776637,0.01924265050310811,0.03722258366353368,0.032841296167860995,0.107316219124957,0.09805020286130921,0.15434696150151295,0.05460933799734274,0.061285634275733775,0.044153656065601773,0.02945038839426593,0.08633289171625175,0.28333444939798447,0.030262448062235693,0.019824383299727265,0.0717566114177711,0.10053125405214082,0.12930962665407192,0.2492197511044826,0.03860164293259656,0.015053953789652796,0.05349067384272072,0.07584063659328318,0.1535750835316935,0.0100080165948195,0.06204307397830446,0.07480219433273197,0.28831376004398873,0.09763544371187066,0.017116853901433252,0.04282881835346607,0.02948041855575705,0.017501845706515914,0.027250072454212564,0.03496099159038474,0.0288552415810639,0.023992106992784937,0.0933412920350915,0.15915066416530238,0.0214938239755998,0.07342149284422707,0.13892287671811393,0.031145421294539725,0.07054023666939747,0.09938307017434601,0.05352098675363464,0.07734241343278146,0.06589834633717322,0.07191976333479905,0.05858679955676249,0.06638263131465416,0.018775530044490046,0.1559517235454281,0.10884247560300928,0.07517621657758392,0.029603392598554264,0.07619022551464621,0.047972297312213176,0.07982951187079777,0.23342566818262708,0.09081888601040615,0.04290983817853043,0.07381019573614837,0.0760159763514811,0.08840215193232624,0.05967920471939252,0.029722862592947215
Maine HB 1343,0.01941707029980105,0.013498171101572637,0.016315009479353226,0.015043027960181296,0.023325756965525152,0.014021339470708728,0.030212773421876102,0.016513371534198306,0.03276348744743965,0.006353746368260715,0.00360994346736242,0.028815404512572095,0.007925296206224905,0.0103518329933628,0.020938673714599686,0.024962583548293137,0.023649211768207525,0.011257606725406369,0.009266140366916467,0.008380641947393231,0.019709289571720974,0.009228479667302853,0.010755408886085116,0.006026802014985993,0.022240905962296997,0.009882855200473542,0.0130635567549309,0.02863572642538297,0.015082984750984438,0.026842020144412827,0.013388839007412964,0.028066379120043353,0.006982744945552315,0.02548889180087728,0.025225154019534818,0.013295998572131132,0.015048781622823453,0.01600746671027349,0.01221816554599768,0.02659084791397753,0.039905820065933476,0.021370083196603325,0.004434740202012091,0.01511470037575169,0.011364881051692439,0.021589376617226673,0.021807969757412674,0.024632571467761644,0.01299862471377052,0.017802283190336415,0.03681346471787749,0.014015152559382441,0.007638617336015702,0.01314980950446958,0.0069007709886500235,0.015518421846615473,0.0063264180566065965,0.011610458596595596,0.014258315556312795,0.016740056603822256,0.00767582173583992,0.012861387634948622,0.0063666060541528536,0.011989334860900038,0.0005207745677906796,0.011930572979274115,0.0057747308791040106,0.010230859411924247,0.008882070358244409,1.0,0.16053697367095127,0.2536828749968977,0.2325226046218216,0.24861827456075464,0.3318687013145323,0.13162465293191675,0.003431459395230402,0.012520673027976237,0.0115862212728911,0.017535183199498244,0.010186856157007955,0.00395934014128195,0.01756804299254318,0.004018977593354989,0.018489436448837722,0.011824757777605608,0.01935005981447868,0.008365769011679704,0.02168765736563508,0.023896004276590523,0.016476224172662493,0.011202468780934335,0.04138851135715891,0.019662844999583942,0.009248545873970032,0.015912508045152034,0.04371574942089471,0.025268086474008876,0.007798621155457139,0.019437752920250063,0.016616004154411675,0.007617166730407095,0.009662205673523999,0.009488110276339053,0.013161533880836764,0.006469596206122499,0.017753428149617088,0.01579934930761744,0.015490144708277719,0.017027937406410884,0.009326920525956324,0.008841562097089608,0.013023348006472152,0.0063430597758597105,0.003757703342330468,0.0,0.007594359434170252,0.009981020332400805,0.0033361551034158327,0.010051937256863456,0.02005815834461258,0.007361290058196046,0.03993431489587519,0.015032743651950595,0.011780809299960575,0.02579358846133482,0.028728141014128867,0.02810902865337143,0.037499751888193655,0.014125908869288786,0.016652845570456893,0.01168615457087197,0.03479036876488546,0.010508588435598393,0.014161238158124704,0.003745183588857261,0.0259139520090593,0.020849176946302936,0.021984540470881626,0.012626287318213322,0.01786471797871087,0.0094254414964887,0.021109664465692193,0.003258464840610644,0.02810129712027527,0.010114847003184428,0.013533408554339396,0.018993887078964596,0.0104445744737317,0.01622155487765026,0.008676359375467936,0.015911439048852755,0.013594909117701549,0.012980297237447452,0.0028657682151100867,0.005534149783010486,0.005290907643868105,0.007218548733006334,0.009047499758414889,0.007077448991247412,0.013881244003835017,0.011092394124415024,0.009539452314212592,0.012182691032976204,0.00687860114204464,0.013899732528885418,0.018414990798953944,0.01731566199228169,0.01150666058342463,0.012895120750565182,0.007690646263890272,0.03267320845754392,0.015443911556668275,0.02326064596015516,0.01696278879655875,0.01564630960735546,0.009445279627339154,0.011527714833026986,0.017754764063847135,0.011042395035229486,0.011581503527771871,0.011068685343098681,0.011372171801424242,0.01075132697568472,0.008334569943322503,0.016258098461991062,0.012266315835877247,0.010452335369753348
Maine HB 616,0.02189705691647273,0.02242281773015813,0.061684212688010116,0.007800480434246267,0.009803273550624722,0.008812194706913185,0.012356445888828784,0.011588682809674752,0.0037861970792414774,0.019300261192390072,0.012199409765541213,0.014056585121177925,0.008201630035210464,0.006884150466556401,0.041938498448130704,0.04761169627013839,0.04530303125190606,0.01674823935965762,0.03589010527757473,0.013269865311298043,0.11035776100054874,0.10712217997531141,0.008350537813919633,0.05146452716020639,0.029651239250103094,0.07168500989661644,0.20376647177221976,0.1834574440386621,0.07948307440518508,0.03943459758916514,0.016096883113497985,0.04141077794594117,0.005398336991415342,0.17596436271733262,0.023684312626508677,0.23244253028612893,0.026677407694143042,0.039219273944697444,0.038822413381110164,0.031049175886808524,0.170505660582472,0.07790004632325014,0.028735145292459945,0.17184955814617853,0.007826387404874045,0.048738949045232974,0.0490924582789836,0.032093485649806804,0.03274040558183171,0.014326936100139754,0.13370855508810545,0.060709486770477654,0.02316114156348495,0.01454990702657422,0.010865650822721522,0.019473729046054204,0.004157247363744335,0.028798847867926892,0.01572099189952922,0.022783412924740072,0.015134955964921504,0.021288370914924446,0.009636068952255186,0.01904670079893497,0.010235168093461887,0.06312190315292776,0.007469644617061794,0.015596888164435843,0.028273206046359595,0.16053697367095127,1.0000000000000004,0.1382572110692763,0.14209472597019215,0.09933533318471044,0.11171296639499106,0.07028763269953173,0.008173321061223659,0.0703580322950731,0.1407651284240534,0.11242076926333297,0.011328166944526253,0.0015459817274218364,0.0046530247578400385,0.0015692680347066312,0.022987433977374423,0.0064178636443552005,0.04622962743016932,0.011089726045915108,0.005515688976670922,0.0521251862788649,0.007428624600268448,0.02519167503368822,0.09151180947079954,0.009206283756555583,0.00838101184173887,0.008653263326542877,0.14170367506562456,0.06502022752365529,0.010938057316384555,0.0566619663387851,0.02609831566376174,0.006350054173421397,0.020198735410611464,0.024212125221860253,0.042787298269582094,0.02268436558840574,0.06474350934855767,0.06552506505067435,0.046314995978433166,0.04753089734534077,0.03633338305588456,0.030839473031201034,0.13099062003076242,0.017661155406683664,0.05813306278780344,0.0010849452671777427,0.03560446786837081,0.017317038736134494,0.006812546437474595,0.10047642947202881,0.037826946643674135,0.02022934191868423,0.10717382914482247,0.03601963664230954,0.022818949298568196,0.12947138604969505,0.12442971049394262,0.02148110341235483,0.1281210290120898,0.11674850761617175,0.03176457711215204,0.0038196686435401353,0.037077984254028494,0.0242361516637304,0.034592132064088,0.008028403124882427,0.11719907292630279,0.05718876505726254,0.041247990039141876,0.03870752071487174,0.020987528221659106,0.007476470962972104,0.03246122996217358,0.017463243321853957,0.011414181740054923,0.016255954760099025,0.0548564734390864,0.10701966348611903,0.014394194841049889,0.0665338295311939,0.008344676060251556,0.02304521312619958,0.0062011065181936526,0.009174517753533075,0.010807517386675016,0.0073813328575649245,0.011176658305232255,0.01002220078336674,0.03210102729009183,0.011360897074038648,0.007315462029890236,0.016448252834214288,0.01867124376853692,0.0047648540926970556,0.019260950154311875,0.021239352576197468,0.01593085445515327,0.058852394870991684,0.021918235216320345,0.04020231736135134,0.017044330984470148,0.2656036323032579,0.006368671526420774,0.04393880629470346,0.09126269838649194,0.06633811063430207,0.014493438327816115,0.03050983558815284,0.03262944202253854,0.04474536052848731,0.016348283194748167,0.010847044651149568,0.008888395111278945,0.014173640817463003,0.05039481793871458,0.05428690723083174,0.019398778775602834,0.012761666147516781
Maine HB 935,0.02651107730588643,0.040146947988299056,0.021848165179562534,0.003857275576247391,0.01272545668135625,0.014000771755172118,0.026231570857890442,0.016740598286176644,0.005999488957563537,0.006474593299231299,0.01013997702557709,0.02215592954444385,0.009675803696760549,0.006836836403346716,0.026512520209513116,0.008212892047261923,0.01027111700813354,0.005238396703878972,0.012510719997890794,0.017834683748877235,0.07276436311959823,0.010022254082017077,0.015248723153314565,0.012895459459423431,0.010235646502584815,0.03131859671069858,0.03500637443151798,0.02923872327869697,0.028154489688674088,0.04327768650696003,0.019582233544370563,0.042492834827692276,0.0038959223999079614,0.018569269602262087,0.00935568122249765,0.022117106224095517,0.023681449174292366,0.0129206605493645,0.014185359127363635,0.02027205730189991,0.0180253784563235,0.008940231089925529,0.003598961876237878,0.01852226786986576,0.004478159104410652,0.0316359582937602,0.013419084658734324,0.020119943100958573,0.026567792422491097,0.02025622952126545,0.014622005080056287,0.033027608629179445,0.034796147747668954,0.013931087096758618,0.012099881170184523,0.022596844457691993,0.00811568777371139,0.016471874544223587,0.026511394992708347,0.019689307869081196,0.03888435230774874,0.021302131781974477,0.011921145424569264,0.012708770611657672,0.003370488443331562,0.065692823960374,0.0034088848305162847,0.022558396362465618,0.020084361843112127,0.2536828749968977,0.1382572110692763,1.0000000000000009,0.5629920278030093,0.208567193739261,0.16256293688125914,0.22254483879723944,0.008603316613905091,0.021501616823992792,0.03584235835757283,0.0461797336422815,0.008655937106162087,0.00461495199603986,0.008836254912667449,0.004684464583658586,0.006196077829851277,0.00841258669757815,0.013724480333865514,0.0061982074131813935,0.005811243267207105,0.03225090411462315,0.010601628548129044,0.014587329997030081,0.013345063309833167,0.015415080859643132,0.019605564790527243,0.010557901300333468,0.004471838313391096,0.06206969786924415,0.0030366927020293527,0.05414088782050924,0.021811172029158176,0.008378849389163449,0.030713119834907345,0.017395123697236076,0.010815591554771683,0.0232280244581673,0.022769605255145854,0.025231794339859885,0.027959180862847474,0.02161314482993266,0.011712196510868963,0.016965319678855194,0.012666985641099433,0.007008760684963356,0.005667355556146213,0.00331784938822733,0.02873112749610497,0.010064155739160054,0.006675999650884624,0.016088917861264027,0.023309962536583514,0.024170506147624483,0.006550112480422859,0.021188998051499177,0.018922426875226706,0.021280753156182115,0.025395504385779043,0.028418120352638215,0.019176262250040748,0.012703958474321299,0.014348762110628369,0.006456756406671567,0.04063625380415928,0.021859583954747585,0.004448135396441269,0.0014123318898281044,0.025619670753710497,0.023924690378226577,0.037341884651247326,0.034103994171107786,0.01560932641354034,0.0065332473981659514,0.019798322578426616,0.018233888720088038,0.02349059761759017,0.0014914201481067758,0.016968371638794878,0.033455998406624526,0.02261366911075622,0.04794528150688635,0.004277885150919008,0.017836103919066048,0.009923380490763932,0.001956077281561495,0.0097719037039088,0.013249453081106474,0.013153273644992152,0.0028902608728370955,0.020368614480333176,0.022515007603996776,0.014018270831227987,0.028760508001894773,0.023907227807016963,0.010803679004695607,0.021910118290835345,0.029518072027428167,0.017535158700929063,0.03294095419956432,0.029410560573525653,0.027034109384340307,0.02160031484299643,0.06464076235932334,0.001297271027586647,0.033804121734321575,0.04007474624955526,0.031594270792338196,0.023641500765071714,0.02053695571877753,0.20738188507755267,0.022238295056703092,0.023583424591738834,0.0147904341692081,0.00804988488683611,0.013896355620995098,0.013596871370107028,0.023622482711932034,0.01018441594369203,0.00992808820542282
Maine HB 995,0.01907802272657863,0.020387473139085503,0.023629993358498597,0.003603672207263381,0.008544671226441307,0.009731849564839232,0.017500525962625517,0.014293011943208166,0.004691184999676471,0.004077603315942203,0.003996162228307115,0.015384303987887976,0.012245221760160532,0.004077781060694893,0.028479680142181735,0.009380011023410205,0.01067422196754296,0.0049532797801303706,0.01574087408932024,0.014398364367889698,0.0842791599151665,0.030551241627505915,0.009503860269577804,0.00986348814057758,0.010352309155211098,0.040108838851838274,0.053732904334924544,0.04687874941478983,0.05078860190542776,0.03500640859706217,0.0185705040743392,0.03317432168790076,0.004504179280183873,0.03632259755070108,0.00917546908107363,0.062194026883384115,0.014695987708968844,0.017037120649512943,0.01885907078494196,0.02593583199961407,0.028182451731674,0.01633212502201635,0.017229624718156422,0.030278676955787398,0.008256303816535988,0.029187158399018698,0.012297506003047064,0.0205540389745433,0.022327434124345093,0.01497463974314197,0.024907808456962405,0.029112985916728198,0.027533243688897254,0.015271604233835352,0.0053718290332871906,0.020694406665872744,0.008193395467016393,0.015295371421713923,0.017707654340019963,0.014276339057934573,0.011444708359351055,0.015823055020638112,0.006897036030024485,0.010415008652257567,0.0021858851108222626,0.039485230467655126,0.003294614797642608,0.012433019049147181,0.018111972691242414,0.2325226046218216,0.14209472597019215,0.5629920278030093,1.0000000000000004,0.13373131434051372,0.11800157888173873,0.10059493126467182,0.005798671256570199,0.018052617352550756,0.06191021519188987,0.038912980990847425,0.0062532375948373,0.00238815572864572,0.0034951732424118747,0.0024241272586805074,0.00847344436821084,0.006129674978204471,0.019786265028011653,0.006720122741328627,0.0038839164052452643,0.01976197235528013,0.007121816601946216,0.016332986174559173,0.011871614204867686,0.009780119715229029,0.00813731577335298,0.006879468901981009,0.011726256898496133,0.05416620496572867,0.004555659894299776,0.03202287106594703,0.0170935330032995,0.0057307244185376,0.013060252818368947,0.014135598510281571,0.022524991790808812,0.013693612150573678,0.02784313105741277,0.032464840732284256,0.02527533114095866,0.024347467542955796,0.017464936230421068,0.013444412357410227,0.04304636573123757,0.0044572899187478,0.02269316777890694,0.002309702554168721,0.017649047502068475,0.003990347208862827,0.004012473675061767,0.023517831795249952,0.017026606241130057,0.021433418095261603,0.016890784328849596,0.019284450902509864,0.012829210390655597,0.02661039001051245,0.027203906501795178,0.026446939493563276,0.032701955715358895,0.02333969639081227,0.014915420233269248,0.006581545583770141,0.03582788422175079,0.020702874917952526,0.008358085694850742,0.00833330282205457,0.022200279340811934,0.028022435873086744,0.02864182764334867,0.02681932755312379,0.01656801007465327,0.0033149701661828604,0.012516964546712871,0.007858918733570926,0.02306236763108858,0.0005028863023739287,0.0325019855677898,0.0438320552977873,0.012159955302264677,0.025459801853890286,0.0030534459224043926,0.013648090895373593,0.01110414596785472,0.001926599795872375,0.0056112975983995915,0.007204613273819049,0.008958902289556626,0.004193006578209213,0.022200950481751344,0.0125731367459581,0.011216667102566798,0.010638228370842173,0.022982907817892816,0.007993167710921728,0.01196317912538687,0.019008431576054672,0.011853485903681642,0.027623032722716826,0.01393921882429746,0.02248658898083495,0.014626616882125607,0.07232783456924703,0.0014527133580935375,0.023723561042485335,0.044828646730121095,0.03871662033977243,0.01463026988009603,0.016021664341688564,0.08291936525766508,0.023668018142992898,0.017384206875413914,0.011458859214925713,0.006966503660901153,0.010615103501763017,0.0120520052009649,0.01695848621156621,0.00738977693084664,0.007477790660746608
Maine HB 263,0.028589490091334303,0.06295187885442026,0.05035856661335475,0.008605719573678464,0.0184043964427986,0.021410429606482293,0.025029610727110452,0.02288093193257449,0.013454433895412773,0.009520312652459213,0.009111777726553553,0.039172558018634944,0.009632765906975288,0.011239185918358645,0.041445542550676256,0.008037216678359715,0.008381592234141306,0.017055659695239037,0.03454168320143355,0.02293192761115241,0.06599643871484326,0.025106176477745632,0.014956475598426553,0.01947975626871911,0.0165528295913506,0.03629408518213113,0.03127128682956285,0.05880172563776995,0.03395470574209038,0.04877568135747766,0.031723463118465564,0.0664316767533792,0.008163982292532517,0.040415735938383546,0.02270990901138312,0.05476885107767059,0.03756881760956415,0.017525553820779836,0.021403253527581875,0.030080666300723504,0.042589144923369654,0.020182631447225645,0.016572012374322546,0.03328688521231089,0.005962606408773616,0.04568398642330792,0.024763825563438875,0.020857325881523718,0.051676055973743695,0.04200613495748703,0.040684238086465596,0.037528143712582854,0.02370705341088001,0.028685183080176327,0.017304167812488707,0.032872350204727396,0.018278234037380884,0.03121054187059108,0.022093474417052797,0.025450838375384928,0.0479305203767063,0.028849632950083696,0.01961267514721928,0.023959840271914678,0.016412120726070727,0.029635999773076894,0.0049980047685574324,0.017277129817878833,0.038023437917198706,0.24861827456075464,0.09933533318471044,0.208567193739261,0.13373131434051372,1.000000000000002,0.320830272728195,0.4592763751784228,0.011329310198932109,0.027786659896906717,0.05465738880625914,0.037311725339944764,0.015706794496831305,0.008067818701348635,0.015843711567032105,0.005899610698469619,0.028441512372300436,0.012270209959829597,0.020893514222037345,0.006640305590578599,0.008694183115923838,0.050667184147034916,0.011516292696585329,0.02870521135745382,0.01642593582965816,0.027564368970085438,0.016237130641846682,0.014930405210153333,0.029962003596823116,0.13504496444273975,0.011011843955827681,0.03538563699958144,0.041865093928861674,0.011945563912383496,0.02227806010439708,0.02111547707747217,0.025380920875859976,0.02839813240302805,0.06547468186298994,0.07560659115811867,0.05644533127529427,0.05730273335404655,0.024369523118959045,0.027930755077632076,0.028667935270092464,0.01565005726085531,0.020561682859862387,0.003376047676662606,0.03945310791730944,0.014890963263876355,0.0070802444070244335,0.06370615986018978,0.0422144228421425,0.029318409566494473,0.018122493211810597,0.03960218345937535,0.028726697972157194,0.047096984072381276,0.06767389046380909,0.05850515066472962,0.02923870364871605,0.027455535620446905,0.019756283911388162,0.02067132591747436,0.04548141219578283,0.031484888098241064,0.015346764459044652,0.01887304682210009,0.042705782759861165,0.04346912166778416,0.04799842268096034,0.03589702021656886,0.022480124343849526,0.006128454179686182,0.03125212607760578,0.03338022002423038,0.03534558520278487,0.0056701240938966686,0.053916592255812384,0.051804032565733286,0.017733273788835702,0.03618972350016233,0.004230195943019208,0.02279791403954536,0.013651331234674394,0.005915590704304254,0.009203564062115458,0.021356261455428956,0.016490626905149082,0.00647253783989427,0.031883280963537604,0.025046675725537395,0.020445107901014774,0.028007527503921603,0.047239118450503395,0.015319835310545675,0.025407219420391064,0.04548176542932426,0.019515927693125674,0.06066607744147024,0.0953797779125105,0.05090445644450774,0.02980724171152762,0.06694580064244353,0.008206972497987557,0.06740871618577678,0.06544387109637471,0.04242410797357192,0.022994356847046378,0.024111427942930495,0.03011855073022966,0.028601823718017484,0.023727886654058658,0.016307845102165843,0.015742857503861594,0.038946628974848685,0.022190991327445838,0.0408153582839525,0.018051036812493853,0.02047431552016244
Maine HB 1619,0.017477731039652597,0.05402685446808306,0.08440785453505321,0.009853245683426447,0.032046623060170844,0.027210351106310236,0.026444801801186708,0.02782024662845445,0.02321673209825305,0.016372364900832524,0.015171984460191508,0.03609362970077157,0.029334269122150806,0.024510319978784004,0.04817802647522834,0.009588510271288112,0.009607105555497344,0.010504821780966303,0.015430818233253287,0.014131523849779701,0.05707206746812676,0.0321639214795307,0.015814734889795734,0.023132891005998,0.049151373271281225,0.04671396334658548,0.05090453449125695,0.0791720703989155,0.03707214800934113,0.04827002637044352,0.03899341278539405,0.06843563871747418,0.006380679545884922,0.04304374510271471,0.021276779143493782,0.04755574499716019,0.03318833215236496,0.03090590238866785,0.021638127216172576,0.05889419973147157,0.058526027295272134,0.01567627257748791,0.04147056411080451,0.0207424651901861,0.006668015952058202,0.055777866017997335,0.08435311872087775,0.03654982200688819,0.042543659006734603,0.04660195146796851,0.053395891864665146,0.05575008795431575,0.02292437805203811,0.0239771528021575,0.050352305837959174,0.028160589179022734,0.02139447428087784,0.0768121916343803,0.015071570475405461,0.05951214614874954,0.018518773863609894,0.033899252478631334,0.018887457666963425,0.0651367135365494,0.016382499607841303,0.026068463892310312,0.010744589981665227,0.01926915749889379,0.020244097207299066,0.3318687013145323,0.11171296639499106,0.16256293688125914,0.11800157888173873,0.320830272728195,0.9999999999999956,0.3944601413048841,0.007656982172174873,0.01251243945191642,0.06359722979877605,0.031178748645790573,0.016383318001490395,0.00422490062007084,0.01723013611723674,0.0042885380695578765,0.008850861689985385,0.015536306937236427,0.018297873609760498,0.01933937836583929,0.03386991744950962,0.0894155668578928,0.011569538434206939,0.02273678789169175,0.03145447989009025,0.024227786519661454,0.017070969418852194,0.02964832544407352,0.02282303164309782,0.055149444765050556,0.010204643263344273,0.040353174832463444,0.030527218190915098,0.015990006396443268,0.02150015781408519,0.022087062844366564,0.04406489720382991,0.013418010189928995,0.08731832315368397,0.08545024909210405,0.04128275307749761,0.06472129818869135,0.07517730079614916,0.042755414251709804,0.039346489151297966,0.09378592283632327,0.03848958502508196,0.008222258225000147,0.05427055616322997,0.06867007368546894,0.02174187670094259,0.04189081025270324,0.051410485298862635,0.0209636713365178,0.0372951499774229,0.07115098957613404,0.03325310683292874,0.048621302765381645,0.03428942917030852,0.06929042343307935,0.03814976848487319,0.03294217668115243,0.0380338574003615,0.016076041620259753,0.030975694562567543,0.015871785739811413,0.006375159369482922,0.0063362677904048054,0.05116886451801904,0.09127638333428346,0.05419097721173275,0.02609765541458514,0.030091813696252263,0.013870907000181619,0.10021292349731666,0.014413799262958951,0.033857617922587575,0.028116008499732423,0.028557950285953645,0.05993124131325161,0.017066269127541382,0.040145476508344956,0.0031444295288019534,0.08049046596768865,0.008811923507979585,0.005884157091378984,0.04638717621190092,0.038690853575959014,0.019983449652574096,0.007027198584115914,0.025038986809417678,0.016031311966713483,0.03126981235855263,0.02427877174251837,0.027694153238453437,0.027054519733533185,0.018378089314026493,0.07524719048255242,0.015560884788482138,0.10786023277676897,0.020975052665776258,0.06610336209259893,0.025566732362839923,0.06624838576903785,0.00805327411854259,0.051489509016226134,0.12032785319717017,0.036183460823200175,0.012033650477362854,0.027245669329994213,0.02375530042470009,0.03502783763210711,0.017044802977228334,0.014966303368003593,0.0479857934480326,0.0315401938267161,0.07237021115701511,0.053164087278899416,0.049340405402446254,0.03748876682579281
Maine HB 2010,0.06662416755198626,0.13699327478220327,0.11684731392296244,0.023078861367484268,0.04436503923546627,0.06147385379863653,0.06807570633295422,0.0697197750372949,0.04530347751808407,0.026125487396878998,0.040080763879461065,0.10098519887732614,0.03200105580953582,0.037656901021248426,0.11389593432672628,0.021295798424554906,0.022138029053952873,0.038570094066518984,0.06426241640858507,0.08689389533022776,0.1544669205327994,0.04853289278996654,0.061055406962069965,0.04208853195464424,0.06186656521678132,0.07759251503534327,0.05245210367698741,0.11936584608365597,0.08689814969290392,0.16622227177833426,0.08963832964343532,0.18499599401567673,0.026245097463279875,0.06327064852771314,0.04112076025338398,0.07251104906737046,0.09335783517798779,0.08118117234488245,0.040174554868226534,0.08141618797645424,0.09189501877069335,0.030893473810020708,0.03032306139897593,0.044249551151789246,0.029950844848497218,0.15743987701798323,0.07943427776967268,0.06603889765976584,0.14205750920256147,0.11908754556470634,0.05408278108194211,0.09520518369329199,0.05808405883235188,0.046611979347161284,0.03689624256394953,0.0988025716546661,0.05853367599886377,0.08272696178606852,0.07452620964086802,0.06984214403631431,0.09728166973976131,0.09638454063651031,0.060404158775615786,0.07415164963612123,0.03444303451030412,0.12171479591883905,0.01818572019969605,0.06113439431071671,0.11075625338201771,0.13162465293191675,0.07028763269953173,0.22254483879723944,0.10059493126467182,0.4592763751784228,0.3944601413048841,1.0000000000000007,0.043092319878689,0.035425462732606515,0.09351974533654062,0.0567067965239918,0.044341085829374176,0.010751937009994486,0.02616323757077038,0.008321694802706652,0.031504433781443124,0.046579085109552935,0.032328692611359434,0.03239454506604369,0.037692192254239004,0.11633177871972644,0.019077543284945767,0.050592257379753175,0.046830506718028825,0.06665954823557949,0.03960134218489325,0.047095582081799765,0.0332548537870471,0.17882964714416075,0.021812009093112796,0.09254295139790553,0.1100726818032027,0.04747702543785217,0.06715655994744177,0.06363342538159697,0.056664942847367616,0.08249333937658108,0.11717237241217604,0.14150563824282927,0.12713789305316414,0.10568671744458752,0.07327399662055585,0.0700646260379143,0.06677626861874901,0.03790888127426463,0.037330303785375295,0.014172695888715529,0.06618198027388356,0.04660339494329978,0.020043534648541892,0.08738357356418518,0.10128602395175579,0.1092287707196889,0.029257492488109788,0.09018720224244933,0.061341939833322416,0.10270989165811119,0.08961973572475296,0.15578941255082282,0.05544487943919881,0.06006383662249744,0.05074040887853787,0.04417188332271135,0.06582223167563446,0.08106719976505328,0.02548369598154319,0.02042161373113363,0.09107851913508289,0.12656675985625776,0.1452401067924032,0.11134450593517181,0.05723176158068142,0.018538968797370457,0.08053067685381159,0.047485656416458584,0.1052262428925436,0.023634807470805527,0.07566465626461075,0.10672199735968922,0.07365600385865907,0.10272139744189995,0.015140919037509639,0.05999958244535364,0.017264702087661878,0.013385776986905849,0.03255639520698331,0.045586828435739704,0.03801683196453884,0.026130785130150918,0.07832809270323295,0.07003336223759563,0.04121232660971045,0.07493389146734244,0.10514342109960848,0.04105912759609391,0.07013734071815123,0.10787698869490243,0.04958109855033024,0.11728995701608344,0.055134677789576265,0.11163018808980918,0.0677174820309059,0.10898561554423032,0.0109466508046949,0.179329289401659,0.1430266510392597,0.09273016585271378,0.03282910073354093,0.059352857612985734,0.056593563416278504,0.07092389100088066,0.0635843055207833,0.05786820423469604,0.03618617259009932,0.06714836827370207,0.06620775193911833,0.11589187969890365,0.05745530024105919,0.03794597869779272
Maryland HB 200,0.027911275812773067,0.040609095529290554,0.02852386467345791,0.008543069153864782,0.016869313946235358,0.048407421898567865,0.11329937468816674,0.014185178300739596,0.008578539553933399,0.006758846022772313,0.007198542392592362,0.024516450107326292,0.006489711430394438,0.008180487446719129,0.044322480261146234,0.007009233801715645,0.00713785830587615,0.010878907341842627,0.08855913816963876,0.16512958761324106,0.11764215763774116,0.01064791571736886,0.029812940763692956,0.010624229579143503,0.01693706598292179,0.028884398944656896,0.01669734260106386,0.028426012500764635,0.027640211869386998,0.05566929331144782,0.026636715958792846,0.0416996779246051,0.014739949536507509,0.01803385608714425,0.011780638406360075,0.04440337752653244,0.02716951101890618,0.04138494744100182,0.01883038736982737,0.039738269662276955,0.020043573450591004,0.00851748947852761,0.007656102582469853,0.014894151189412314,0.010158270736306048,0.05182988160813752,0.01918178075298236,0.012662129919636859,0.03984799674261544,0.029650023114592146,0.016374502680811472,0.04177757061362003,0.01661745461550349,0.006689011858994676,0.007152267874858827,0.10428991882485623,0.01285251194955209,0.017031464259907404,0.19601126791232112,0.01256612740847579,0.03283014117396844,0.06465880812434475,0.013115265598924552,0.01805731348750548,0.011097402425148574,0.03909610425134031,0.003782636105678796,0.02171028610961836,0.23081951467303616,0.003431459395230402,0.008173321061223659,0.008603316613905091,0.005798671256570199,0.011329310198932109,0.007656982172174873,0.043092319878689,0.9999999999999998,0.0858726171697922,0.1032818421765531,0.060905620945281416,0.007438769420627184,0.0037421336606240437,0.00485290421055829,0.0032837690457115463,0.012194039714472887,0.0058606008010409555,0.007719213124475646,0.0043288956836651194,0.00673545808637346,0.03914926761782827,0.0035398433580045782,0.026985593722179603,0.008914493325965042,0.09999295949815719,0.0046566028667420194,0.007094142487075266,0.012339497752295515,0.05265926541545027,0.004741423049384624,0.03541320588634907,0.04378605703090621,0.012877265013614537,0.02778686634956504,0.03588704724391429,0.013622281624681237,0.18937947854458537,0.03125512616685909,0.05554788127349244,0.07600562337284368,0.06484123828064581,0.01481163013320419,0.019414573241512325,0.013945651967250302,0.007683944811125184,0.010199163184162896,0.0020503982188541554,0.034559913114324006,0.011946146127185971,0.07765477426804822,0.02727346203276182,0.016129599800048588,0.3134567092998188,0.005954594052677988,0.014025841538340814,0.012246734090287632,0.028076426457328583,0.02615296752175286,0.04641119121138045,0.013640961731681875,0.015263943595909496,0.013599043996295846,0.009899443981344205,0.040104880857679846,0.13460058966349556,0.014279057219107709,0.007562327893695891,0.020829380448808832,0.04618621227418661,0.06700028437610579,0.17683316192997592,0.015890090790592504,0.005577428935642287,0.029431743454876046,0.051766447572559576,0.10011704494395593,0.007964094956945838,0.02644675524028829,0.03130709833316962,0.27921239782765267,0.03965586752180916,0.009625514027942423,0.011953811553946455,0.006228933837871872,0.008244521039106023,0.014837948854913668,0.007431393930594621,0.004833323306398619,0.0059203888495936,0.03369531219358182,0.13732785771113107,0.00798343658290903,0.026041778980077483,0.06092302474207338,0.010998049449663722,0.049994300470357314,0.05089269507503699,0.017161866232873503,0.023937150447320577,0.022987898979132605,0.02629765014964896,0.022953202954760207,0.026592394885563995,0.006638812228507094,0.05547002939394627,0.04090809904819464,0.03490406220461169,0.010647905632574181,0.018517659117472676,0.014367741657563087,0.022007996421437005,0.25532750429585976,0.03428113993636845,0.010829434122602666,0.022494329716457404,0.016184783316804893,0.030812289436043142,0.024593696020990853,0.013814726369621394
Maryland SB 341,0.02647663783543415,0.030496210020174764,0.03257751770579592,0.011173091908764728,0.02009984501555894,0.009136912387711449,0.019923619264575268,0.0256422673350573,0.006633512895038997,0.0036567728849365043,0.0068236225600773895,0.02109991121273694,0.007375292619836867,0.00750775379640465,0.04801786360877149,0.036303187704541565,0.03495131840028077,0.01746135402026911,0.03489659265558449,0.03298294479578562,0.08450003814723148,0.015203331769207039,0.042337155758463085,0.012245026419451847,0.028392008158114494,0.041013027121813685,0.04150241928267181,0.07266449123310331,0.02572706746887323,0.05500324895460817,0.02735795650245391,0.07402860776095399,0.0056727024318269275,0.05128916552080135,0.022883135077266335,0.0679593414208342,0.028408885479399806,0.05055749897281064,0.1681118054002597,0.04705466822212984,0.08841783820450966,0.06292005113085467,0.011437901005444008,0.07892916437075696,0.0029226914395437944,0.05023086753916172,0.03091328955702058,0.012679233457565652,0.05062482412972343,0.03317158781543448,0.09625078855226062,0.035735651902715986,0.024221581128821567,0.012417157612394694,0.013725949543921956,0.02210439463984709,0.01810300846653427,0.01645213326713273,0.02279141031893369,0.021449425442530836,0.030122426171129847,0.04870704629907725,0.01650540000794358,0.02037209705935108,0.010412583020051077,0.08830109212025213,0.003506396245111825,0.025872194414558798,0.039389854271405615,0.012520673027976237,0.0703580322950731,0.021501616823992792,0.018052617352550756,0.027786659896906717,0.01251243945191642,0.035425462732606515,0.0858726171697922,1.0000000000000002,0.2101571903496025,0.1399835327940529,0.011606207911023302,0.012836713565968891,0.009820484469271617,0.010497188606913685,0.026998588661307707,0.009820773784927319,0.0280743801475462,0.005935919789390651,0.010562175283369791,0.05123769670226017,0.010685142351706204,0.11993032293129714,0.03236974667847213,0.024771386701214343,0.012589515271145607,0.01867109903325601,0.08878265037321033,0.07882972717476203,0.008979711837551405,0.028739593443541003,0.058451412512215514,0.05419762899883397,0.023972386336549346,0.04655530581606129,0.01752348609448642,0.03566799770843016,0.03411617245427957,0.06867486267281794,0.05460133426678865,0.04413690521033663,0.017843749314981745,0.026988561010058514,0.03347835352828921,0.009030200789086201,0.010948706149049586,0.0038305368033076602,0.042092795798331084,0.014553600881926674,0.00516505169962058,0.052328802503455105,0.019357577742764354,0.030947059805031974,0.04516111484779231,0.01802681784941662,0.016516039458241014,0.06995739065870954,0.09086063048458362,0.03941657269554851,0.055161141546397806,0.03868382300924511,0.01792347611165737,0.058412190494268365,0.022288792827321796,0.05875579485991481,0.05686416858940819,0.012407828792640376,0.12979872619731597,0.04730207336365756,0.06102921920229253,0.05159133330706122,0.017309631524182693,0.006943544780958784,0.024057113580958103,0.027005090604070477,0.015569416569011155,0.011348342465541355,0.04534667970347573,0.053332644621895936,0.02881752854222942,0.056698571105833144,0.010946345905264894,0.016569784395716138,0.004111425550974609,0.008378786654955431,0.015400955195752224,0.016054171151133265,0.012489625936613166,0.011427501133753716,0.03008126146876528,0.032264742226391356,0.006773047711923496,0.018840595120573646,0.049412289606079074,0.007190001138370422,0.019309864742076306,0.03753945791381007,0.014837596537946644,0.03844316149950451,0.03231063850737932,0.035140144409987896,0.019113796834099226,0.11757873309687504,0.015996569812846292,0.07051459662442984,0.06728723593270144,0.059870002230591586,0.011144448643931833,0.020413203284960612,0.07674616963018267,0.026600406473288138,0.02265583206807203,0.023282137696941044,0.011868105795383789,0.015952341310630953,0.027048786661008618,0.022605696956142736,0.018675291439800346,0.014239056470637872
Maryland SB 786,0.0725477252573185,0.13006502319156274,0.14354527345053197,0.030392622772116174,0.03506248404357513,0.03641473482263312,0.03791822919624027,0.03512571880400246,0.01974049777185835,0.02168489300091003,0.02113470136741602,0.04910533863309656,0.04581757333224572,0.026470060406078223,0.09981334253954723,0.0299531680389733,0.02931162341657463,0.02141982514653257,0.07006484429877885,0.08313394491166107,0.21093899575690225,0.18125340302296294,0.04047774929836392,0.054597659478859445,0.08254351480937229,0.2743904544121613,0.1970150048004751,0.24664703692888726,0.09634288945327388,0.1351400970446428,0.16582530269944787,0.12474543568074367,0.013884996670484196,0.24395382388388534,0.05002505203475855,0.243463654829917,0.11764016714809555,0.07057848575484688,0.09589241607928263,0.08264924486566794,0.12864586315208776,0.06823629957355479,0.04760378022526148,0.12292637220423198,0.01563936654696714,0.12830164313424683,0.08137258408340546,0.04563308916227,0.12122881790827117,0.08752239751146687,0.12266427229475782,0.16139342882904353,0.05537939242940153,0.03556332614673849,0.0396501693455077,0.06982792842527812,0.0469322619137384,0.08945495554657673,0.04692270090371396,0.07586648437248998,0.06436619404911967,0.06762011515169777,0.05414467173986257,0.11336673994714272,0.025338250322413554,0.13154339696744546,0.015697572478268567,0.04976583643205297,0.07168918744935111,0.0115862212728911,0.1407651284240534,0.03584235835757283,0.06191021519188987,0.05465738880625914,0.06359722979877605,0.09351974533654062,0.1032818421765531,0.2101571903496025,1.0000000000000042,0.39833958360315425,0.02860132505015922,0.009512552295006305,0.018435556732365563,0.008227605185637884,0.037763145915741585,0.02848823576428319,0.07799966926304412,0.03369570187358894,0.024873233260940583,0.18429394907409175,0.020269269026514082,0.06345090180043707,0.0723274558707003,0.0439891217136299,0.021008161735024653,0.06005931628609412,0.0777461104103741,0.15691605639783288,0.02288062566123817,0.0941846412514271,0.08539126619527079,0.02635185383914081,0.05621410963829301,0.08543897118816733,0.08799857728917349,0.05416279267240309,0.13187388350378398,0.1805493241556757,0.12904270903802717,0.11867498616992098,0.11197219623560298,0.11425625716842623,0.17613658211876254,0.04029304656531268,0.11510552664994685,0.01220311575080074,0.07541007648837976,0.04698004002186428,0.014265417792151429,0.17525731727601104,0.09208849588816517,0.06087890780695746,0.08524097777887515,0.06583305654414354,0.09564221677132029,0.14387812455961313,0.12992011304364184,0.13443795800091804,0.12995547109794656,0.1983847696264293,0.040585716063085225,0.02616176350161667,0.05465259670929485,0.057578202139614364,0.025685997603349386,0.01655287886921054,0.18616703535056967,0.18392367739612298,0.15230401526760606,0.10865793307686498,0.060884504861080886,0.017039844368880362,0.09634362761749121,0.03956545284414586,0.046392524990300894,0.02667327188789923,0.10913655964698386,0.18125722529267835,0.05114373322736596,0.1065767108050626,0.01051030111920119,0.06633791386201224,0.011173487758341,0.01944465403566034,0.01960827207833325,0.02945307856967134,0.045345408548019855,0.020217779901249455,0.08778363640522255,0.059807554750837204,0.032815251947484116,0.036395164207896936,0.06988838316398233,0.027243493706433593,0.04556899730830527,0.1143029213269292,0.03986209184257642,0.15770172811203842,0.04055695726935931,0.12327507424444992,0.05126152372279376,0.3269201173133214,0.02353248149584873,0.14332698570379784,0.2252879438364696,0.14798991763571567,0.04682382438907154,0.1226548448831414,0.05712354614661203,0.09664940011067448,0.048392394712531386,0.048374300818508825,0.050238009346695915,0.05922739874189607,0.10799999696600814,0.0817544898901891,0.06226811590913777,0.03996703334692054
Maryland SB 859,0.04409075219145406,0.0707232124321199,0.07061523547117358,0.012188204015521571,0.01481943870089963,0.025160192571615496,0.019950406482886422,0.01785986299950161,0.021780285164784953,0.010802949475791563,0.009783945385390484,0.04435833792496603,0.01226340854752491,0.010163369047407852,0.040387701378547275,0.018819294345330927,0.017702808778121443,0.026240639989813866,0.033853447664659725,0.04306640931208012,0.10651121025963864,0.10029886542767064,0.021734541855826076,0.06252270010461128,0.048180764957452264,0.0712328857117564,0.12687784601795962,0.30393931483386466,0.0702252784035862,0.10507156308532367,0.05064611277515801,0.08410047696452264,0.007738343650578172,0.35967621420901064,0.022100284193581624,0.1274914734511457,0.04799922460293997,0.043191090321671295,0.027641871850282426,0.04639922988530299,0.16806583736238243,0.04013545958496334,0.025171597671108787,0.07354599763507626,0.02916019462357631,0.07382983464418248,0.04883170657377074,0.050388683895131174,0.06010293471268423,0.0842491487774573,0.06253342819050563,0.07079119587352026,0.03196982745604972,0.03316061117519521,0.025489592403525434,0.04640062743851968,0.03609239455629761,0.04508924175526152,0.024728405685628382,0.03307391710847593,0.048101227020136805,0.039795246542793275,0.03650893049469329,0.041846790928292535,0.016799615561855254,0.0750412601293773,0.012005250590371089,0.025206602015113974,0.031846295449118905,0.017535183199498244,0.11242076926333297,0.0461797336422815,0.038912980990847425,0.037311725339944764,0.031178748645790573,0.0567067965239918,0.060905620945281416,0.1399835327940529,0.39833958360315425,1.0000000000000009,0.02011267377295457,0.017523298164945328,0.02317235907564444,0.016969086808291876,0.0245599198192787,0.01962973672204831,0.03959172811105525,0.01762876033620369,0.025906035762119892,0.083991470736375,0.011658589008418301,0.029894675633920263,0.06092308292986983,0.01713634947031991,0.027849036595170684,0.053686661821382466,0.04145364365118265,0.08443627994768163,0.007808349004080464,0.0703723978340277,0.05630198633017264,0.014497154162846358,0.03587070471164524,0.030925825996757153,0.04517326401725003,0.026215151184445083,0.07198281517801848,0.07815968340312812,0.05974417188236233,0.06222579763602339,0.03914254290206005,0.05989557668940281,0.11851462796880406,0.01940359191027221,0.046158788596554264,0.007761177939420814,0.03526256390107325,0.02139578698316808,0.013672261899607071,0.08046534777843019,0.06286067006142215,0.02557413735338255,0.06212620175027565,0.046300882480471775,0.032624810672265914,0.10574894215206752,0.06385819459863529,0.08855944489183838,0.07053817546051686,0.2772225970685648,0.04607682412487974,0.009618057527723172,0.031686125625151516,0.02152534223886735,0.012764976098343735,0.008303694397283765,0.34114830970440874,0.09293281819529299,0.06284928781274825,0.05996816142948773,0.04380909347304226,0.017869496415240462,0.05194010424380765,0.01696955934522364,0.0253430508107588,0.038398508743756596,0.052708495564273324,0.09755340847772329,0.02224030229550297,0.05711930158522591,0.007519072423695287,0.04307652149461989,0.008007543707649237,0.012222551838940974,0.02125274693042524,0.026698519142808564,0.02855354811165555,0.011263532109596686,0.03310943622719206,0.02561249888488336,0.025328882682804903,0.027408411451132805,0.02661394413552202,0.024316067642718594,0.03432051147640235,0.05372295911295615,0.03445574029253813,0.07947281316991922,0.025473460663379664,0.06982946275735799,0.029474834382545185,0.30946404819722206,0.008101994714200342,0.08423511595153779,0.11773367825948462,0.060774106681504535,0.02781123451069233,0.03168934578295107,0.050202684350315024,0.045328849852510796,0.021937875132513,0.02295424379086731,0.01814809486777711,0.04634987719583623,0.05828472980016471,0.04786821343772142,0.037236129885146595,0.023953373352098475
Michigan SB 4,0.02594476081496665,0.04047382392903125,0.03270536988525858,0.005959926514006436,0.010967295190146194,0.009235567658881592,0.01111726418687258,0.009309553625286215,0.019597014754766422,0.0038594880663637924,0.014528611109165443,0.028562213452065083,0.007059579134286107,0.006020987379480089,0.023917453901314837,0.012386001021485413,0.01229599935680053,0.0354849348034411,0.014759238349790853,0.016078837521097535,0.03566572508130293,0.02199908780338956,0.013891306329142953,0.016588814502642553,0.027421455541480448,0.038194500147382175,0.02375049309018746,0.0555722406351735,0.023222130242758383,0.05862855423432406,0.029084986001752057,0.050292504711435364,0.005952024805715047,0.03303828945799968,0.015357854379291163,0.026182497892343323,0.0309457640034723,0.02632659416621241,0.016992059071756316,0.023729159924938403,0.02653681910053517,0.0088623296001808,0.0033344614801762203,0.0191517127271858,0.008833693932165305,0.05613802487831024,0.020842428445489596,0.022416975034424594,0.047135378980007234,0.036975055791918635,0.024678263347665697,0.03680281323688372,0.015323030925998606,0.008830169709878178,0.00975805371463989,0.048135613490243236,0.01384412340099553,0.02429129556305312,0.01771379066264801,0.022808829862674216,0.03535463960745863,0.02160531564311645,0.018980308291094095,0.03130381445424951,0.006662259179069675,0.0328453253104021,0.004614940162588964,0.013805437588286004,0.02227496556635595,0.010186856157007955,0.011328166944526253,0.008655937106162087,0.0062532375948373,0.015706794496831305,0.016383318001490395,0.044341085829374176,0.007438769420627184,0.011606207911023302,0.02860132505015922,0.02011267377295457,1.0,0.01832400473261143,0.02651615608145031,0.041656910704691096,0.008618081065930313,0.6059958241487542,0.03629909743343636,0.026692373384206856,0.027603523873000982,0.05851230190104669,0.02393535476440598,0.030511967488929932,0.039985912840199124,0.025087056834461715,0.03369876025944084,0.032036690880379796,0.014265438503469818,0.03624441722753426,0.008491524006097442,0.05082151329326153,0.027867885238290046,0.0376085060466646,0.030218913026477084,0.021650313938565473,0.02102859375224703,0.011904129873942102,0.038847545948798835,0.037684117483788006,0.030783617657584153,0.030475563601013726,0.018440609249210663,0.03150883899588605,0.027206524468401928,0.010513680059076658,0.014515499641541911,0.009037107418684033,0.016589282127908972,0.02148203387255549,0.005629824978547559,0.041566585733260074,0.07061927364084981,0.020770040654936622,0.021072699895807023,0.0192314440984322,0.020135616597055407,0.03332338032816665,0.016829284769193542,0.052793959772160434,0.03976719948719684,0.033628609178360004,0.01188030057193333,0.006036970087394312,0.01023346291652833,0.01230194202952711,0.0094891084908206,0.011785876105816622,0.02120239599447168,0.04647861420067343,0.03718320134896245,0.026622702963699865,0.0234559822181581,0.010909203279449747,0.0353251228402307,0.024594442814218655,0.018479451667847282,0.005989211762495142,0.015066286448876198,0.054605936289469754,0.010787863068426351,0.018842412753509095,0.009356411768543916,0.020822852271015338,0.0030671205033392817,0.007576050451230625,0.009624605291520703,0.008089267076630637,0.012271974051610615,0.01833177780372311,0.016870557828415008,0.013081756503908843,0.01297351170665515,0.012490022151260508,0.02398639863538697,0.01375784747186962,0.020379751620249995,0.04254037998986217,0.02032117715148838,0.034440002827364063,0.012272658778484824,0.03229414321037976,0.009354688013509877,0.044177151395031575,0.008638269261688416,0.10356160714013236,0.043816622549338345,0.02711866521041533,0.006837019750066406,0.023426699926368023,0.012590667506386214,0.01455816683889358,0.013263387013893367,0.016508600086610824,0.011804601674808231,0.020282523100478213,0.018141917380518714,0.02650457918693136,0.023025544160887625,0.012665527095403533
Michigan HB 4006,0.014584793179308952,0.015022284692333234,0.016347703706297394,0.012434351424146358,0.028758623671208697,0.019841345414397367,0.017165073555426336,0.02405758228175404,0.01655818524630125,0.02645615142713253,0.02590045020622612,0.014263645513944984,0.02184213478501384,0.02390992783709946,0.012849492721289003,0.00914945618693353,0.009445435426584136,0.01814688385556796,0.005845248439589405,0.012203553252791578,0.013697129723145301,0.009193027813423432,0.016083800751161628,0.0081953415895661,0.008050138172165638,0.00673884924066437,0.020564253077188212,0.014619813317574998,0.008538150935115682,0.018234601702540296,0.007423393569439742,0.012290810301215142,0.01630055892228067,0.012321430157352372,0.008868635093542085,0.013739511213657444,0.011610284170750681,0.00492642180457723,0.014288294509589532,0.010736040064433745,0.011918625124846611,0.0142248931588,0.014923989361043772,0.025956152881952407,0.020446910976136195,0.016441785995887963,0.017601353089991365,0.017909928703950966,0.01800613859410268,0.028850895687493633,0.014979234627198214,0.008471121413408026,0.008971427930787885,0.006451947584282885,0.009837676947430585,0.008942614944420982,0.010528127552052315,0.012607633366156577,0.008228874165754983,0.006042828977575526,0.006237955678346977,0.0076299818546527,0.008731701384687459,0.01016809113899595,0.011080001667644375,0.009317035410631362,0.016407591891314677,0.013897787329088978,0.015652060537593944,0.00395934014128195,0.0015459817274218364,0.00461495199603986,0.00238815572864572,0.008067818701348635,0.00422490062007084,0.010751937009994486,0.0037421336606240437,0.012836713565968891,0.009512552295006305,0.017523298164945328,0.01832400473261143,0.999999999999994,0.22011790818885477,0.679081346750618,0.1538634483929371,0.1158916303300762,0.061186076474930275,0.09210057499225371,0.1479151138786103,0.11612252687111006,0.10958877024492017,0.09819119885576656,0.19716128917184336,0.08923266323590658,0.32482516687881224,0.14388933378573726,0.006505471496701371,0.01788273772535883,0.0077423798854186375,0.011377639673216214,0.010498307090194992,0.007707247915156032,0.007211878486039466,0.010414165483413469,0.005908215355033097,0.008364509058932457,0.010332961814061842,0.015852603868006795,0.012787952233027079,0.01156699736133044,0.007543197488118197,0.008197421159080003,0.01093851415075509,0.006489028682561503,0.01065268699382687,0.006334746471868618,0.0052111935539782064,0.010350106400666314,0.00661802542344045,0.008368902853593365,0.013912152188801513,0.005009731746743229,0.012752600483193051,0.008820172146671551,0.0112890422937579,0.013906625525958278,0.010268204541102473,0.016932353858360602,0.00987652873312835,0.013691418884225006,0.012369616914995453,0.009609108601184947,0.012419748306685395,0.00989906035086282,0.004907872537844729,0.0029486306654926656,0.011658390954676936,0.017578241482889924,0.014194180634768802,0.014506795088957091,0.008100130078572318,0.015318179760445097,0.014848038005282877,0.01032159905367168,0.01920012706202975,0.003610173681094401,0.015033582125264316,0.014886801759745523,0.011622398315204245,0.017843620459110074,0.004835557597722491,0.0062926934832737876,0.028068986542523346,0.00938664344754316,0.01073182687152957,0.02027865858638772,0.011152198882770439,0.010776148040182874,0.010849760548563387,0.02608224191638485,0.011425980920391059,0.012110915643707951,0.01306955340470626,0.016437585012735307,0.004369923634131949,0.012733246566676652,0.006581168257234398,0.008578896101924789,0.009731059205533308,0.007819433169798629,0.003510641904703586,0.008315023880061313,0.0032961007658846293,0.013319449291306011,0.008803627709366681,0.005716168320875153,0.027248129744109527,0.011873255008156764,0.03850082365597679,0.032263396264671285,0.008998534990811581,0.01519775429709293,0.02174854634007618,0.011964115039370256,0.01824141908332086,0.01621310731392536,0.019036734888370235,0.008943526061711705
Michigan HB 4032,0.01823697998313998,0.020706890340312766,0.05430350710896291,0.009395910606093101,0.02023627607546282,0.01697457046006181,0.014451076096954157,0.01802833533306707,0.012747674996171495,0.01055198032313872,0.014095927063934803,0.03786881813806803,0.018756676442417377,0.012757238718009375,0.015197680691573505,0.009196609499601873,0.010027465972036909,0.024099778504749526,0.006841302772522342,0.01680781677646308,0.029386916112081142,0.009920416931702123,0.014003262269430545,0.017109373176157235,0.02768405825671019,0.00889836571054227,0.01056556253837734,0.04148419670117485,0.016628933558658705,0.02739705092651045,0.02008010229472829,0.025871872960071204,0.009024037460829762,0.021729452909644825,0.018404268974943152,0.022526208281382836,0.023559311572539317,0.02119122883682788,0.01692557883667597,0.01815595739114059,0.02717679857920036,0.020025550041910846,0.009170285447684933,0.014522125424895697,0.024897333408232067,0.04607813695416059,0.037111576641315445,0.03951632615969816,0.029689659286753135,0.05692065143429399,0.023690936592639912,0.021915382339569967,0.012572885195918848,0.012150322448415721,0.012129448319833851,0.01644474257321506,0.023799576846868436,0.024598515443169714,0.008633103731178116,0.02650021454804582,0.011224569851861854,0.03314047126122126,0.02630368022833389,0.02120879338013974,0.011754327264532325,0.016386668349995782,0.010693024726009408,0.020808947699977345,0.023201418687429077,0.01756804299254318,0.0046530247578400385,0.008836254912667449,0.0034951732424118747,0.015843711567032105,0.01723013611723674,0.02616323757077038,0.00485290421055829,0.009820484469271617,0.018435556732365563,0.02317235907564444,0.02651615608145031,0.22011790818885477,0.9999999999999997,0.15825235965415113,0.04471887776325144,0.07331028501645101,0.0380013363893085,0.06529694836172487,0.6490195604380545,0.07556835074252141,0.08275040726501207,0.09219212971234446,0.07949660519612627,0.05214490926889337,0.20217322608509394,0.08090852093254729,0.007638879809533858,0.027801137801693618,0.008232621436701261,0.02575790041947586,0.021834869566321462,0.00689879039594618,0.007925722354837674,0.010942277945495047,0.01963310034924984,0.008924524173848812,0.028521952661814846,0.025785419765949738,0.020145018129685794,0.03428104669272148,0.014558181316369864,0.035941240001674625,0.014323389107306149,0.010862287578373441,0.01709908497670676,0.004422843120475851,0.0093257082701466,0.023965103729288735,0.0064303714149754635,0.01780604551134639,0.02620892036811206,0.008211092860478539,0.007587980913386887,0.025827119707580334,0.017245644039111066,0.03368218865308222,0.014829784266302545,0.0628641798200829,0.02296564569432187,0.02316304967894551,0.04191848138046671,0.00951289572153578,0.013504305374980716,0.011444995020534638,0.005957367035221062,0.006009013404561061,0.0392384161183169,0.02998287136529697,0.025166446263944684,0.01667801457983032,0.02178417842301322,0.01723069014825533,0.033400968332145786,0.009741396337459587,0.017246482835745473,0.010431702485240068,0.012087923900796998,0.03319662476902867,0.01700728478846853,0.02312436562017543,0.003786035533032875,0.026507263377646886,0.02761074315589043,0.011478723840334689,0.022175337887232516,0.016638281198680847,0.018169581890941762,0.005566940256258353,0.00982566709844017,0.018396401743886858,0.022377953645674874,0.015517352786445207,0.016920150817777087,0.02227863061564997,0.009631241301868387,0.03612827468634076,0.009951110314604687,0.029673569299654135,0.009300749165528475,0.030060075682733188,0.014841768445797892,0.015367758065062574,0.0029403895530282775,0.042764975661767776,0.032517397629119024,0.01123725179025819,0.029669210378946067,0.01595199715787037,0.027735192915263034,0.028323608618627944,0.01279166200555789,0.016279976207072295,0.01943134380192491,0.03527683984158024,0.03311818304159213,0.02258526298627603,0.030368180382065867,0.011967081803159148
Michigan SB 2,0.01277153586352145,0.01450270261704581,0.014711208462327844,0.007225851773731398,0.014345619969304146,0.01304701732610492,0.010005414819694695,0.01718231202699485,0.006082406139263421,0.015132299484931033,0.012608946039477629,0.008936680481589604,0.013156522529380982,0.009958567776553087,0.006985381067164804,0.007779188504498107,0.01322775973336337,0.014731846260361382,0.0037408073812593484,0.012360057338024448,0.01286098840875687,0.009123468967804787,0.01936136289739855,0.007646237934434206,0.008047623589899768,0.008445853649218928,0.02087400157404546,0.013051067164422238,0.008737951596925485,0.01604117156654592,0.005982072081509846,0.01148893587617983,0.005749232214691235,0.012502366463882798,0.010206989243297625,0.009688122177006459,0.008327383909009844,0.004672649000195613,0.011035096623480657,0.01251563898772728,0.010611405477869774,0.008064509475484536,0.00761924492204028,0.013413040884575083,0.017472455986992184,0.015721251512454956,0.015526246004217406,0.015858752769289143,0.008929164472506666,0.017845880025069316,0.009020068683289575,0.007544814886974218,0.004780639844258281,0.006845846423104494,0.01142714100587669,0.0076451772332410016,0.007355299022391093,0.01081038661691969,0.00528303246366079,0.006657406413065707,0.004840738959570499,0.006822938823625097,0.008531221471971202,0.009969478087015017,0.006392429050233988,0.008610696574738943,0.007366173474257411,0.010071744909859844,0.015667408216742146,0.004018977593354989,0.0015692680347066312,0.004684464583658586,0.0024241272586805074,0.005899610698469619,0.0042885380695578765,0.008321694802706652,0.0032837690457115463,0.010497188606913685,0.008227605185637884,0.016969086808291876,0.041656910704691096,0.679081346750618,0.15825235965415113,1.0000000000000004,0.03858081266721681,0.09507249845596616,0.06105282975427365,0.15891532643008313,0.14037589341059087,0.11496895283407667,0.18650497890525547,0.16432413483160235,0.12627049843628402,0.07111336466686416,0.23275896427466355,0.10007831602922768,0.002840156502030901,0.009267023613453544,0.00718243985029626,0.00897024941408053,0.007827036525909744,0.007012920185106371,0.005530164666065939,0.010006002074274751,0.004437071568846692,0.0032125382858716987,0.007971745191202745,0.010078476127032242,0.007392544710461673,0.0073805016949333065,0.006103596188611119,0.007123128416049724,0.008963818959167653,0.004511107318201705,0.00686703404256973,0.007189753439407778,0.004294295418888278,0.00627731874420556,0.005716616266986539,0.006683445689247215,0.006771664983622037,0.003319449124996195,0.00798595604068774,0.007229751484734682,0.008148216802782153,0.015476012943095013,0.008376714178294147,0.014763222738180452,0.004968773263409765,0.007915588024390723,0.010116823269743037,0.009980790961675461,0.011678177370515944,0.008350531020237537,0.002417652030967889,0.003650493864788141,0.01067665332953938,0.01049868155578793,0.010666737664649656,0.008857770578503545,0.00667739610410321,0.014542690008740217,0.006686918355859292,0.010830546787393184,0.012567390337784028,0.004216778812652792,0.014082142729244336,0.009066251791418215,0.00419822799162994,0.012204183429080778,0.00964280572139528,0.006016086791393146,0.02554718234114379,0.008678534535712669,0.006408027722636728,0.012132744077937341,0.006639744212185893,0.010670878596398124,0.006769422685237021,0.02203538010595332,0.009396901327966337,0.00792653501001761,0.006966699565599207,0.01214742155579134,0.0036025977685603546,0.011727988967574684,0.004883055909846182,0.0077513783260917835,0.007149023015134138,0.00672514991447983,0.0034333945259894406,0.004467071030171491,0.002986960039704378,0.009381477493076232,0.007946047527001942,0.004909922643188052,0.019383545008111732,0.008680975696305137,0.02900721757068108,0.024201241502622792,0.004831938694045758,0.009501487253026124,0.013353531107684712,0.010183224758745068,0.012995355303290207,0.009565090756295427,0.01728685041864594,0.009529617704482943
Michigan HR 72,0.02226503029685543,0.045074514643901366,0.08494144134986575,0.04135450012699475,0.03144997964912231,0.04044625690293618,0.029941341752326805,0.019055969716115128,0.041955761861071715,0.021825510265644978,0.018778316433208087,0.057027590447186215,0.019686825745091785,0.01426173609964016,0.05447431878143585,0.0805530910962242,0.07550182128083557,0.08111330559777843,0.025624136539277823,0.033138374442499445,0.050342448155768854,0.02315417758613356,0.01692112804484782,0.0150355900169999,0.018867487451341626,0.034394714997197616,0.020356606226436983,0.048195383791722016,0.021986204731892854,0.05071703818530218,0.02853962105675738,0.02870092548158711,0.04650112258128802,0.05004312412370178,0.07366635854390431,0.044152521324922325,0.025706946211850015,0.03554904300314696,0.058704135869593284,0.03863190991295383,0.04635811132277679,0.13700070417570148,0.03816646261227047,0.07744425039136109,0.06942078305715085,0.06530473299301504,0.040354449737254904,0.02166026859238843,0.060631276257393375,0.07225363143401962,0.06265039005298437,0.036773050267013406,0.028482960913758005,0.0170412315882517,0.012521016022962496,0.01699319120465014,0.0173277279972976,0.017154125063678086,0.02804533259155667,0.07483622561954825,0.018826760093157476,0.034197382266021675,0.01879465588364791,0.019269176954053526,0.04796064185135605,0.0261359974097109,0.041105914553171495,0.01760910831591729,0.0447119123431832,0.018489436448837722,0.022987433977374423,0.006196077829851277,0.00847344436821084,0.028441512372300436,0.008850861689985385,0.031504433781443124,0.012194039714472887,0.026998588661307707,0.037763145915741585,0.0245599198192787,0.008618081065930313,0.1538634483929371,0.04471887776325144,0.03858081266721681,0.9999999999999999,0.012059279023239196,0.16349957494044895,0.025627946281897577,0.020118371650223076,0.048152122293720505,0.021663697245722664,0.021508463627913147,0.08958290386757792,0.04090486876925011,0.0820740933573447,0.04022040235388745,0.061552942430412906,0.07463286534062309,0.022882593411647466,0.032494651127057926,0.03827344914479894,0.014895131061042325,0.019805235882115402,0.02719475973731344,0.01828590906783892,0.03514732469997076,0.03726504498310631,0.05011298505499855,0.052568588862839605,0.05272374821613218,0.01689701519225496,0.04306743811693499,0.01809381703404957,0.012619416656775951,0.018805721040299216,0.014981428828986723,0.02144983174701342,0.020239685977262705,0.008184162962488575,0.03383924633030957,0.02119610896765149,0.032847895795997076,0.06567965815306791,0.022603646576489035,0.011876621396681528,0.05186285540375266,0.05459385056078183,0.06636644229982805,0.04551194595219597,0.04253692892969903,0.01539797754310417,0.04906873360867072,0.035818224365518285,0.034108385887215494,0.040422681908394986,0.015880188616330237,0.037077486641921745,0.05689496900726384,0.05763963297723564,0.035211870965490985,0.03949234174998772,0.012154072686245266,0.04803596023738958,0.0110157666038891,0.033407033472900784,0.03392165168379278,0.03445138246998981,0.03788722681904054,0.03993085817026464,0.03632868427782346,0.01612426586953409,0.02122242262968146,0.009562102512010515,0.02079074273740346,0.006358488553732638,0.01864792094072531,0.01534934481475145,0.05610501907019362,0.033089694257830427,0.04459304636961624,0.010973363704357964,0.019288472320108805,0.03772552395871256,0.018750704114385335,0.021711965318200906,0.02623895212204377,0.01573663338756648,0.0364681271918562,0.021742336899385643,0.04544512173271517,0.017617653420302887,0.04694350902579472,0.01810485179878401,0.052106873211101884,0.04856247672562599,0.031368281947157586,0.03328868744289393,0.028571588293928092,0.03673644762021127,0.06968439008899384,0.02594157364308695,0.021807678472959374,0.015987136930291985,0.022552428354892993,0.04466068803206408,0.03416221793434119,0.028303831154165193,0.008647426478062773
Michigan SB 147,0.02419497611668773,0.028733939876077988,0.029830679804349513,0.017422588301063524,0.023536610463008204,0.012010461927546758,0.023070098378923307,0.013437747055492017,0.014075308147775509,0.01464136680032066,0.014882618663579107,0.02537577842763614,0.012064677275893703,0.01484924594517686,0.033046424996285184,0.012860180912342211,0.013700929914322322,0.025720431490096597,0.0071374761312089025,0.01567503129774407,0.02954177230813624,0.03234520464511777,0.017120466500819886,0.018287373249048843,0.03189262903376991,0.028495164891690024,0.016320209760706066,0.04634751863963257,0.021283781204536337,0.04478002779456601,0.02072760366067955,0.03779560533839878,0.007512343964883126,0.024620619819314647,0.015947497915498147,0.018301415854669968,0.024848879298262162,0.019706406065074178,0.022911093010865812,0.03263510263521806,0.031590503299951674,0.01037145796211274,0.00882761786599601,0.016408416049801984,0.01741041899250131,0.05082118012958563,0.026866522890648115,0.020398500083169253,0.04139963449221879,0.03806873684347972,0.04609436082007506,0.029688273037000792,0.01420947706928116,0.009123450422358235,0.015727696845557245,0.03310225544335019,0.011788643299119203,0.023045170251764585,0.015399454042019051,0.0265643071600736,0.014744823419530241,0.017547361053916428,0.013297156919728222,0.026576529880118584,0.015589003892550711,0.053654956144457935,0.011917909600076201,0.01624346667430615,0.019607148626874953,0.011824757777605608,0.0064178636443552005,0.00841258669757815,0.006129674978204471,0.012270209959829597,0.015536306937236427,0.046579085109552935,0.0058606008010409555,0.009820773784927319,0.02848823576428319,0.01962973672204831,0.6059958241487542,0.1158916303300762,0.07331028501645101,0.09507249845596616,0.012059279023239196,0.9999999999999993,0.03821027976538185,0.0744677375117458,0.05194983710702948,0.07733184158347826,0.081040766482549,0.07388322165781867,0.07203638088721334,0.04990244692535693,0.09449558488096109,0.06724267424883254,0.022425927971704444,0.026262218694294934,0.012372649811141556,0.039541089401879774,0.025378755820932932,0.02736490381651238,0.020827753003594525,0.023874569341037034,0.019694159652062747,0.0075277561563075615,0.03455506771634154,0.03384065151039296,0.026519021968150005,0.02786553151588026,0.016379078934048188,0.03014239405331232,0.03019335348801183,0.017198356295124503,0.01984445055678772,0.011156831530720944,0.0162072158188825,0.023512322710019636,0.010462869107470194,0.035273318300242246,0.056415124337831024,0.015542044096296392,0.02584225175112088,0.020304882738552108,0.015299975558222384,0.03176931701035362,0.021899742066647597,0.04358144329259512,0.024353645710464767,0.023207075891621135,0.014697380457996071,0.012710089642850173,0.007545940533359522,0.010852920195913992,0.010737463193636828,0.016498135658953295,0.019965379232367398,0.042198588471650755,0.03138058297183283,0.024595860007381728,0.01765475356613647,0.0208914886055941,0.035588301463651426,0.021863656922296505,0.025246782835220107,0.008993660335667496,0.018039574288060894,0.0513632653665053,0.010251609351970163,0.01934773584981827,0.01500954852720485,0.027390464251123566,0.015692890844791387,0.01692763454798762,0.012640597535730966,0.01260049681315821,0.018246276158658474,0.022984374766179354,0.014776502510560294,0.023316282538522175,0.01602855652345505,0.01438862621593166,0.021820633798587813,0.017080542646492638,0.019486945440196385,0.033626756476993126,0.02020205071796614,0.03587790570047923,0.02122060427501537,0.034676133441218865,0.010977704623858166,0.034396153700571086,0.017508857238397887,0.06099183765011567,0.041083602595619134,0.021156017834169677,0.01780607866192836,0.01982907967552223,0.03278678028251794,0.022000678471573262,0.012793301622682371,0.028778945017988482,0.020673009427674315,0.021927854863907786,0.020518835010076928,0.028609825542098836,0.027333771131603884,0.01832209272180412
Michigan HR 123,0.03348444298719956,0.03488141917239643,0.04420356787726212,0.06015514279215371,0.021088484333219616,0.032857965631322573,0.018547982094127644,0.01707522877231205,0.03809743603918736,0.0058002918800765125,0.00935346542031985,0.020723628638906106,0.011419716609125012,0.009046137217217093,0.04859027617453513,0.13719790217572342,0.24082830882520134,0.10476261859955432,0.0229644917517651,0.029794595138761575,0.04980552247583792,0.04854019810423487,0.17748744842409173,0.010309850523547135,0.04062651398568051,0.11314688386442184,0.052485852620374765,0.05701802315900195,0.023243266412534432,0.04487963044735452,0.024875255238050637,0.02607294587517982,0.027781644517600516,0.08398843462810822,0.06272816979632237,0.06483518840349527,0.017407814573111455,0.03637231717855472,0.030390003947983888,0.2726580301540355,0.042755093863911714,0.14805970388418407,0.04204928869677522,0.1277353710617298,0.09850753126427791,0.04899035482525236,0.03469980808606687,0.020839487857141528,0.05336376038963022,0.041098084543598534,0.07191461121732667,0.04049739382727203,0.02529974369406095,0.018252002305771706,0.009703740486013352,0.020452627324863693,0.006851264181635562,0.02334237784136139,0.021352123572925406,0.024986149925190444,0.013398999143029345,0.019469382837198915,0.010599807424265502,0.027107721000646484,0.023934128068424248,0.040487648401339504,0.06723594367964221,0.030322068779376307,0.031345211814882964,0.01935005981447868,0.04622962743016932,0.013724480333865514,0.019786265028011653,0.020893514222037345,0.018297873609760498,0.032328692611359434,0.007719213124475646,0.0280743801475462,0.07799966926304412,0.03959172811105525,0.03629909743343636,0.061186076474930275,0.0380013363893085,0.06105282975427365,0.16349957494044895,0.03821027976538185,1.0000000000000002,0.05279564694366712,0.03334790620810277,0.06474947820834229,0.0487231986363528,0.05261466546956558,0.06385653120700563,0.06273514770840155,0.05617363579482461,0.02516268489275613,0.054354510456257527,0.05460678836835233,0.02905657815971253,0.02904931899240105,0.024007853391697476,0.015379357398277857,0.0170779571936559,0.016420119914162288,0.017710171391863507,0.02350020296541919,0.032751750510444516,0.04127696864461046,0.046811215866620744,0.03424777566013359,0.02643524910815,0.02564914126921709,0.04782399869169769,0.02037307073766145,0.04510102463666937,0.013707378235437433,0.0341122684925197,0.028940222650679935,0.011775940101582597,0.05418183735468438,0.026279437696194535,0.022118822606712333,0.06510750138505554,0.0168436838032355,0.013052993210344676,0.03818978662292339,0.06505324236291761,0.041775762434822075,0.049952250592074816,0.04090762654327633,0.02273004974330983,0.022902873442364424,0.02153911902515758,0.0194406509247079,0.0336325365506921,0.032025650393392585,0.03433673507396526,0.04838535394240787,0.0360772446118206,0.03139517889415494,0.02289912689980547,0.016674388762661495,0.033280697589363285,0.011204081782516206,0.023019314812917722,0.052075371024668866,0.03723310912552944,0.04961945297671198,0.023660424182371034,0.06650208166013696,0.026911926711044042,0.024309469192332026,0.017189964295531258,0.029381676487833026,0.008113217728844048,0.013514429756161102,0.013192237065735064,0.040298226691969766,0.03127704868669092,0.013719192611036784,0.012775759392590263,0.019337354988061533,0.02797384940602737,0.012477750574000194,0.013290879341711161,0.03642456070871888,0.019432807218180907,0.04206423400415681,0.029252254330416432,0.030584162775311344,0.019254425218968,0.07165029321114821,0.028608628824865534,0.04613148803897488,0.04956913646240869,0.04292233835066348,0.015237640571389044,0.02059408241864037,0.02431003090672123,0.06450765041125171,0.021092619210039965,0.02769688728947343,0.011349798528955768,0.013798493752219088,0.02565825895866788,0.024086341914741655,0.038101335943802966,0.019698186657551377
Michigan SB 216,0.015185330286661686,0.021527682949456655,0.029112451049390534,0.012431003333955084,0.021627023291842108,0.021976570830158963,0.014301654575720378,0.033186227979845766,0.012876658940428422,0.015539746141727708,0.012469882684563026,0.021851144332856055,0.01935777841310483,0.009609667061974695,0.017113105226257155,0.016905806057837564,0.020149898759638844,0.02757589955624913,0.007999696139686338,0.010463154331317538,0.02738718533733975,0.03449891978329598,0.016742680790872592,0.008761421730822264,0.020499829206469308,0.013456335769238392,0.017254603804445802,0.0480235898213958,0.014747440375871994,0.06127096327248988,0.024116081736967835,0.021748636639526912,0.01177160165570048,0.02452752441628797,0.011904682462707589,0.021591023171444255,0.030915619594551875,0.03943900877787461,0.011073972990092917,0.025682055709221954,0.0216372110371322,0.019605852181177524,0.014653727514339467,0.024437004895272063,0.02887227362310823,0.04125452122547517,0.045181002730904786,0.04768258426698896,0.149324366724883,0.02484707518709588,0.013515674888176291,0.03144190310600209,0.01088246998091975,0.011863725444125554,0.02094633266552191,0.015360314945563525,0.010019381526561667,0.032582402087344885,0.010774997498202578,0.030123377584880956,0.01636253811231302,0.02114794307437732,0.01198049492117009,0.02760535934236301,0.020555389551714053,0.012249507826263066,0.02718442476625941,0.008308111501052004,0.01758865208382177,0.008365769011679704,0.011089726045915108,0.0061982074131813935,0.006720122741328627,0.006640305590578599,0.01933937836583929,0.03239454506604369,0.0043288956836651194,0.005935919789390651,0.03369570187358894,0.01762876033620369,0.026692373384206856,0.09210057499225371,0.06529694836172487,0.15891532643008313,0.025627946281897577,0.0744677375117458,0.05279564694366712,1.0000000000000004,0.10284556645462009,0.059526483036684015,0.153458550060183,0.17870654876913206,0.0780616367526468,0.06584051410248022,0.10850798972827456,0.06597680403904876,0.009549215346183916,0.021389927327151885,0.009794434619454968,0.01606066501690882,0.06518636536119644,0.02115038241718605,0.012709014171783868,0.02587559065702448,0.011937235619205365,0.026527575681302755,0.023729103099517732,0.028063793624487087,0.0306399722760864,0.027083043811351716,0.019822063314433216,0.014222837739725946,0.023258169335096855,0.028898052487824823,0.02042200581114027,0.0066105336185692766,0.02087575296127889,0.017140698545577957,0.013206387029786498,0.02619877573553016,0.028654436723885696,0.015136382245228943,0.014457454480229759,0.017499058399555862,0.01143189129664352,0.033679169417576364,0.018331434611761403,0.16092449954704716,0.016030616848678177,0.014882961460946881,0.015128496750645917,0.012971397751924246,0.014056960389174806,0.007145877667713392,0.010829721273770453,0.007755052755759802,0.01501788314238669,0.09128571647499081,0.03666936881817068,0.0170520681298098,0.0735132344649614,0.023382685032165614,0.08438916803093675,0.01380549511929686,0.015297461505621592,0.030891075782475706,0.02097180434397651,0.04136674958619062,0.011346173582114242,0.018952110141125737,0.01198039002184447,0.029548337827424838,0.02141520023376032,0.005650066466071404,0.013704815860019709,0.013496251553119934,0.07346038979265464,0.015041613991564189,0.019694875291636677,0.019720395120652073,0.011115961185370683,0.020079675194532604,0.042190959465796665,0.01330050169707753,0.009149452568971806,0.032458263902422305,0.007088200952580084,0.06312373062776395,0.008930379057945902,0.01721793225329716,0.007363725406251937,0.020015237369032705,0.009206450689456636,0.07891152759712856,0.03711508950703646,0.018960383704161102,0.01981026783117093,0.011925607962402683,0.018725403669192033,0.019966236498509406,0.009957668319178447,0.034269316730691245,0.012349987935833293,0.01607286046634653,0.02060448986529154,0.020991026838784878,0.031869053712306875,0.013069385786187835
Michigan SB 68,0.022610237048787736,0.025572388522192152,0.035109562302962985,0.008922975065451852,0.020880636390925477,0.018514970385549844,0.013902553092730124,0.018375845207637378,0.02430561297145163,0.00842782431201176,0.010559656395877411,0.050892662045447526,0.021376184006398236,0.019432726878398004,0.027632140272476353,0.011915673520020965,0.013192456298215818,0.021778634143849184,0.009750493789624998,0.015133599854723324,0.027987474230967636,0.020230492074324934,0.01745026424614602,0.018803180842744953,0.07211554642846069,0.012879923053178687,0.014037728341891284,0.07089678374026663,0.020239043597870206,0.0338815536528405,0.021069610795952962,0.029712760641936977,0.007222868809196654,0.02714020161607583,0.02188450813385961,0.023276813974957386,0.01960629460093672,0.0435085513548524,0.01597214595021556,0.03902252483853329,0.03928671694775758,0.00777681977502092,0.008145366110118634,0.013324357149325535,0.016506020825179216,0.04697812139811128,0.056274538302370745,0.052750431416316794,0.033742913936842533,0.112507401387162,0.031061053029432826,0.023554415047814248,0.012636479423780544,0.007675644510365166,0.02503568626610096,0.022580432766453728,0.05714814172267484,0.03370044839042241,0.007688698191455435,0.0482453578062959,0.009788529953376717,0.02945319504357398,0.03805053754291602,0.027541954507598655,0.01594398372054859,0.014153680049859845,0.01461846138095614,0.016417915642491298,0.02163116977997943,0.02168765736563508,0.005515688976670922,0.005811243267207105,0.0038839164052452643,0.008694183115923838,0.03386991744950962,0.037692192254239004,0.00673545808637346,0.010562175283369791,0.024873233260940583,0.025906035762119892,0.027603523873000982,0.1479151138786103,0.6490195604380545,0.14037589341059087,0.020118371650223076,0.05194983710702948,0.03334790620810277,0.10284556645462009,0.9999999999999969,0.13702076150360387,0.11266100539494976,0.09743789115352253,0.09724568958239423,0.049098500597933845,0.163644706052974,0.08960760903195382,0.009544605540801469,0.02121929231297979,0.01161317974866809,0.03228309591349158,0.024920046771480426,0.009435745425689862,0.008782292898071234,0.01428351858521829,0.031074119310828773,0.0100316150165522,0.03681502800622284,0.03193374561368622,0.02797618310366895,0.04491896832072053,0.025187519131029804,0.02001560626218986,0.026917810512546388,0.01663427394611588,0.028199915859411902,0.007238287331777909,0.017683778839820894,0.030203911665546597,0.00778062918543643,0.02421378555395891,0.03979519448579012,0.011856208729632394,0.03063838889213217,0.029137099122048028,0.02823758090349974,0.042000036712678046,0.013400231576404546,0.09063104146459439,0.02502723503445854,0.024101772367218922,0.040547709775848206,0.010441146524305542,0.009955465656249864,0.01163858088767274,0.00622427802436491,0.009812989133624503,0.040941764884691284,0.054568158590982095,0.03733563392426776,0.013011956527523034,0.02731001840379119,0.019575501980019495,0.0348570196960085,0.010726282794744201,0.01595796594207122,0.017938346567193727,0.014559369519980983,0.04248495230238054,0.01532206964242508,0.03441529285997899,0.010288633857790797,0.05214108230086093,0.01661223839422735,0.010345072441484478,0.024741454492749202,0.02703968506506827,0.027569255635856684,0.020423197835347285,0.017285336544206532,0.014179686482887551,0.045887912491546244,0.02104410050828376,0.016746496324288197,0.04766759778828305,0.018200015534386674,0.0844058336021266,0.01710736696849683,0.05073765036044197,0.018029460165908475,0.038100850412804074,0.011041187916949349,0.022052371398281943,0.0031779632694408718,0.06272699543875931,0.0452701137156719,0.016485206577815482,0.01315241832440165,0.01509091543517447,0.018636985468002673,0.020813483694904794,0.010344226834209559,0.01015151152451648,0.015857985379406084,0.09335696289300013,0.04610087054677498,0.028956889995495325,0.05055860730914587,0.04417294729652927
Michigan SB 474,0.0753177587645267,0.1393238877228444,0.24414426486699722,0.0362236773252137,0.06432354228268396,0.04390206434731693,0.06570320691859267,0.044401032561672056,0.03952862938130551,0.05612806712897336,0.01895233884090908,0.09480598952823172,0.12028683172511982,0.03393488046202038,0.1096659601289061,0.030861738454100597,0.03056154582847703,0.02796272970229433,0.05535566413353016,0.07489378388598505,0.1813177889750149,0.11453054310488311,0.045903652451708486,0.07091560948561469,0.10000389311132014,0.12227591948332539,0.06490028434989108,0.1929526591358881,0.12765928622859177,0.17470640224032255,0.10166891518528678,0.1948616217063419,0.01670529861361034,0.08729788156653126,0.06661726242874864,0.1302871828436602,0.10445453147354625,0.08960606116966886,0.06170525079416538,0.1391032074910478,0.15861450091869672,0.024909737070319002,0.04808625587945147,0.04528919647276643,0.02951363017567277,0.16656617179403005,0.18642877322603668,0.06214559773587782,0.1635352606106047,0.15118880595384906,0.11207351233008213,0.14834461046115163,0.05792254958502852,0.042902165047062485,0.1214924176652898,0.10664794530904256,0.12234620877376791,0.10707594753326868,0.07675553593985524,0.15526795272629984,0.0809126885913262,0.08954240714572277,0.08009895097631042,0.164691345138286,0.03790608959156442,0.09431904171014742,0.019669665000384133,0.07047128463224515,0.08179959039734937,0.023896004276590523,0.0521251862788649,0.03225090411462315,0.01976197235528013,0.050667184147034916,0.0894155668578928,0.11633177871972644,0.03914926761782827,0.05123769670226017,0.18429394907409175,0.083991470736375,0.05851230190104669,0.11612252687111006,0.07556835074252141,0.11496895283407667,0.048152122293720505,0.07733184158347826,0.06474947820834229,0.059526483036684015,0.13702076150360387,1.0000000000000067,0.136814197161282,0.12325174199537756,0.15045182496101162,0.16622250388325105,0.1285717445536129,0.2009020798184658,0.04623100714679737,0.15449990570979336,0.032858153660663456,0.12239718644733467,0.11163585465680739,0.04663447081438723,0.08495703025578129,0.08535854081660996,0.1333808517256529,0.06807838161371431,0.1919911611181472,0.2407683905441228,0.1520699680290999,0.21041665717902097,0.1400608508179782,0.14132372143970795,0.10192944474915633,0.11307268150431515,0.08430454525764153,0.02429597117698164,0.1160306537694343,0.1393523631628065,0.03596147588423043,0.16777582420981835,0.16532603523054284,0.07655840113727827,0.0708188971684136,0.13134185264657566,0.06441095471628956,0.15044638832662433,0.09480157289959659,0.19404164577095934,0.06796275833101341,0.07601117911224262,0.04913245357983117,0.022105074142194536,0.04721357091012373,0.05470085575190292,0.02481023043819406,0.01968191889101366,0.10499621768598018,0.265169685533886,0.18020701671503614,0.09893421316732467,0.07123691296807616,0.055513139402072184,0.2176782733649063,0.06224345816193176,0.05404350105358733,0.02649479637882296,0.10095361477017739,0.16457633252719256,0.06303903016663923,0.08918988840461324,0.015266283729006628,0.18775827361844313,0.015522298640983517,0.0371920788044248,0.03415565868263511,0.06062365002893555,0.055027439969847866,0.0220755673818446,0.07703744014882538,0.0606894539884113,0.04724441813150155,0.06709142736750699,0.08759161101497831,0.04808192387557676,0.09283574272144758,0.1700036560768329,0.047568640822986605,0.2784893903201197,0.06125364217396021,0.17476495735308,0.05071317468008023,0.12338559832978771,0.02842940266082562,0.20533560063137254,0.260557791702956,0.13550853793089276,0.04132174937475529,0.06700997213028476,0.043716469808037235,0.06714127263994839,0.05589039394131365,0.06776061283752884,0.10221816886100231,0.12560839693914444,0.18621558822190348,0.10210071241260216,0.10446307891996114,0.07444721817707058
Michigan SB 476,0.015569661099764183,0.013475408795318269,0.027407483234527776,0.023182248880893694,0.03237037593006512,0.025183414173934472,0.02157938490819133,0.010241669885739674,0.01709065144751619,0.013683037512122371,0.01809496481303362,0.009233560938694917,0.010708824009323529,0.016362966091010563,0.012807608936157943,0.015974028626157113,0.02059494518279757,0.010886608336819373,0.005043924360035186,0.009304282937998672,0.019912489239300644,0.013397547411900673,0.01912459502431574,0.006409498447200891,0.016279715842464917,0.009149628945319713,0.009731228494664197,0.02091233907819893,0.006727107031338942,0.019908112014027462,0.017634145016623907,0.01515537971838817,0.008230922576455451,0.011629361503800652,0.02105818226591157,0.01856865617269265,0.01662857839422776,0.006143026700415664,0.024593934824000047,0.032867091304620316,0.021440676348277003,0.00934772931749979,0.011468289950920734,0.0192295783213579,0.0196300744727255,0.02754716438070187,0.04923005435369214,0.012230729052918365,0.015508143602163028,0.02292009928540822,0.042481536039614284,0.014454725683443678,0.014795730300588748,0.010966102225930065,0.05695373637823386,0.01892409128959641,0.022962548211774913,0.08280533959751978,0.009118280138558274,0.05601571766011122,0.01194046195417158,0.01276000791194748,0.013074635145833059,0.017175209670741785,0.014845797629280727,0.011160848860711748,0.024601199423438084,0.013267307520763804,0.013395002692629152,0.016476224172662493,0.007428624600268448,0.010601628548129044,0.007121816601946216,0.011516292696585329,0.011569538434206939,0.019077543284945767,0.0035398433580045782,0.010685142351706204,0.020269269026514082,0.011658589008418301,0.02393535476440598,0.10958877024492017,0.08275040726501207,0.18650497890525547,0.021663697245722664,0.081040766482549,0.0487231986363528,0.153458550060183,0.11266100539494976,0.136814197161282,1.000000000000004,0.30365774833432163,0.131302382661046,0.08650184006017393,0.21041494280352005,0.1288537368659751,0.014147590414531801,0.022931883476757103,0.01810333408381468,0.015560884149310865,0.014047389349447874,0.01061017053809784,0.008137867379139432,0.015071047497645278,0.00951003316659677,0.003872907808140184,0.013691592257048293,0.021561306283725264,0.01252312323510777,0.019369914380171407,0.014917066217427334,0.03823447258423395,0.014544169703176442,0.03952612373496677,0.10697181592856625,0.013355650233260399,0.025087890800895855,0.03218959002096015,0.013517634497348833,0.02975618549022612,0.02995259361436517,0.010125486645775054,0.019933424526413057,0.010008254122902807,0.008899695579866591,0.01250137904470425,0.02471651044524398,0.022558522527149846,0.01141739695249916,0.013989521415318446,0.01211767653960625,0.011821057230373145,0.009652839121839512,0.005284524516949507,0.0030300455898144077,0.010047864401646229,0.011006606341727534,0.05093797459591266,0.030762161859422585,0.008537293099488603,0.014906774207231153,0.04591501954514978,0.03790443155131607,0.012506280092161072,0.012729405875867896,0.020717609439817125,0.02588433593426605,0.026780711278279346,0.0073023379060834556,0.01987615170092072,0.01304148127327691,0.047535891140693426,0.029901877160532102,0.021464895392126523,0.012862991561957575,0.018782348326783514,0.015455846830754598,0.024227175252059537,0.010467382573497976,0.022043779212753287,0.007733644382630765,0.01033353313588846,0.009639439724944986,0.010045951456507001,0.011192985096359302,0.024771375465879056,0.012254437805206563,0.035055064970128585,0.02261619716147612,0.02766549466285477,0.007806999485061145,0.028792356035604035,0.01959460816656202,0.03153987835395097,0.024847371401648645,0.019533667659839316,0.048093077873530204,0.015693146601295928,0.029651109534422657,0.028186439467599956,0.010606481540092394,0.025641690619731174,0.02232924655293846,0.014457784269159188,0.023883602567247898,0.014109121015675284,0.04054911626872106,0.037088624404379746
Michigan SB 477,0.03447351042694003,0.060028991741267766,0.03481670248392783,0.02358069939735566,0.0281943820724734,0.02762072053790874,0.031332421150463134,0.0559756005376596,0.011757377036143749,0.011625109976521943,0.02683394378021773,0.024719785002080955,0.0313843045563417,0.027803475553239684,0.06710888934005611,0.019683555611069548,0.022549508134941974,0.01954414095416098,0.0335865227090648,0.041377124328880466,0.08491706079889001,0.03510431135285774,0.044622918362068914,0.011557481420731822,0.055780375901265326,0.046668188627012164,0.0389722383876279,0.052802968186372354,0.02785550112160009,0.05959371753721491,0.03483702009995222,0.07980303014883476,0.010114709102507344,0.035410350447168455,0.023096200593637997,0.062425076263233154,0.034019326247256426,0.019892436591482227,0.09186913251793402,0.08196906566360182,0.03275494638253506,0.024588385757407655,0.016430133374845706,0.03881954706541029,0.019332687763200174,0.058783301874487916,0.044346912754184585,0.02715177758916786,0.10322391541494298,0.03941066309268978,0.04139063606385524,0.05625940142240196,0.021779417355166246,0.014587587463832435,0.034973253070930986,0.047243564674500166,0.01818212615179246,0.04659772870380898,0.04791452594969234,0.029573982284480542,0.026367943019483323,0.060188947500871975,0.01840477118923564,0.04959389399753293,0.010429732271208258,0.047433992238947634,0.020963438562310657,0.04788163572581333,0.06288904512721404,0.011202468780934335,0.02519167503368822,0.014587329997030081,0.016332986174559173,0.02870521135745382,0.02273678789169175,0.050592257379753175,0.026985593722179603,0.11993032293129714,0.06345090180043707,0.029894675633920263,0.030511967488929932,0.09819119885576656,0.09219212971234446,0.16432413483160235,0.021508463627913147,0.07388322165781867,0.05261466546956558,0.17870654876913206,0.09743789115352253,0.12325174199537756,0.30365774833432163,1.0000000000000009,0.1236489253337202,0.08761405958027957,0.22055568141623913,0.10587166359523921,0.021149791664564672,0.06576077688030765,0.009885230523590242,0.025340017864410362,0.07650964532390542,0.03342905026951743,0.03750717843768776,0.057777036042730406,0.017945129978627353,0.0509714215805562,0.037180076120725186,0.06316192032499102,0.06275542832551378,0.04523002934209141,0.048335821018056245,0.02543366747501855,0.047157244025640456,0.023106222578737984,0.03273003576844688,0.009124019744371636,0.03712056334917677,0.02834755955648174,0.010422698092917496,0.060129692295676995,0.029991760813251944,0.03780202480648818,0.025157433859026808,0.022156267048813953,0.018428437657514264,0.028729141747539128,0.04093259442957395,0.04780499779612695,0.027980253494285377,0.029132912760711418,0.02602149619512603,0.035080560215834965,0.026080125027276743,0.04422151913732292,0.013395435145569531,0.011932524341079363,0.03352480947105474,0.08963977911516911,0.06750242973634743,0.05077030518306949,0.03535794290828113,0.02177805481704479,0.04639935670793298,0.042895174351398654,0.03337849926931475,0.010256477885943182,0.0561359694777415,0.04058684450540136,0.03790969744837989,0.05802767267100174,0.011590151167721333,0.036949841549881374,0.03553329719189395,0.02998471150047915,0.009219582971031554,0.024633097630880767,0.03578252082947716,0.03273618987912052,0.05105830071726309,0.052759209618031246,0.018326392536308477,0.03422769379003614,0.0717104749386064,0.015997378944078922,0.02039720025812186,0.057273935246992744,0.016927244194229724,0.06728690251558903,0.035876170461108615,0.03492942966934016,0.022200959785604137,0.07377491205556541,0.02129210323875139,0.08069294104384218,0.07462090532402574,0.05425606917116495,0.033021356572317834,0.022083844796452357,0.05326882220688259,0.041830676276041055,0.048199402849774746,0.03345699834099156,0.024976698745667505,0.023470990760712424,0.03175884545307372,0.029182900109827808,0.04090202099249362,0.01920026521368936
Michigan HB 4949,0.09721118584311478,0.04305314100234517,0.040359165828948294,0.016926245484442732,0.03193457493292518,0.02511088436360084,0.026098508437527975,0.021919507493447853,0.039068889207916124,0.01406373011066961,0.019303842037531264,0.02314508772018768,0.02251234956697117,0.01904895981222668,0.03426169907226791,0.05111741564248419,0.04921686994996246,0.030277948722850074,0.024349769584860743,0.028823414365400948,0.0562137729407849,0.06106508215482593,0.02318809058917542,0.02655793185622901,0.05078205786341304,0.04107053887211783,0.048377199889822545,0.08637457039905766,0.04713023799026471,0.06893508820652348,0.031576265142976755,0.053334437299333466,0.013159441856935962,0.05972297419891619,0.022409250348536396,0.08566462573357017,0.040476223578314416,0.024887080067454978,0.025842149106777523,0.05748994956037287,0.08340506992665407,0.051759998348612016,0.015893602491880602,0.04230771337594156,0.03150355522585671,0.05653258849592707,0.04527726472008378,0.06650538752376235,0.045209368812007114,0.06156120134407323,0.06521620370840622,0.039558239628131105,0.015814077762096878,0.015911318376754732,0.03913557027028927,0.04183272156059229,0.021724798707746188,0.04017117185054576,0.023163031063354926,0.03716046143733442,0.026824944889271892,0.026008344593733336,0.02454516185072325,0.03215239737106095,0.015352507057366705,0.04303442798870277,0.016907698646670754,0.020449061821894057,0.027911817044318322,0.04138851135715891,0.09151180947079954,0.013345063309833167,0.011871614204867686,0.01642593582965816,0.03145447989009025,0.046830506718028825,0.008914493325965042,0.03236974667847213,0.0723274558707003,0.06092308292986983,0.039985912840199124,0.19716128917184336,0.07949660519612627,0.12627049843628402,0.08958290386757792,0.07203638088721334,0.06385653120700563,0.0780616367526468,0.09724568958239423,0.15045182496101162,0.131302382661046,0.1236489253337202,0.9999999999999983,0.12313400927355142,0.2866444293138349,0.1522107549925694,0.11939142582293534,0.05491036644426647,0.011562002386402849,0.04792143304338794,0.03975731610083157,0.01739489978300219,0.02342820861285496,0.038130618891361316,0.03301353390947287,0.015975756864889813,0.05117743134618023,0.05580291654517754,0.04635141324117685,0.04296549979176563,0.031040433898977562,0.025693127286163117,0.05513607744308856,0.032589962762263176,0.032588893424428715,0.02709872957514601,0.025052595463024633,0.03201730069975342,0.011015237074730339,0.05160854816655082,0.058001102336484,0.022520272987406893,0.405766443277407,0.024527270009992535,0.03233364096279941,0.059580270281327424,0.05476826705587149,0.05243311287416491,0.08158620965334153,0.08566910493499336,0.023296251243225968,0.00747776691111724,0.02476648091891086,0.015239577379076918,0.020660861136856713,0.011089712100367686,0.04847082439372696,0.0686409878472736,0.04318407625754601,0.0422691919292576,0.03157669235590567,0.02330465950203717,0.043892045479255085,0.019987438705437656,0.02938868512347269,0.04584924172254649,0.03638397492376043,0.06405460860645282,0.017464697448939772,0.044391721603364735,0.016637674059165605,0.059756843664190026,0.013053489170965634,0.013591574508063175,0.007480278106146223,0.015220739153780938,0.02680984029420646,0.023686689183655102,0.029994452349533907,0.025526861793126788,0.016509833438505938,0.020754831787898574,0.022833768286204106,0.01615044494628549,0.021640717474929915,0.03961174796440768,0.032679428059850024,0.059168087555701486,0.02664051165889563,0.0485525706974,0.014158891321101966,0.07267072664633824,0.012616733098932955,0.06591798859422851,0.062306887636408265,0.03650475289149169,0.025507578609273072,0.037092882541938925,0.023545803094898447,0.037723203452747364,0.021756394184003318,0.02655345975189223,0.024764560258022008,0.023664008812808997,0.048923724867801895,0.041762584589703576,0.053276896330844696,0.021810525920212216
Michigan HB 4951,0.03887345558427611,0.1171493139930139,0.055840064405183236,0.009457541282310909,0.020242170998084754,0.037220035494645524,0.06453424766710268,0.016183141955255713,0.0091361757806971,0.005828811698551403,0.008134840103250702,0.0364315132897523,0.009081563997743037,0.009212111882084593,0.02895559630836444,0.012171961938167887,0.012986561858730254,0.009820137618187737,0.05108308567965278,0.08887976328468737,0.08628045661863736,0.01162163001343044,0.03258360142309894,0.02438444956491297,0.02966438986519474,0.02510338399709438,0.012604837258212681,0.04513118551780904,0.021189647947172003,0.08391862749414666,0.06393740434005012,0.069255923225415,0.010746718429517944,0.02641287073644182,0.02344301895955168,0.03685087335892382,0.0493373343357617,0.029784509870382753,0.020636425435222018,0.037604783077484466,0.04074012052723792,0.009337837508931033,0.009467098185425024,0.013541982095022682,0.015092275817863479,0.07714351445372813,0.037564914137185254,0.017062903980131043,0.06402014913980594,0.05090452182783887,0.03012614551828977,0.0429135565916964,0.017540085835613922,0.015217544150301854,0.023144832926914067,0.1053955248115949,0.021817011825971202,0.032281813709924244,0.16862505820579635,0.038823973325837216,0.09319941845425593,0.06171356459738888,0.03131207584881333,0.026644382204930164,0.012779718096671543,0.043107292228222065,0.007826256322780252,0.05882013327062642,0.10575959291973425,0.019662844999583942,0.009206283756555583,0.015415080859643132,0.009780119715229029,0.027564368970085438,0.024227786519661454,0.06665954823557949,0.09999295949815719,0.024771386701214343,0.0439891217136299,0.01713634947031991,0.025087056834461715,0.08923266323590658,0.05214490926889337,0.07111336466686416,0.04090486876925011,0.04990244692535693,0.06273514770840155,0.06584051410248022,0.049098500597933845,0.16622250388325105,0.08650184006017393,0.08761405958027957,0.12313400927355142,0.9999999999999992,0.11098434086094083,0.1541487319831707,0.007738039406644464,0.06583048528998674,0.008221595261727551,0.0619478319435685,0.0466936870996298,0.01603785817635708,0.0985925101674709,0.03449193856741324,0.024199670373632298,0.0857517869066557,0.048612057173124015,0.06707028044441213,0.06593008664080499,0.06629749924857802,0.037644613366702016,0.050818866584013224,0.02634840554094068,0.019119393636573376,0.018900615628906724,0.00865141901198287,0.021842351514337378,0.03075122727412661,0.018308654032728956,0.060094695551783775,0.0437477609768437,0.10419077420973395,0.013032247114654387,0.02575758446414678,0.050661630463022966,0.036162644765932145,0.040130868361153184,0.07314262144974198,0.018906943108274336,0.020903976309022295,0.01327255838480202,0.010391697528809918,0.04954204851814584,0.044774087791481725,0.005618442019936088,0.0058913661755893385,0.02194304675019791,0.05827279283577227,0.05273287424223322,0.09843350944905985,0.019837895152664566,0.017312537807592347,0.03166761789274618,0.020492232125574817,0.05240258668068481,0.006328070194626373,0.03942053394192023,0.05031760045575282,0.1004829114990849,0.02363097585152507,0.003935333231178587,0.02604605089192799,0.015928090301814187,0.008975500763925138,0.014073277618163047,0.013099922819603014,0.016449526652516238,0.01414965278362126,0.018496495627676458,0.07376616646742858,0.013065408131671875,0.038042752929361184,0.04684764991589216,0.015721578177830212,0.05708267124814247,0.05156407187918231,0.025832843356942168,0.055448685336010724,0.02206115177885894,0.095962647055742,0.027005018196130274,0.034840994127272894,0.011383978545613647,0.10817132407130113,0.0541408533039885,0.032519056121669276,0.017433016358372484,0.05275592126432046,0.020246426353129884,0.061762540934040426,0.11751987770444906,0.03763768721538063,0.014948539757496767,0.039624376759727145,0.04125915322843597,0.03412757899304861,0.03562899380272396,0.024873757751534616
Michigan HB 4953,0.03287583986944993,0.0247502118104289,0.024452839555463134,0.008881074684743844,0.02220978459465261,0.02946169131267189,0.01572288486379436,0.014159761313511744,0.008274491551020887,0.014878489314970393,0.015507367819494869,0.019743913845885766,0.01329667732238028,0.017027227110374216,0.013810659373100796,0.011024851890616541,0.011128796441329468,0.014120338274129214,0.009185728194161412,0.027262762028314222,0.032544721404864516,0.020063643633186617,0.028189605885468885,0.01855725852754607,0.024557776643393932,0.016703283314759794,0.010228650871492873,0.03512670007492407,0.023191862735261692,0.046552623267141574,0.019653034836447834,0.037047174257747256,0.012102922279887511,0.01946177749187244,0.014997200605380366,0.01939053998992536,0.019578518809766805,0.01829707071323656,0.011492260135031513,0.018918667085768653,0.026317590870177956,0.009918309464494688,0.01373022137741262,0.021519434359311265,0.043336323130968094,0.042431792990775825,0.030573804961926507,0.035889140216219806,0.02367127023045148,0.0424444639106445,0.019762594909827267,0.022947010128893722,0.01200724288812213,0.009045312085135655,0.018472093920040372,0.02645503335201828,0.01797665770562358,0.02848880150369409,0.015310873087603297,0.021317870841586303,0.021251487863580956,0.025248095087353255,0.024418421079083864,0.024046863188145872,0.007069102095815975,0.021507778231670716,0.012627788311149366,0.019953336090686377,0.016561527397374643,0.009248545873970032,0.00838101184173887,0.019605564790527243,0.00813731577335298,0.016237130641846682,0.017070969418852194,0.03960134218489325,0.0046566028667420194,0.012589515271145607,0.021008161735024653,0.027849036595170684,0.03369876025944084,0.32482516687881224,0.20217322608509394,0.23275896427466355,0.0820740933573447,0.09449558488096109,0.05617363579482461,0.10850798972827456,0.163644706052974,0.1285717445536129,0.21041494280352005,0.22055568141623913,0.2866444293138349,0.11098434086094083,1.0000000000000013,0.2159030354157547,0.0057759347866472325,0.022350888144886595,0.00719313626889165,0.024500414721366694,0.02618953535951185,0.015615928131134809,0.016741663439659278,0.01828249792751374,0.016624764239928688,0.0046014413749013265,0.032656996927632596,0.029452148786598877,0.02247990340517272,0.027352044877801886,0.02511867123123001,0.017983934771375876,0.015694903657910084,0.010963749894761867,0.01415690063510354,0.010887965615092142,0.014167644402542425,0.016898478380987045,0.009805749848903563,0.01812248369620627,0.026338825685503636,0.01070009941208666,0.010008464773451718,0.019443500352398897,0.01649058408998383,0.03264296928420118,0.017186172248487536,0.04322197979077939,0.014248259573800262,0.020189045964561874,0.026830838896221686,0.010741565488304862,0.015887931928012362,0.010530627918314668,0.002613098664707632,0.006705744456449122,0.028956473660448713,0.03190222364765757,0.03033438406463215,0.02277909570430395,0.018351783202374634,0.019646551472648703,0.018088914120904555,0.014887035374204483,0.02418542348610612,0.006985344802050792,0.01661381707807839,0.03138557178639299,0.009485219199347085,0.020634547438052524,0.008393640250243152,0.021447677226917494,0.0257261230776698,0.005784788530644145,0.014969566659421495,0.01512200762147099,0.01872012823196073,0.01176381426689981,0.013794918825497094,0.02714621339005567,0.01592950741102023,0.014819348670588586,0.014220155406385514,0.017344385960816337,0.0159335051552466,0.029994192123256148,0.015242300423913835,0.030387405769374737,0.009474556193681673,0.030003760757239373,0.010323341939352651,0.02222064583061615,0.0036775264706421,0.04053895150830306,0.033885199046818554,0.016983505527577044,0.029462475877190673,0.012768567635628588,0.02252617191673751,0.024243415316498818,0.01440998797413962,0.015165862637038965,0.016873786366656887,0.02774995224001333,0.02199240005923049,0.027249900144150064,0.03128464936313551,0.015933026551180795
Michigan HB 4955,0.03099830377308229,0.0447688373612996,0.07291125333727681,0.007283118190001835,0.02359788017122828,0.02193978202069309,0.016323248141074078,0.015549096378073304,0.026555438256711698,0.01764648183711993,0.009887499789839563,0.034821422058500924,0.013221109720409867,0.011927589074875728,0.036935788922406725,0.00810762550317966,0.008272730358841017,0.013731765995004046,0.01537108470454873,0.02008485253899506,0.04806497260069324,0.03688851263126606,0.01574750041703963,0.02944755212316119,0.04588844319395212,0.04058333897895509,0.023673567494091545,0.08214320351563645,0.031972925210104315,0.061906100925661664,0.036399503820858166,0.07890231900136911,0.009311267813787345,0.03246932701176619,0.02321230739836795,0.02903226510612618,0.027986283426465114,0.029280093356394105,0.014241693810419186,0.033476892835076946,0.0689775766414335,0.008065930424331978,0.01440643303190555,0.015366050783245022,0.0145534908746323,0.06718456745054352,0.03797583351745181,0.036828469917421655,0.04607966041806438,0.06269571506948057,0.02490654520568156,0.04886123985493606,0.01634459793615203,0.012435600600500769,0.017386613402365764,0.036716668422860775,0.1022232014306204,0.03116816948241318,0.016326476993314003,0.035065793455679464,0.0347558476479724,0.03718608193033496,0.02020180496892395,0.025109237953210795,0.013224639683838859,0.03339434594005813,0.011503327087974483,0.02030436200207244,0.02302197801843134,0.015912508045152034,0.008653263326542877,0.010557901300333468,0.006879468901981009,0.014930405210153333,0.02964832544407352,0.047095582081799765,0.007094142487075266,0.01867109903325601,0.06005931628609412,0.053686661821382466,0.032036690880379796,0.14388933378573726,0.08090852093254729,0.10007831602922768,0.04022040235388745,0.06724267424883254,0.02516268489275613,0.06597680403904876,0.08960760903195382,0.2009020798184658,0.1288537368659751,0.10587166359523921,0.1522107549925694,0.1541487319831707,0.2159030354157547,1.0000000000000007,0.006870748811691394,0.04626998873511331,0.008236252845257256,0.05130473276798198,0.044187419106384705,0.014756631618033575,0.017306998953369932,0.021979257142555,0.046617054343420374,0.014532101071771643,0.06743836985917541,0.05505140132950209,0.03666148371830559,0.07219148710598972,0.023457309549535385,0.030796148337172393,0.03954986685345543,0.016773801333643795,0.02743416371850939,0.007939727409788794,0.02034271444655906,0.04356671451770215,0.011573032961244942,0.03718926824954091,0.04143424045194524,0.016365485276601453,0.013369964536290165,0.047038179707000735,0.02426329075711569,0.05001485209090858,0.02449355260641797,0.07194022227302714,0.03532071108066743,0.03644972261669526,0.01951709803950504,0.009113665744543718,0.01564398354894408,0.017217432230067643,0.01035111363360909,0.00870845807933978,0.04413082125995194,0.057587544897824736,0.05724096380578417,0.032695025892619835,0.03080387308340543,0.020765919273211867,0.042205310397845024,0.019474506547203167,0.022811540426861954,0.015902831470964912,0.017839164381036117,0.06838413923564186,0.01520706014522687,0.03816503609466478,0.0065372177021116714,0.03578888084036403,0.011663151159478706,0.005747051172451869,0.013109309277886038,0.021109558376545802,0.019007117948348397,0.009213958523392228,0.022171591083798917,0.02734221592151816,0.036779919734687916,0.022286099404278878,0.02744053231534875,0.03522760228386077,0.018208226839758576,0.03498050082474819,0.020578485220584385,0.05572889760969402,0.013117665063484284,0.048744891600120265,0.012355174544608216,0.04144790465154547,0.003621486013962671,0.07607175276299576,0.07088023044102598,0.03205332920334988,0.014538221318535277,0.015836637576353636,0.019103240995979535,0.022731767482684906,0.011347183691390761,0.015540976750434268,0.022532648274917935,0.03994083097138261,0.03665535718651955,0.041870985644218366,0.03322368521885823,0.016194080983727075
Minnesota HB 1,0.014580444691653554,0.026352212328042458,0.03691055391370644,0.032903782379809836,0.027966907210832736,0.017474172070885998,0.03759696640499945,0.019357727222573937,0.027937737593778805,0.00997423647171002,0.013337011627836312,0.03246299617468167,0.024031923416243186,0.014802728173475692,0.04345173553891783,0.15314814321333878,0.14571343072918957,0.026862660232118772,0.016745829514038406,0.01477205964998723,0.05469302411618768,0.07547747458377696,0.006564553600459203,0.01397194082172435,0.03392695893001562,0.04339036520094834,0.059459471656920705,0.11461322054857978,0.023167262190148905,0.03295041650629144,0.02904614608368578,0.022392478180867436,0.013408353406232023,0.12022495620755427,0.04182495660992153,0.11046934281745203,0.03391730465233207,0.045884213553865676,0.05681311440207748,0.03940002506314824,0.12151315321357294,0.12291781889004433,0.02163649221496415,0.13263306815581594,0.030026545915020346,0.03685815812979869,0.04140166169544746,0.015892495544284343,0.04631319578026189,0.038603396047720645,0.2077502233323956,0.0279446874900207,0.02366031919689719,0.011114225558298142,0.009054217340481827,0.021511949470143222,0.008535166242966647,0.014331211434655416,0.007796060655372392,0.01902922200601619,0.011213285790503466,0.010473914597104297,0.010827753418480869,0.01206237105438507,0.03282392081773079,0.0324556373291811,0.014205185853848718,0.02847727446196124,0.03286613233532743,0.04371574942089471,0.14170367506562456,0.004471838313391096,0.011726256898496133,0.029962003596823116,0.02282303164309782,0.0332548537870471,0.012339497752295515,0.08878265037321033,0.0777461104103741,0.04145364365118265,0.014265438503469818,0.006505471496701371,0.007638879809533858,0.002840156502030901,0.061552942430412906,0.022425927971704444,0.054354510456257527,0.009549215346183916,0.009544605540801469,0.04623100714679737,0.014147590414531801,0.021149791664564672,0.11939142582293534,0.007738039406644464,0.0057759347866472325,0.006870748811691394,1.0000000000000002,0.14426956014026193,0.017865938332349236,0.028217491968340936,0.019568758691787817,0.011784494815400453,0.011882956601675834,0.019155221076329502,0.017437069692605816,0.018596073798325362,0.02428815690405765,0.037691630248281184,0.033720816097151426,0.02712466779430923,0.016699053390940043,0.019211582408195985,0.06152007173413418,0.014291981170511458,0.032904560812309275,0.040000873682135465,0.013147027533639104,0.027553660585041082,0.007950765915369643,0.05550176028443026,0.03396490696736291,0.01017090879147037,0.21970760850800122,0.014200196282755276,0.014327891535580025,0.09693973340378655,0.13821731045736926,0.03344684339529986,0.138598654976598,0.10035752054234147,0.027555701637635082,0.011063782451060529,0.01802656363160637,0.017009462067635532,0.04878200187951355,0.016950700966172752,0.08945444156419413,0.04633460185900922,0.035825158863911556,0.026077352664062973,0.026541643711073825,0.01590894491423104,0.02902796307740872,0.01140566003681295,0.053157176070451485,0.05463666839870495,0.03285331984624943,0.08049412825752818,0.020145214345687078,0.06156925439531229,0.018648290403811437,0.020719466465372698,0.013595609056600847,0.0236841265231417,0.008538504244910932,0.012645753210136884,0.011173560041619335,0.011144223547879605,0.028873457163477133,0.010559552832558565,0.01646650938409266,0.016962629206474608,0.025798585641935837,0.01873234552604042,0.007189087979176603,0.019236928520348057,0.007083822177197282,0.03604686001059242,0.03411114262547584,0.021970025840231864,0.00935346168217559,0.13592281440513962,0.025939967801443684,0.041663320132865195,0.04738850196193324,0.028707428825515087,0.027838735078837,0.037270650648774266,0.038274893840335035,0.04772566915122305,0.01449440048563458,0.02850833084943945,0.028222358167261815,0.010230502489847828,0.024361242865613926,0.041748124392131596,0.026562144278978062,0.0089403519667862
Minnesota SB 2995,0.0970394691844816,0.1978668398796161,0.22293658973688898,0.06809497140052093,0.12512330184756656,0.09112210779199913,0.11769207372558661,0.10120276251891126,0.10860993073987307,0.0678641541593946,0.06077954364552896,0.16589815465244817,0.07986337923176276,0.07938080790975674,0.21388048625200068,0.03284595665984349,0.039117595523029576,0.026008855854572098,0.08015428529017544,0.10949599496493262,0.24037332376501344,0.0605702491786019,0.06426762596646955,0.036386795446679145,0.07414081301003457,0.14916192571704062,0.1012359090423008,0.15412595261424455,0.10934328966760652,0.18711640635058435,0.09600680392368217,0.1665249545062352,0.04218884326615297,0.09953686570836887,0.05748616898217829,0.14549177814433603,0.10883673861597581,0.06784794090478133,0.09148259906824065,0.1297569887430151,0.10332915230872683,0.08386633125798036,0.08155511085047853,0.11245324109044182,0.0507819553744258,0.23947830782560062,0.129951897521924,0.09131631556448062,0.2103657835477403,0.18927116910640343,0.12723853068343494,0.10419441433481572,0.108451299300175,0.07800169524583475,0.03738756995879178,0.08787477427167055,0.07889489604792138,0.0793631535119844,0.09345556183132611,0.0713362714361311,0.11903690738144232,0.09434694469714701,0.07324532302578557,0.07857572010069608,0.06290502470097575,0.1405712273456682,0.01909291600427656,0.10180345795685686,0.19296601661265447,0.025268086474008876,0.06502022752365529,0.06206969786924415,0.05416620496572867,0.13504496444273975,0.055149444765050556,0.17882964714416075,0.05265926541545027,0.07882972717476203,0.15691605639783288,0.08443627994768163,0.03624441722753426,0.01788273772535883,0.027801137801693618,0.009267023613453544,0.07463286534062309,0.026262218694294934,0.05460678836835233,0.021389927327151885,0.02121929231297979,0.15449990570979336,0.022931883476757103,0.06576077688030765,0.05491036644426647,0.06583048528998674,0.022350888144886595,0.04626998873511331,0.14426956014026193,1.0000000000000058,0.04604359854447888,0.12207449023501406,0.1482756936479209,0.07097088468434393,0.09222455225676882,0.10596447767821297,0.08309078682179737,0.12253811360954889,0.15891101798209573,0.25042944553340074,0.22238732072309395,0.16849391141401399,0.07952325566689017,0.1369962446909439,0.08932562633300742,0.04814030650914513,0.06151167939410835,0.00544397017199094,0.12352564386085799,0.050821420219879995,0.02500035850313119,0.16462642093885718,0.11376064648854631,0.11972260666608192,0.04577446388809989,0.06459677563407637,0.05622596370517403,0.15631818963582583,0.1864954761512542,0.23748867186064662,0.09303670247306593,0.10007495708071835,0.06287168870410309,0.051921434554332735,0.15630650921637418,0.1499191749121956,0.029186617757685957,0.01763156502971842,0.16078899084077783,0.19477992099004196,0.19838589745061286,0.1311412121584289,0.06683809740057974,0.015802318120582613,0.11103869870078617,0.0629325987401618,0.1558891107710967,0.015463206686817884,0.14126131182762,0.11123662568925899,0.14227244605064682,0.18301025227520015,0.008859365685388584,0.07882772539070858,0.01911297607337974,0.026766198382651558,0.03220356922715093,0.06244575754888348,0.042378495616634065,0.021330080177577836,0.14307161308876845,0.07219542377384945,0.035159362593654736,0.08241595757567637,0.14252576981634912,0.05935021316981847,0.07575762239123952,0.11013762559693938,0.06058352807620891,0.13639643289528888,0.11442732100010894,0.12377637467225555,0.08442139588211792,0.1694406948428188,0.019565425984522326,0.2222817402355408,0.25160682048046457,0.2302231180100487,0.06062281410982952,0.09958743145871538,0.1055513432780654,0.121495843222712,0.10793938069177923,0.09014497654736717,0.07882175208312894,0.10241808265804389,0.1404382393783397,0.12792629236981778,0.06919931772600905,0.047285304197838975
Mississippi SR 539,0.021198426787261096,0.028441733513012366,0.056653561252000516,0.03410009305613932,0.03239914822094602,0.03386754793015566,0.03102819624974842,0.01937799209385757,0.0835469471946142,0.019311543822605606,0.019111737396688755,0.02653683378151746,0.018581750964027567,0.023518585495384676,0.037653555005631674,0.020759020839949627,0.022900360666795454,0.04964154323208077,0.015085334280166365,0.01491707587384843,0.022395986059967215,0.01623238833537717,0.00765085771538211,0.003984846188896882,0.010921024386175704,0.014872662021074214,0.01051262051073737,0.02057261542374446,0.010756186925109434,0.01587120260078091,0.011391604185072462,0.02006586500069754,0.03352860028549543,0.027700676921407878,0.02807089269629358,0.029844933144657308,0.014039616787248313,0.00643051740403247,0.031100547024745958,0.031194927278129277,0.01828271195630823,0.04454173721383144,0.029397287561522985,0.03563972972972928,0.027123986876620973,0.0420421056289534,0.0364860857133575,0.018080707640828052,0.04352634137783663,0.03132264161898573,0.030695937634140146,0.017952639024673766,0.017753881748401687,0.008114128360066041,0.027147791114479968,0.011105486328619529,0.018894734619841688,0.018819990167326585,0.014151489436932126,0.02506851045766925,0.011799146294550466,0.03724688903185331,0.007667987708353825,0.017722453607764987,0.051231139600375,0.013074355076019523,0.05864868946282877,0.020715710032907765,0.03234000757579826,0.007798621155457139,0.010938057316384555,0.0030366927020293527,0.004555659894299776,0.011011843955827681,0.010204643263344273,0.021812009093112796,0.004741423049384624,0.008979711837551405,0.02288062566123817,0.007808349004080464,0.008491524006097442,0.0077423798854186375,0.008232621436701261,0.00718243985029626,0.022882593411647466,0.012372649811141556,0.02905657815971253,0.009794434619454968,0.01161317974866809,0.032858153660663456,0.01810333408381468,0.009885230523590242,0.011562002386402849,0.008221595261727551,0.00719313626889165,0.008236252845257256,0.017865938332349236,0.04604359854447888,1.0000000000000002,0.1032879483192569,0.15579776806671622,0.08963149231065806,0.048288106227742,0.1823333183153552,0.014896014208438436,0.019084194783139857,0.029593140619239868,0.05352188394622455,0.03495588825353332,0.03859522273919032,0.015409232619876279,0.020922548363329376,0.02552721789510435,0.01860704460469038,0.021058875103606326,0.0028674623454641116,0.01868185854012928,0.022703366033573254,0.006688647506029176,0.024099114706863493,0.026468884438213502,0.015294916507172579,0.018270809992714795,0.017641506649931128,0.005805425546362595,0.02948997904064385,0.024005558493457473,0.03755325021303639,0.019212465165319995,0.02095091966034551,0.00781132805206288,0.012308117216290753,0.017204159480215236,0.027596032182274226,0.059678301401991894,0.06554703311014612,0.016854946943937243,0.03684877627132604,0.024703814643161508,0.03558173496856565,0.011581589952928663,0.012488806993149325,0.034587261094363726,0.009187722270144099,0.030145021594475567,0.032374587486795454,0.01552441349302174,0.020193620009648017,0.02086938876603712,0.023271442475648017,0.0409283512505395,0.030522295138604705,0.007124577036147738,0.045973750998514744,0.011355727420719367,0.02110376135666838,0.014988615543504087,0.06267391712672309,0.017546908168056017,0.019393665138982108,0.011378818123232702,0.016136658627329683,0.028091491118880464,0.011182675853176486,0.009787033496373252,0.02669713424303513,0.011431748341534813,0.034915001037790876,0.027141536568454836,0.01914412589820397,0.009673390929186692,0.0254667816981003,0.033807757580432495,0.030488708511625738,0.04058965225399424,0.027506672907514577,0.01379195414921325,0.015964517768776214,0.016234896819255367,0.023192137239308935,0.016289579938482072,0.02080084304135216,0.012887481625935391,0.010695843259850821,0.03028392400998063,0.020900776644528916,0.024171112909986508,0.012103261549258552
Mississippi HB 1125,0.08573152147137345,0.18950826207666313,0.1375052068684434,0.018770249387969305,0.04023544646999875,0.039706157983886575,0.051410108339335105,0.036742126353857485,0.02654577196295267,0.034202561456007044,0.025348378105667823,0.07824240531857556,0.03170252433707543,0.026049204632954917,0.07156981233468945,0.01970222761028199,0.019653357303347344,0.04298857716537806,0.04206031362243589,0.06453347715434235,0.12416489964838112,0.06147942099474488,0.03443793664748245,0.04605320448337161,0.0630377083729797,0.06605207631800684,0.07839395456640481,0.12632607153887337,0.07875004385965052,0.12727767711847673,0.06616646761157625,0.14698436742120147,0.018633138128784994,0.080685348843798,0.04535031936947008,0.0837943188751736,0.06588745319257466,0.0551790322378168,0.026907673887384232,0.06855241590399637,0.10370079316726223,0.02802619923144695,0.03658362287342739,0.03953534933668747,0.02678492056918057,0.14057280297328664,0.08305968031509987,0.06758647941793475,0.09181049180487597,0.10741304011826198,0.05449898739277513,0.08106959141637347,0.05213508044877706,0.03166366914924303,0.04210738799195253,0.09990087506724678,0.04869968695835829,0.06669841874065077,0.07957257910511932,0.06260960421137012,0.1061750384488015,0.08400845921051654,0.056202326249019934,0.05999862068965926,0.03121147791368314,0.12362207890918737,0.010948526678147023,0.09184563982215789,0.08915545399604143,0.019437752920250063,0.0566619663387851,0.05414088782050924,0.03202287106594703,0.03538563699958144,0.040353174832463444,0.09254295139790553,0.03541320588634907,0.028739593443541003,0.0941846412514271,0.0703723978340277,0.05082151329326153,0.011377639673216214,0.02575790041947586,0.00897024941408053,0.032494651127057926,0.039541089401879774,0.02904931899240105,0.01606066501690882,0.03228309591349158,0.12239718644733467,0.015560884149310865,0.025340017864410362,0.04792143304338794,0.0619478319435685,0.024500414721366694,0.05130473276798198,0.028217491968340936,0.12207449023501406,0.1032879483192569,0.9999999999999954,0.2761812602887932,0.11724763023839775,0.44370350314782636,0.14506962644918575,0.07712355086956044,0.05729847326687602,0.15495772276906195,0.14574737322681974,0.12502805466690148,0.12954416075029046,0.057817017828451035,0.07499425198951887,0.07368477878395,0.026950926061451493,0.0458628203139339,0.010023359457491401,0.046007554573588745,0.05137165336810238,0.02272357625359152,0.07890125611927747,0.16095481190650326,0.06574096029937539,0.041078618119384035,0.07466107362284954,0.04039550248376857,0.09965507503345744,0.059350857514043086,0.1314494246190559,0.08580607513699846,0.0924524902924233,0.03470298837817204,0.019725795429057145,0.07461023547231609,0.06436402709248451,0.013216156646535937,0.013697544195456315,0.06992292687972446,0.12142089768172769,0.106385761815026,0.1103320531937926,0.048125579963493856,0.022867555498333678,0.08224017021726165,0.03037633316690525,0.06977185095970471,0.015538084777431975,0.062459975487849144,0.12097292238076407,0.055650259549457744,0.07031199878963484,0.009012844498041895,0.07790741817298179,0.011892483059168383,0.009634448521498506,0.029325662433682842,0.02535253559497409,0.030289887586532987,0.014934763336478545,0.048740203717235926,0.04558465367933066,0.030186450301108145,0.05425156148409678,0.05345111838064438,0.03230488649640779,0.06784741967023407,0.07314858915795028,0.04346189607115974,0.10673082489444259,0.04569659520352074,0.10369544994259904,0.03897136367724533,0.11242917605406921,0.007360484186545323,0.15788282728776232,0.1632742447746815,0.07811829951478363,0.02287647428123253,0.05030043877242822,0.05316478753131309,0.056832083253154274,0.04789665287671585,0.046822789961576176,0.034318557198428086,0.07568221016372836,0.07349378848704996,0.08934293073490356,0.0624460732257316,0.0362620251856508
Mississippi HB 1149,0.07592683947748442,0.12391781702738154,0.09413410334363129,0.02500731402632653,0.04673242691441829,0.053412651646825154,0.0666733272538566,0.06862637055840586,0.042748087579262344,0.021528086586799354,0.032510709543945894,0.09474699777739023,0.03400995112645496,0.025821536709300277,0.12539280001317432,0.022513645892483447,0.022036975122601908,0.04607790662408655,0.07336770141100137,0.10205000621982492,0.15420904929401222,0.03147800540872471,0.05258480587295779,0.032314894861313045,0.06944314385804921,0.08421452411256017,0.04846947445917237,0.10802386160863334,0.070280254626142,0.18276142722863023,0.07423146479034805,0.13593784829945063,0.024614051327661195,0.05684431481877609,0.03668419610241216,0.08336717911201191,0.0721095187905366,0.06854433349986985,0.05627431913061193,0.0957875242279758,0.08314220767193506,0.03084837617002785,0.023891199325069997,0.04983446422034757,0.04243097793462085,0.15877878036969664,0.08367080894009103,0.0675542760074475,0.2728847783668599,0.14398684032194792,0.05694461722349853,0.09896215768315898,0.04738784946835362,0.026519035186430912,0.03603711473218327,0.08709805672657156,0.05600989125765566,0.07565636899727157,0.08122830602672428,0.07024134713556314,0.08979229708595048,0.08715167951630844,0.06133208616196156,0.07007702770634623,0.03784532028090858,0.10700092057418015,0.023947718198698682,0.07446446242666177,0.12251892509292657,0.016616004154411675,0.02609831566376174,0.021811172029158176,0.0170935330032995,0.041865093928861674,0.030527218190915098,0.1100726818032027,0.04378605703090621,0.058451412512215514,0.08539126619527079,0.05630198633017264,0.027867885238290046,0.010498307090194992,0.021834869566321462,0.007827036525909744,0.03827344914479894,0.025378755820932932,0.024007853391697476,0.06518636536119644,0.024920046771480426,0.11163585465680739,0.014047389349447874,0.07650964532390542,0.03975731610083157,0.0466936870996298,0.02618953535951185,0.044187419106384705,0.019568758691787817,0.1482756936479209,0.15579776806671622,0.2761812602887932,1.0000000000000004,0.3278458978303042,0.15129961079623921,0.3099895041515644,0.05885605341945875,0.09641541828858911,0.12105230529680108,0.1573321766074988,0.13931667275514856,0.12341037060624953,0.07083498929482425,0.05026276005101509,0.05544818283311447,0.03787626759133219,0.033075983119302994,0.007340079060725414,0.05889787542778244,0.04843215618110341,0.021808365111181192,0.08290365610851196,0.08680795003581072,0.08877736501631621,0.02290701226964541,0.051711800090232136,0.031748753047119105,0.10055133419524002,0.087550732384739,0.1832933598458564,0.04627686720191861,0.06460483302386474,0.04227791522193509,0.02797910411153642,0.056480054404311815,0.08490847584289836,0.027924817371924343,0.0197941523601542,0.07960059703513775,0.17517465437570046,0.15690138380458185,0.11261031846063628,0.0731264809341905,0.026218416249948306,0.1136055347897652,0.06017531105899488,0.08503508999926841,0.032036502115985986,0.07411513419446066,0.08670541597660546,0.08558683562593711,0.08962890554388815,0.012700469572711447,0.06284776100999082,0.017761877126724737,0.021099974304467653,0.025613944847829213,0.0316198639585598,0.0447954151099563,0.040711613355524534,0.06758121660178026,0.060764471032883446,0.029343444114850875,0.06722043879134716,0.1383125431447679,0.03141548193702289,0.055629499569096214,0.11127031623178904,0.034923550980411326,0.11175533737825055,0.04175974537579408,0.07924841587940394,0.049701940507940315,0.08745449812880923,0.0190074134119459,0.20421044539330416,0.1537736517957326,0.09854085523558863,0.02074003509260641,0.04103360523542866,0.03593829132719119,0.0606993922370469,0.0587121699053204,0.08131258286968253,0.04161204522806418,0.06284500558582318,0.0761216911644978,0.09019924507862645,0.06009438357133571,0.03128324139563217
Mississippi HB 1390,0.041673348294739544,0.051979496450808606,0.060188705518715184,0.04865001713417276,0.02719741956929535,0.02432306613365083,0.03451416683935275,0.08770530288551595,0.021541180736164883,0.01861644970802428,0.03683270197463654,0.04999963467181121,0.021630163315036272,0.021213708602220174,0.05921356137815955,0.013625229065421546,0.013911110685325133,0.033362417679897095,0.030471142318455227,0.029525757942306843,0.05955958687390991,0.015527016925133447,0.03976488731606508,0.012762948117107717,0.031575005712330996,0.030305058668972627,0.021220227874074522,0.03668526621285235,0.025003395409912334,0.06734561879017432,0.028876144624180537,0.08008458047276489,0.010247446639956302,0.030338461447159095,0.02146769291856247,0.02881336759672359,0.034092292172421455,0.03942399101849114,0.021894921948848046,0.042506095747991184,0.027089411237563404,0.02170064340905156,0.015914583219626723,0.039736042499167526,0.013162975206870353,0.07925673115365885,0.04449225665030733,0.0296076393263916,0.09267430628451022,0.05874119112038245,0.03332939992135426,0.03941881596771409,0.02903606914657761,0.019841399421932387,0.015584705153789258,0.04296255566638933,0.027168893542715736,0.03191875324023051,0.027889755143633496,0.03235149695368784,0.035761224745882225,0.06629393447886883,0.027546674951365736,0.038720045563865116,0.015505985272910274,0.05029600633956391,0.012100901064113118,0.032447591111250194,0.05833170326902792,0.007617166730407095,0.006350054173421397,0.008378849389163449,0.0057307244185376,0.011945563912383496,0.015990006396443268,0.04747702543785217,0.012877265013614537,0.05419762899883397,0.02635185383914081,0.014497154162846358,0.0376085060466646,0.007707247915156032,0.00689879039594618,0.007012920185106371,0.014895131061042325,0.02736490381651238,0.015379357398277857,0.02115038241718605,0.009435745425689862,0.04663447081438723,0.01061017053809784,0.03342905026951743,0.01739489978300219,0.01603785817635708,0.015615928131134809,0.014756631618033575,0.011784494815400453,0.07097088468434393,0.08963149231065806,0.11724763023839775,0.3278458978303042,1.0000000000000002,0.06242663488724186,0.155622103833243,0.03026124285877063,0.03292777039723942,0.05689659863392791,0.06851796286204538,0.06462356272513672,0.06094480460310841,0.032777586921684414,0.03407544360784143,0.01786440241096587,0.013899224669361904,0.01169385961733736,0.007729993643931453,0.03265244782143317,0.02114481252933743,0.015175887016430236,0.02959017924673651,0.054719293599306155,0.0492756867163267,0.008583498937104408,0.029227460526063044,0.014209724220291362,0.043660719241011885,0.04400970333916654,0.07756503373868918,0.03103154337591539,0.04359283861063412,0.014443131577201895,0.017247193488236497,0.029095381560695254,0.03791548744271483,0.01606010704081567,0.01015195357120356,0.03702355057679774,0.06813857401260916,0.07142505237989384,0.05351598917731957,0.016534092196839423,0.011489570841436998,0.04414692960761712,0.02660844387815594,0.04107902412185734,0.01554256072008467,0.02384997797266157,0.0361777039136742,0.03389935306477756,0.03635506309655519,0.005724013507128581,0.028331026547952574,0.007007199474053539,0.03475852546636602,0.01114234860317546,0.014803680992902902,0.0254398129460206,0.010496485879445946,0.03430868679162852,0.028331906027590184,0.008699564296290365,0.024311206451792494,0.05615553019380664,0.011283599697808408,0.022091631789691625,0.06946342783981316,0.027485123660876878,0.04413602227128852,0.027045961054639658,0.03609352562848606,0.019410554564107584,0.0351694950630946,0.009465316740053673,0.09603424954461047,0.07056005272893787,0.041120797472598246,0.01451574717311365,0.02588146737706753,0.017469756782783997,0.03328150236672669,0.02852640261987259,0.03374761299761495,0.02306435809662118,0.030824176337626866,0.03713064885290504,0.0386960651324803,0.03088790250115196,0.017811846410860296
Mississippi HB 1671,0.05284844746412974,0.3912638186370547,0.04211576270675754,0.019013647271975336,0.026144277692167733,0.026037532525372095,0.07019940172776015,0.03181403641981748,0.012872986708100609,0.01082688477111437,0.016887611339624145,0.0537633393339784,0.01983731311385489,0.01461110316197845,0.07689868873160347,0.01096706739623121,0.011279505035730511,0.0071229178688058635,0.07295470253436925,0.06170706379967147,0.10560774896588346,0.0210848519302663,0.021741511072133877,0.018907439550826903,0.044380781881923397,0.03949282020739443,0.029604509056020346,0.05611197157243814,0.040539782728652295,0.09578369280250988,0.041535365903883,0.08408676483708191,0.01736225595270739,0.03335091789703382,0.01767806259343618,0.05175475266144449,0.04280290920115177,0.04481955309781146,0.02109529961131158,0.05543597839968619,0.03772173855886687,0.019254342739745377,0.009692180775352747,0.020044691141722498,0.01770885119855558,0.09265522157426474,0.04417611377996366,0.02826405666171886,0.13986940833946573,0.06134697728887718,0.04105772961296921,0.07068828276830515,0.0352614374653661,0.01291126984834767,0.016804814188690315,0.05976573436532665,0.03628642059435172,0.04050034052387422,0.07650499926830048,0.03579638376623018,0.15784199501899557,0.05381830866922053,0.03980903271469157,0.042895627569552675,0.026333847706640476,0.08743502684570606,0.016332517438846537,0.24536505230939248,0.08378260890374223,0.009662205673523999,0.020198735410611464,0.030713119834907345,0.013060252818368947,0.02227806010439708,0.02150015781408519,0.06715655994744177,0.02778686634956504,0.023972386336549346,0.05621410963829301,0.03587070471164524,0.030218913026477084,0.007211878486039466,0.007925722354837674,0.005530164666065939,0.019805235882115402,0.020827753003594525,0.0170779571936559,0.012709014171783868,0.008782292898071234,0.08495703025578129,0.008137867379139432,0.03750717843768776,0.02342820861285496,0.0985925101674709,0.016741663439659278,0.017306998953369932,0.011882956601675834,0.09222455225676882,0.048288106227742,0.44370350314782636,0.15129961079623921,0.06242663488724186,0.9999999999999987,0.1060939284725837,0.030760716936084766,0.07638852843324344,0.06849154111702671,0.1042985246159383,0.11740237159793794,0.07906301400581021,0.06879087988384266,0.0293957472105028,0.034904241092816694,0.022852370295620403,0.020907146020465287,0.006209584307694875,0.03873962379661411,0.02782398021058,0.010170768792613392,0.06750524144895541,0.0388612862510635,0.07794033473293971,0.019434931502007837,0.029132385077616875,0.023398758141719617,0.05047180864677401,0.046967134375622235,0.08057658843766953,0.03042077858661832,0.03921581706495585,0.01650780527829551,0.009179189877174221,0.06942697479787428,0.0583382611290627,0.007990879928413418,0.011115347613537807,0.034385227541961015,0.09889464043675154,0.08827116697887631,0.09792247070390407,0.023988215072631627,0.011823768009720953,0.041289180622767555,0.04627201637097941,0.05150677834569271,0.008924927643958497,0.05018574760728043,0.05506939320518649,0.06468683802966184,0.061850627394998525,0.005215910332582008,0.03348248688457079,0.005981177100447281,0.014896696224544308,0.011306988654741675,0.018446028624550154,0.013000100882290954,0.03701931210896331,0.046192030187439954,0.05276375664157446,0.010813119602633404,0.07535919455096732,0.057855295407780075,0.010576675257840723,0.05400572467272592,0.06451601849448367,0.029243239705266818,0.06931816686173407,0.03451251940846557,0.05217952326831084,0.03654362882976204,0.04513528335327473,0.01635242388254009,0.14982555833535163,0.09529979444736869,0.05510888236803627,0.011032887337690984,0.02665038581447268,0.04330581535492143,0.04271777975293836,0.05310612406904457,0.09717662904610967,0.019264455353054332,0.048631727484321964,0.04696810255613911,0.04362847421307075,0.03643828173374718,0.024649247464577497
Mississippi SB 2781,0.09111390307136046,0.09160167310888594,0.0428379899511588,0.03266792354819312,0.0332841979916082,0.03532322200409199,0.06417324791164057,0.04933988540556458,0.021231953871601532,0.013914275796789964,0.021547364341962673,0.05249753118343236,0.027818919512339415,0.02222576410281584,0.12857685811628924,0.008743664054827667,0.010752725790529466,0.008712564441590716,0.05354337637300399,0.05659831255018801,0.13890785584832885,0.02919288393430262,0.030742162676829325,0.021859925214720227,0.054607455079273934,0.08589625562860964,0.04212063644911296,0.06553878373190769,0.04275939554450313,0.11171405091377186,0.06952674475094434,0.08479027787017404,0.017972162895723683,0.042688377925154654,0.03280173584847771,0.0860131554153031,0.06482318456852583,0.03950707969000969,0.06019370610817869,0.07613071663807014,0.051092759401224756,0.023482009204932954,0.01867364529140018,0.039861028086438675,0.017533076414909934,0.09407046346610849,0.05286411040767584,0.04237183819006758,0.1490169533716742,0.06699395416404758,0.059917521121938225,0.08797562622150425,0.032423504277465875,0.01962023923809138,0.018484125836251558,0.05499960436527539,0.04126679077885443,0.05686152842826571,0.05040891245914638,0.047061351203419914,0.05649159081481457,0.04310741500256652,0.034306425030636425,0.06637877384815702,0.022184976791678555,0.06179595298283877,0.010071965404150231,0.07344526518615345,0.08011672413320219,0.009488110276339053,0.024212125221860253,0.017395123697236076,0.014135598510281571,0.02111547707747217,0.022087062844366564,0.06363342538159697,0.03588704724391429,0.04655530581606129,0.08543897118816733,0.030925825996757153,0.021650313938565473,0.010414165483413469,0.010942277945495047,0.010006002074274751,0.02719475973731344,0.023874569341037034,0.016420119914162288,0.02587559065702448,0.01428351858521829,0.08535854081660996,0.015071047497645278,0.057777036042730406,0.038130618891361316,0.03449193856741324,0.01828249792751374,0.021979257142555,0.019155221076329502,0.10596447767821297,0.1823333183153552,0.14506962644918575,0.3099895041515644,0.155622103833243,0.1060939284725837,1.0,0.028012614653956255,0.06656707520005743,0.06660118760068753,0.11063355481832152,0.1082614959878783,0.08174981915745691,0.06555329499312214,0.028718131853976897,0.04072376548607416,0.02288675903623779,0.020797495824637934,0.004453302503086456,0.04358032206682929,0.03577584240013427,0.018275451560361207,0.06746412248786031,0.043253695737510416,0.06700073537638858,0.0268220932924022,0.028060549745687207,0.02653677578464057,0.07165746788778767,0.12834746541915518,0.0959442322202692,0.04400417602174769,0.05236580005100491,0.024520801985845324,0.01566782271623242,0.040808787336697364,0.05835759624711083,0.012833448454554912,0.016601190541073507,0.05166972562336748,0.11868869455742538,0.1338912255985542,0.07446132399810286,0.030425276568316246,0.015731415049010804,0.05957293319558142,0.052061463164889785,0.06248471147218226,0.01532799718500689,0.06089281373652442,0.0629381271885675,0.06556421743034013,0.08324966831097735,0.020789577532363983,0.03503041720067775,0.010530129220983992,0.026471872191546588,0.009664920014556516,0.0256038083481408,0.017808474925534,0.028402420123627113,0.04562327444897092,0.05258443332935637,0.008002542300485594,0.0704858114275881,0.08338384307959637,0.012233974247368416,0.03352667683198924,0.08445388507389685,0.02714876547588738,0.07434956113205828,0.0498693849035694,0.047030997885294384,0.03277259826791627,0.0798927178140198,0.025673982622708143,0.1138134442948571,0.1032006553718834,0.07105148328276417,0.026598583695371276,0.04180497334764388,0.028384127284435665,0.04731323237971231,0.05112294905953161,0.06299547884528858,0.03937975509116668,0.03365405285895888,0.07738228875109164,0.0472785996948017,0.051417705759139586,0.021842374809279214
Missouri SB 51,0.04017235160217669,0.056459683794111745,0.19577245179067812,0.01310726544184596,0.0435841587933159,0.02327786688137205,0.01743857724012214,0.021663937781395918,0.015522403345525505,0.03220298381321939,0.010140440400791989,0.05663268051617309,0.026539026668864703,0.014033781809006508,0.04230242314704942,0.010803676610179865,0.010754602115980803,0.013258176943790813,0.022585442557757726,0.028659944888659986,0.08252062598535422,0.05577814146333094,0.020573083869148655,0.04546122420695513,0.05578623873808658,0.04342240949564366,0.06575717148329809,0.09984498376205124,0.05880993972592,0.07043260206900177,0.04184055285441231,0.15842294753689312,0.008739260051755444,0.05829011029789325,0.03135553546579054,0.06259041212147456,0.04320811155990967,0.03825638041532209,0.029030020492862046,0.06685222129694372,0.11201384577109383,0.018337329110459176,0.052159673714009244,0.03205836572373903,0.01594051557930199,0.104100032807726,0.05665215236896347,0.039555084062499614,0.06444869499477866,0.07952770568143565,0.04459771915078427,0.0887720348713749,0.032619319337450915,0.02856088810919341,0.027735342515850414,0.05471896257870224,0.036383977556852895,0.04820721771005722,0.026853648075713582,0.05476510924528481,0.04104528114455695,0.05960645154271387,0.03411754052537885,0.07167295016831536,0.013658384309643121,0.051918885771753805,0.006227520316065574,0.03543112664863089,0.049632845208792534,0.013161533880836764,0.042787298269582094,0.010815591554771683,0.022524991790808812,0.025380920875859976,0.04406489720382991,0.056664942847367616,0.013622281624681237,0.01752348609448642,0.08799857728917349,0.04517326401725003,0.02102859375224703,0.005908215355033097,0.01963310034924984,0.004437071568846692,0.01828590906783892,0.019694159652062747,0.017710171391863507,0.011937235619205365,0.031074119310828773,0.1333808517256529,0.00951003316659677,0.017945129978627353,0.03301353390947287,0.024199670373632298,0.016624764239928688,0.046617054343420374,0.017437069692605816,0.08309078682179737,0.014896014208438436,0.07712355086956044,0.05885605341945875,0.03026124285877063,0.030760716936084766,0.028012614653956255,0.9999999999999728,0.027331899310660598,0.613881109905514,0.17190952427409972,0.10588683828993017,0.28794205408633083,0.05188243334513337,0.08463592994102376,0.07052575302503372,0.02881469950641546,0.051758827703180924,0.014614418687463116,0.06046114098032335,0.05313625532370561,0.038349570153951865,0.08196377026578298,0.09217367363579271,0.03223458379324844,0.028357273913467766,0.15255248207322472,0.031278344233790674,0.11701837695690984,0.04451259803522718,0.12152209958380611,0.039962942381199885,0.05338503748929832,0.023871609793598314,0.018192946440351597,0.035864760027545045,0.033266211755966626,0.007107612762652706,0.00739894575631667,0.053542708173671814,0.09647839108851916,0.08572564864558738,0.04761011159218079,0.04946769342690548,0.01512278809325125,0.07411973078672143,0.01663397135810608,0.04379754991904623,0.012080459764102124,0.04185560652561944,0.11366346192620759,0.023120031255178784,0.04137840592918552,0.0031878283399394123,0.052219465581415256,0.012351517908831258,0.009497375593431367,0.011961586199874247,0.018912037964316782,0.021175011692520427,0.004736213231918578,0.034128218754928455,0.02563724465927825,0.025411842015051804,0.02724964841354016,0.034216424667637746,0.0243536213164718,0.0480236907205,0.05755933988797756,0.025479739408301817,0.11255385207574653,0.021286669782581345,0.0931254262283119,0.025087677490352244,0.08738020912213178,0.009683297641014495,0.10394712035067967,0.19755996941416265,0.07487997786106206,0.019812785064626918,0.03418499455671829,0.023190324961942215,0.04784021990715019,0.0211506294607706,0.01917646616790059,0.022975229583150205,0.06100314462688809,0.06716829957124688,0.11962043195625474,0.042785837837387035,0.027552794618883335
Missouri HB 11,0.046960983943920113,0.10262647225777766,0.05452380530741967,0.03351770786436975,0.03293198765256877,0.06235306425112356,0.10054617117136394,0.031069018572208333,0.03011208769169501,0.01547159570154371,0.020331856691556228,0.05655992453290718,0.020713552290152686,0.016806200947416187,0.10391034134752666,0.015197113221432452,0.015379748618192534,0.013110163719461346,0.18190876370721765,0.1777343886204471,0.1522419246149162,0.021925034652925775,0.020346084271660337,0.017319984263149527,0.028128162179946663,0.0683535029085481,0.04018368019096658,0.051084265108119836,0.04225580339324532,0.09693694659482709,0.048503127865448595,0.04487325380303904,0.023094445687881056,0.03543288914291289,0.019975203749691934,0.0726633962708755,0.05762337698433635,0.0407980053568318,0.03462351857884449,0.0814748534221107,0.043237923612508174,0.02636263688904704,0.01952144942011531,0.0470102682130222,0.02577827862392368,0.08902055477617343,0.03494870013923049,0.02620433715130506,0.1672431796229867,0.0616561579151093,0.051870863908992294,0.07514782709271665,0.03772280306494686,0.01134730396950432,0.007462393030962508,0.10332128151569064,0.02106850001252092,0.019377253117749717,0.1875169584539482,0.022660633475979946,0.06901190559289114,0.0653850482629703,0.0158786805179117,0.023611270492800623,0.035381919979519734,0.052585926162851716,0.021894915718590816,0.05723286972037798,0.22089163434279296,0.006469596206122499,0.02268436558840574,0.0232280244581673,0.013693612150573678,0.02839813240302805,0.013418010189928995,0.08249333937658108,0.18937947854458537,0.03566799770843016,0.05416279267240309,0.026215151184445083,0.011904129873942102,0.008364509058932457,0.008924524173848812,0.0032125382858716987,0.03514732469997076,0.0075277561563075615,0.02350020296541919,0.026527575681302755,0.0100316150165522,0.06807838161371431,0.003872907808140184,0.0509714215805562,0.015975756864889813,0.0857517869066557,0.0046014413749013265,0.014532101071771643,0.018596073798325362,0.12253811360954889,0.019084194783139857,0.05729847326687602,0.09641541828858911,0.03292777039723942,0.07638852843324344,0.06656707520005743,0.027331899310660598,0.9999999999999998,0.060799871116456024,0.13501568550805326,0.23557640647568912,0.15127862528706856,0.03906978076578884,0.030281330718334915,0.04444246402435724,0.025404593441411764,0.02467539609014878,0.0019899660966742273,0.06224073705519201,0.03537828139088487,0.03431751703302794,0.09306343939405683,0.03299359261946471,0.23414811585818085,0.010132560819368178,0.021943703076178937,0.01670395752279024,0.05719173728500622,0.05747001896299282,0.07198571480306343,0.041497808241588593,0.03820616858358943,0.018866671378732946,0.01295940803496741,0.09108914736742073,0.18930161213907387,0.03455687389109528,0.013743981922998909,0.04150854449077267,0.1472500424963928,0.1318353244277683,0.15423189723886038,0.02063000661275051,0.005289095546388319,0.04100733520184261,0.060816824680385885,0.07706266755487501,0.014737919947867625,0.044936011433567666,0.05907674950601386,0.21647355994458026,0.09326599802346756,0.006785671115162313,0.021442990071912176,0.004469317487450281,0.017460772626366916,0.007781493926188474,0.013828034534094986,0.013279796913346494,0.03147567365528648,0.06613800583775171,0.19666549285239443,0.018859827875297556,0.06283949682488754,0.1289567224878228,0.02055295919804075,0.04195738200565488,0.05930768766026976,0.026254333558592205,0.05797963065852751,0.044940953982569816,0.04475798739190237,0.03989007263147321,0.06063423138061252,0.01963950708161843,0.13397366470739328,0.08305377683365493,0.09064353480692157,0.013577201082783453,0.034882646875837524,0.026621521004101853,0.04383164777593306,0.14807407244454382,0.06585872330134021,0.025723901222592663,0.0404583579399853,0.03609302609944258,0.05712761083316507,0.023928520844369413,0.013845630736148995
Missouri HB 1155,0.07553861330292533,0.10804524151790985,0.3090920155040229,0.02519485247951673,0.057283423515131944,0.05475053002572945,0.05104003382033834,0.04919915352689905,0.030260832211712302,0.058934436260832224,0.021950388151693964,0.09921493295760674,0.045882310065844624,0.029755280540335584,0.08480752468698625,0.025423515789011825,0.02384862022390851,0.03453687806615454,0.045844918022828106,0.07459904348049479,0.14764849706966446,0.0609949457599756,0.058637556819756256,0.07085483470824525,0.11547572810878366,0.07940307619584666,0.0870832419430371,0.17171655261361232,0.08969941027471877,0.14634397933623633,0.08389252564378306,0.3268398246845564,0.02587441581309635,0.08651709180259,0.05866102140032587,0.0869616345796909,0.08225537501251395,0.07290289552136887,0.04843645714962819,0.10242375798543372,0.1830605777334411,0.036090747709497766,0.17106548000916574,0.04456115445462022,0.03495582157801925,0.32354977344238306,0.11246012017720862,0.07287010361779661,0.13047229533383956,0.14074328852985937,0.0708491854667742,0.19630348872363093,0.06440571645347778,0.06389383279844928,0.06112176441693619,0.11671416123755653,0.08009652042439355,0.10836590838269933,0.0706674513406023,0.09540420639701928,0.08938698805576135,0.12657263084381595,0.07333482858697435,0.1124622207533659,0.043280196572095024,0.11559148631260621,0.01347706535196948,0.08021646552887357,0.10094953817334985,0.017753428149617088,0.06474350934855767,0.022769605255145854,0.02784313105741277,0.06547468186298994,0.08731832315368397,0.11717237241217604,0.03125512616685909,0.03411617245427957,0.13187388350378398,0.07198281517801848,0.038847545948798835,0.010332961814061842,0.028521952661814846,0.007971745191202745,0.03726504498310631,0.03455506771634154,0.032751750510444516,0.023729103099517732,0.03681502800622284,0.1919911611181472,0.013691592257048293,0.037180076120725186,0.05117743134618023,0.048612057173124015,0.032656996927632596,0.06743836985917541,0.02428815690405765,0.15891101798209573,0.029593140619239868,0.15495772276906195,0.12105230529680108,0.05689659863392791,0.06849154111702671,0.06660118760068753,0.613881109905514,0.060799871116456024,0.9999999999999997,0.4730467820771205,0.20632987589263782,0.41965065917550526,0.09323074056641197,0.14835418934583963,0.09880281969126065,0.04598644737869069,0.06546254206533798,0.008965741935607289,0.09613013882223502,0.07454975479039792,0.030219610858408748,0.13472977655703947,0.13002112108902458,0.06835311585697948,0.0511701041636947,0.21583935400769239,0.05053804108448068,0.17100256008773335,0.08509802654134888,0.20320862419530047,0.05626954745994054,0.07912459190307931,0.05716027916427087,0.04346800965587007,0.06621401524927596,0.06265146771352999,0.01741013490774398,0.01675947719610783,0.10303438942265022,0.19416768492170425,0.1687715560040779,0.10793541404982737,0.08290777609064105,0.019359663664570155,0.1187158691349443,0.032439827943806114,0.11197253704408153,0.021619884300333268,0.07066800736550083,0.16636904596816368,0.052308023227856014,0.07656960371972563,0.010589999491342886,0.08995257415170374,0.017575967814856406,0.013715348198673165,0.024121355138605798,0.034597367721526835,0.033833101851461836,0.01702714218427093,0.07367391520670602,0.05696258385621577,0.034181483641253764,0.05622283123687768,0.08479786681560911,0.03373936807486026,0.09058382064381094,0.11686075043336445,0.04282858065261748,0.1894498112699782,0.039461331111741944,0.18252350508653872,0.042991394384399625,0.13118083203976075,0.013260460746601747,0.18708734918385717,0.47130744098285127,0.12466164644397075,0.031105794206104417,0.05608515617283896,0.03532559857560151,0.08536754326098626,0.04679037178289072,0.044373245851019365,0.051212204831537364,0.09713998835802416,0.12369067619062915,0.43599917421642476,0.08236364844300136,0.042050878185680964
Missouri HB 402,0.09423373358362416,0.16121424107723678,0.3289289503682658,0.038443788654238406,0.07948531723593483,0.06974484354921984,0.08731669571477928,0.06822366227660034,0.04871912786821932,0.06962258243565145,0.03477112722629283,0.11852568020947418,0.07820088291041888,0.06972261899478298,0.15228082887079528,0.026763525827937226,0.026812163772121353,0.028672669564713826,0.08747107092311608,0.11807602665693498,0.23152695294744297,0.12318443221813469,0.061354994756471576,0.055579845880741836,0.12983227484846893,0.1315412524566667,0.09806782647068218,0.19158354028305769,0.09987496377184289,0.18105606027840457,0.0940364033367175,0.22346835559540004,0.031211653443752336,0.10863907751119034,0.07454588240736722,0.16905456368907604,0.09941433390525199,0.08173763930746063,0.08572323846981601,0.14702704287808643,0.14875630516756572,0.05464467045984018,0.15062985231990722,0.07387152955207552,0.035357148696866555,0.23251664353080526,0.16175054338341624,0.07833101035234158,0.2011809509145314,0.17027267356585582,0.10776424669779416,0.18788280280814904,0.08582644691637974,0.06605487560272714,0.10245997682380266,0.12498006427195311,0.09964525216463398,0.13061397591917057,0.10172477639406768,0.11680271066064617,0.12700590238729606,0.15503066203054439,0.08433558027508772,0.1515855442588985,0.05214662407490881,0.15659836592079115,0.016940586995011355,0.11169394141370613,0.1586183847196102,0.01579934930761744,0.06552506505067435,0.025231794339859885,0.032464840732284256,0.07560659115811867,0.08545024909210405,0.14150563824282927,0.05554788127349244,0.06867486267281794,0.1805493241556757,0.07815968340312812,0.037684117483788006,0.015852603868006795,0.025785419765949738,0.010078476127032242,0.05011298505499855,0.03384065151039296,0.04127696864461046,0.028063793624487087,0.03193374561368622,0.2407683905441228,0.021561306283725264,0.06316192032499102,0.05580291654517754,0.06707028044441213,0.029452148786598877,0.05505140132950209,0.037691630248281184,0.25042944553340074,0.05352188394622455,0.14574737322681974,0.1573321766074988,0.06851796286204538,0.1042985246159383,0.11063355481832152,0.17190952427409972,0.13501568550805326,0.4730467820771205,1.0000000000000002,0.4836489193549776,0.4800796001335299,0.14807120022317657,0.16698879361261984,0.14768251508204608,0.09484257731870646,0.1074100062082374,0.008882303190576441,0.1469050246172038,0.13130932425173814,0.038792353624218436,0.21734557291961526,0.14741099546346295,0.12054454949984023,0.05312911871184928,0.21386174945689415,0.056560618180477126,0.17429967209755648,0.1307817701994786,0.23616228180469714,0.09423217970565471,0.0984008749844333,0.05800084264633862,0.04588947899616793,0.09654812553753452,0.11058936419354094,0.0317263543717141,0.018863626761614086,0.12311377750702115,0.26163532044442606,0.23823906486973462,0.15603715731523268,0.09076526568019418,0.01805136756712489,0.1708033881336047,0.05925856946560009,0.13937219375227305,0.0188565122111805,0.15243593471453865,0.16346974606085082,0.10223080580872693,0.13284280884158703,0.012619691285309069,0.129869193225493,0.020709301607503405,0.023874272948408437,0.027387221005834052,0.0518274188903434,0.053085126270230966,0.03196902408021186,0.08680796896264734,0.07344808657695788,0.03240779657834323,0.07207014175401674,0.11227355036926658,0.04857124665267421,0.07452571679646576,0.1622153335744351,0.04530177861857543,0.2573750525229268,0.06218762449753616,0.18429621558160855,0.06190370557034545,0.16857512113087253,0.01734501261014868,0.24090392459514412,0.41666226510958,0.1799128136387012,0.04763200662293678,0.06915299266367039,0.04935198856252213,0.10469314173073757,0.07806376716353491,0.08537511760758966,0.07574933758507398,0.10519100684179622,0.15821067530233346,0.14241980259665935,0.09707013814216095,0.057138782150529005
Missouri SB 106,0.07776333760144556,0.15227108944710327,0.1509217216290514,0.03928559369180651,0.06945152721361895,0.07575841323810263,0.08832861094745063,0.06132433730657125,0.04143086694352767,0.033021597841495776,0.03277614019889984,0.10221281067127976,0.058578899853157375,0.04756368438323571,0.15431523272592737,0.026729401177707095,0.0264841188595124,0.03415201076772249,0.07774476810898355,0.105900845392553,0.20620425836141176,0.07717387472080221,0.057723261780158276,0.03124805553912182,0.09561658643940148,0.09988251947816262,0.07375653227357538,0.1331083172861748,0.08013652054144281,0.16537007768883336,0.06899225714288283,0.13780786691202734,0.027535540921043922,0.08127264249996348,0.043884024944690445,0.1261314796507314,0.08219558312013853,0.08806037534345292,0.055123870559448694,0.11815238274388562,0.0906907123009522,0.048096746839178826,0.03938183557852969,0.0652436578387776,0.03475562544629677,0.17761588140673318,0.10697009326432912,0.06528448364663422,0.21137192596653345,0.1313161728201178,0.0805379983494432,0.10828411636009323,0.06928692665629281,0.03460173148916894,0.04574300172101237,0.11154023265460118,0.06529633498617216,0.09136210410338215,0.1037646211296393,0.08346957414666424,0.09305629420113329,0.1393939595853582,0.07302274772876445,0.11129692697898137,0.04759369141180279,0.1359637953069755,0.020949609681976723,0.10976879269276509,0.1608067731306435,0.015490144708277719,0.046314995978433166,0.027959180862847474,0.02527533114095866,0.05644533127529427,0.04128275307749761,0.12713789305316414,0.07600562337284368,0.05460133426678865,0.12904270903802717,0.05974417188236233,0.030783617657584153,0.012787952233027079,0.020145018129685794,0.007392544710461673,0.052568588862839605,0.026519021968150005,0.046811215866620744,0.0306399722760864,0.02797618310366895,0.1520699680290999,0.01252312323510777,0.06275542832551378,0.04635141324117685,0.06593008664080499,0.02247990340517272,0.03666148371830559,0.033720816097151426,0.22238732072309395,0.03495588825353332,0.12502805466690148,0.13931667275514856,0.06462356272513672,0.11740237159793794,0.1082614959878783,0.10588683828993017,0.23557640647568912,0.20632987589263782,0.4836489193549776,0.9999999999999969,0.6170624971782882,0.09430102365605146,0.09114955651474918,0.09255700903486686,0.04607532870759564,0.059453152931421095,0.020785020907339836,0.07527777900837612,0.05733237821595441,0.02051258872132591,0.14517680626115786,0.09296992516026543,0.1447357682228045,0.041862675630824284,0.06883676693159531,0.03908579624169308,0.1332288210917925,0.11827651539177911,0.19127812516325834,0.06531042179014429,0.08538731859674105,0.03776872896987185,0.02541396947196824,0.10744686527851581,0.10652598829386482,0.03025791254076369,0.019065752078938535,0.09324448819178882,0.1901527531734512,0.18980349178570552,0.138678745111235,0.0641192092613711,0.020862889849670895,0.10730816983040206,0.06676358904953544,0.12351330781660799,0.022382623544440972,0.11104963641510766,0.10399099694581358,0.11382088909507898,0.16852513862657278,0.010322284521563937,0.0789789731114294,0.019606667728702152,0.027967828341025167,0.02209707445482197,0.03564476882423851,0.04276686586944698,0.021632884546636533,0.09742819935905615,0.08272536727766827,0.02831214350921072,0.06549750563627604,0.1216025246139807,0.037308746945091724,0.062416623460079625,0.1168601397661569,0.042148617289998025,0.145077362059222,0.09851855086870485,0.11634817121447695,0.07111993160824591,0.12387799323572063,0.018562403963021532,0.20671711055331593,0.20780327559590722,0.157668601869098,0.03214828184711713,0.0512269020528628,0.05386734595474334,0.09037829282392427,0.08788584918034743,0.08630550462980743,0.05324785586510793,0.08750237076521952,0.11197662177673307,0.0993272451199116,0.0740172935052481,0.03892366474047204
Missouri SB 157,0.07909521532684266,0.1296520293247456,0.2770669520173877,0.030724050543958804,0.05955329742147972,0.06742863544146264,0.0772307559326343,0.054917361259993185,0.04378941738527541,0.057092332131337444,0.03034847843899293,0.10617073161298551,0.05478644640193744,0.039332559019297546,0.10852490452181271,0.02656998207712541,0.026367033138723916,0.031901919280623595,0.06103865102884473,0.09359286922232367,0.1816315409127489,0.08671629051067889,0.05015910918578826,0.058227916593380454,0.09893267405762608,0.08300279487552702,0.07413896980062584,0.14584352709548767,0.08962609462753503,0.1494608580891703,0.07116787460624067,0.22529860480769814,0.02457989078001132,0.08261117333612183,0.05888678779172231,0.09728071008576633,0.07930393104103424,0.07315150287896127,0.04903347158762077,0.11431966532278262,0.13476878586787808,0.04154893366619683,0.09513568902351406,0.04908356591452815,0.0384284021462702,0.1984961431455396,0.12768793079678842,0.0752232115881399,0.15296562912752276,0.1543921515636597,0.07244366476961726,0.14633988717906143,0.07268920741449436,0.05866136879445268,0.06625677054212013,0.11619646565770925,0.18821816101066638,0.0945158129804602,0.10213375978945066,0.0907695834526119,0.09493440282631221,0.15526134574272546,0.07397582562821818,0.10245651443221106,0.03866310966462714,0.111765851055467,0.012830945766295513,0.08909043970828144,0.14093733362694671,0.017027937406410884,0.04753089734534077,0.02161314482993266,0.024347467542955796,0.05730273335404655,0.06472129818869135,0.10568671744458752,0.06484123828064581,0.04413690521033663,0.11867498616992098,0.06222579763602339,0.030475563601013726,0.01156699736133044,0.03428104669272148,0.0073805016949333065,0.05272374821613218,0.02786553151588026,0.03424777566013359,0.027083043811351716,0.04491896832072053,0.21041665717902097,0.019369914380171407,0.04523002934209141,0.04296549979176563,0.06629749924857802,0.027352044877801886,0.07219148710598972,0.02712466779430923,0.16849391141401399,0.03859522273919032,0.12954416075029046,0.12341037060624953,0.06094480460310841,0.07906301400581021,0.08174981915745691,0.28794205408633083,0.15127862528706856,0.41965065917550526,0.4800796001335299,0.6170624971782882,0.9999999999999838,0.10406389730741171,0.15026910527913143,0.09528908087507801,0.05349603205562972,0.06598660446577652,0.023334510263975174,0.08030667587991426,0.07663731200419352,0.02449449989643488,0.10742653336964114,0.11990104903209714,0.10635882075078139,0.03978623113074999,0.16744627710495366,0.049901345792158935,0.17275339692309122,0.09537821009807734,0.22320368095517643,0.06446277957608867,0.08821469552663241,0.04506143161112397,0.03275929003682925,0.08135039425854652,0.0803118909562324,0.019369485771461248,0.016211765992840844,0.09291638738378011,0.18354233593445707,0.19619487793724652,0.12336599022420086,0.07208550902014224,0.021796374153763686,0.1257768213720858,0.04276609019897871,0.12086639662532982,0.017589991445914575,0.06691387670062512,0.1358218709510933,0.08596993028939574,0.08532307693852911,0.009016654286808116,0.09853281499889999,0.023622271036883063,0.015348138405670704,0.025155493567354775,0.04054364358448239,0.042442820016401456,0.016219015938722752,0.058807292762830095,0.06944927681810772,0.03423308503025128,0.06487920788031823,0.08433152432491287,0.037977112044120326,0.08672149952600504,0.12042863951779613,0.04727519441484451,0.17970983884438815,0.04580390408328355,0.16751895541862308,0.05128720153087696,0.11151496912833912,0.010325503764185224,0.1744570157284757,0.29577100296219055,0.112777671194987,0.04030428800036589,0.056857614057601126,0.04716558489637165,0.09583101895906647,0.07333508351985907,0.053404799415219195,0.06978721271725308,0.10172548780841754,0.1268712440253209,0.13046688625304995,0.08789104086684332,0.046905845654300456
Montana HB 786,0.03627817625721691,0.09196572243740743,0.0711281038476347,0.01153208546093554,0.032123180504647464,0.02811633366007942,0.030977721334353708,0.03877927244295741,0.01793559765458068,0.020859743547989616,0.015964745628084993,0.04162393518249768,0.03295094337333625,0.02242333359702027,0.08727417682670283,0.011108936390660754,0.012272202084996223,0.007896304556503789,0.03591912792256722,0.04412727889856235,0.11532213356563434,0.058831266836949205,0.03767957261236357,0.02160468667433293,0.05935061175809624,0.07055363854423634,0.054377183763598645,0.07716455063271958,0.057898584703026425,0.09924455337990933,0.05809382333257042,0.102068495979276,0.008921499252416885,0.05091328860766425,0.032321413345950636,0.06909335157010557,0.05382397504186128,0.03671647302442094,0.043741126203269594,0.07965273124072027,0.0641659729091896,0.019056228612316022,0.024928615972873488,0.03144110778751361,0.015173270022537658,0.09586140794619041,0.08408787096985737,0.040661283431729825,0.12241281520265182,0.0754542930053764,0.04904068275919434,0.09728095532498324,0.03593520273295766,0.018773253991551855,0.05164086259696733,0.06158501104500192,0.06923345595977526,0.11407486500372994,0.03957787516428535,0.07942860160832572,0.0500843273665653,0.05549849570975798,0.04364512993032963,0.12371326076118072,0.016091325367408052,0.07344808501943999,0.012074212537887088,0.0621527693728803,0.05714452868788416,0.009326920525956324,0.03633338305588456,0.011712196510868963,0.017464936230421068,0.024369523118959045,0.07517730079614916,0.07327399662055585,0.01481163013320419,0.017843749314981745,0.11197219623560298,0.03914254290206005,0.018440609249210663,0.007543197488118197,0.014558181316369864,0.006103596188611119,0.01689701519225496,0.016379078934048188,0.02643524910815,0.019822063314433216,0.025187519131029804,0.1400608508179782,0.014917066217427334,0.048335821018056245,0.031040433898977562,0.037644613366702016,0.02511867123123001,0.023457309549535385,0.016699053390940043,0.07952325566689017,0.015409232619876279,0.057817017828451035,0.07083498929482425,0.032777586921684414,0.06879087988384266,0.06555329499312214,0.05188243334513337,0.03906978076578884,0.09323074056641197,0.14807120022317657,0.09430102365605146,0.10406389730741171,0.9999999999999989,0.14482737696246478,0.22196677054065453,0.38372718096768427,0.19091812633950905,0.11889263823678375,0.2547008491037901,0.21970691248078772,0.1928902242622435,0.24668309485926826,0.06776301836719893,0.03826456620354217,0.03754089056003634,0.04959392683381806,0.032087959182351224,0.0636879814755593,0.06194077033849769,0.09702435151688966,0.053781347120107785,0.04727413798707858,0.03336507658218087,0.02474231815554271,0.03596578236386828,0.03436977348896435,0.007111110918234339,0.008954152742796389,0.052154502922978484,0.1408554956295854,0.09741643925453089,0.06397207858240761,0.0438312197263595,0.026589293121622896,0.10378559616103109,0.03717924672530769,0.048976730944326426,0.024704548381508436,0.05752456354995252,0.09286285870218247,0.033680587167777755,0.04495717805018006,0.004133055196040396,0.07267023307935529,0.02257704108288725,0.009091802835188753,0.020825122010054417,0.021286983429231597,0.014533284136316826,0.0189569382551839,0.034452546641963885,0.028262102317777985,0.01646436390737991,0.043746381345510545,0.04563729406158148,0.015552263183449575,0.03524366458367732,0.08890726500503163,0.020766450151220337,0.12221097354181444,0.0199844515911242,0.06654643144693755,0.03537569841489259,0.08367799220130223,0.011061900921865672,0.09964991189146147,0.12886745608177122,0.0657269615067746,0.04299037915963111,0.04041675828146817,0.03774007986192835,0.06891940420592575,0.028586095733251115,0.039654017652807634,0.06434295139217425,0.06303089126881214,0.08149386573587947,0.06030156949094736,0.07338269026748057,0.04885882258062696
Montana SB 112,0.05599332101637381,0.07688090120806691,0.24238473607308164,0.011181572597415037,0.03788647447761668,0.018924386336655052,0.018619327904087317,0.022175314559205458,0.014128854902874317,0.05443777922264613,0.00998867922216699,0.05180385582115317,0.030043856883442924,0.016414361628822823,0.044573590944446156,0.01011707962614203,0.01290921777055724,0.011832168692155797,0.02631960939028403,0.030481256405096295,0.10443856204679833,0.05433048607704608,0.027485896040479792,0.03944783745415347,0.04675467854409748,0.06043403172140392,0.04178651471241873,0.09552013843493969,0.042191695411628614,0.07418655973521446,0.057500743692353036,0.11265660684091926,0.012253231751557663,0.05349708049279911,0.06327510762627038,0.08022255559545013,0.057296221297732965,0.04630396135782779,0.04543148276162169,0.06510298168256654,0.07651477714258735,0.023841918326178282,0.04765026898023263,0.028302275815201967,0.018017788941025587,0.17786891760919507,0.07284101838198655,0.03597415179661749,0.06317315133388744,0.06227044547371794,0.06299090859745006,0.09299971166199092,0.048522363995393794,0.10076522794758314,0.03958438755689043,0.06071721207826346,0.03303418766589889,0.048073429282026854,0.0367789922884343,0.0802413809134058,0.046916437667154184,0.07091505835556322,0.030442664092695505,0.07413162543731883,0.017926794759349506,0.06461538346360528,0.01131101194747881,0.03483496513445543,0.06141777772434541,0.008841562097089608,0.030839473031201034,0.016965319678855194,0.013444412357410227,0.027930755077632076,0.042755414251709804,0.0700646260379143,0.019414573241512325,0.026988561010058514,0.11425625716842623,0.05989557668940281,0.03150883899588605,0.008197421159080003,0.035941240001674625,0.007123128416049724,0.04306743811693499,0.03014239405331232,0.02564914126921709,0.014222837739725946,0.02001560626218986,0.14132372143970795,0.03823447258423395,0.02543366747501855,0.025693127286163117,0.050818866584013224,0.017983934771375876,0.030796148337172393,0.019211582408195985,0.1369962446909439,0.020922548363329376,0.07499425198951887,0.05026276005101509,0.03407544360784143,0.0293957472105028,0.028718131853976897,0.08463592994102376,0.030281330718334915,0.14835418934583963,0.16698879361261984,0.09114955651474918,0.15026910527913143,0.14482737696246478,1.0000000000000027,0.28807527062484695,0.13337200921309805,0.13763852423316278,0.11729505832390466,0.1633229104593819,0.15128367385384814,0.08197185995409699,0.2559264783826145,0.09972719101608402,0.03268806091435367,0.030766736774312423,0.08584953402742795,0.03580829619443643,0.09333424218337401,0.04774903434831731,0.1391590556376903,0.037804530165058914,0.04701273696027297,0.020000990450656956,0.049715408437904764,0.029893302083032907,0.0326884096764703,0.009987860821624997,0.010963783809625885,0.06095385308934645,0.10518705111029275,0.1361613953910389,0.050662510768294054,0.03744746591008464,0.027352944025648113,0.10181673226555409,0.019762403898121738,0.03542537637074803,0.011227429075174737,0.06252987738115405,0.10475701330705292,0.03019531095784946,0.058650819758114044,0.0054016759808121,0.06989244655165598,0.013794777599570646,0.011231542662490651,0.023859869937654647,0.030483421926402715,0.04753895880616844,0.00951323975972415,0.0328790915734436,0.027771459753585095,0.018296361665072702,0.023934031354772553,0.035105608704329425,0.020009203179259284,0.039977539734766955,0.06316433450707673,0.06584768773902465,0.1390353309948577,0.03680786944096676,0.20877303816007484,0.033814029031341966,0.08950696421195133,0.008366230611465948,0.12585476107173643,0.22487747602973895,0.11540323598234468,0.10299080974197841,0.046997881405058374,0.041814977210283336,0.11362659568938567,0.03375437887413348,0.032863749312433695,0.02909385304378859,0.04772338785223561,0.09252508684750127,0.0679429910684459,0.056012953818696254,0.056918644087244015
Montana HB 303,0.0499880593719825,0.05876039934348687,0.1316765816418269,0.014976261947225657,0.023371724242610806,0.01657052389811532,0.015902712108194383,0.022850625385545918,0.012680650170501441,0.021750446130634503,0.010135205636201733,0.03854413456879962,0.02161114124903696,0.019760345952375163,0.07381823675124818,0.030229857385287297,0.029945973753843284,0.02972742263007325,0.03982089804456468,0.026101143635922905,0.15800744863301605,0.1545753894400241,0.018460871276188853,0.055005519783858196,0.07961719032299004,0.1184838306509688,0.14343759618746169,0.17469335556834711,0.08344577122787296,0.08088776811369502,0.04498991058942839,0.10623157420523525,0.011551032692713828,0.13498231134767982,0.030724357833834808,0.22436019856356174,0.04813509153752858,0.046991293860548636,0.03788374794226119,0.0662971990249608,0.10700047812426756,0.05151362288109777,0.047160422204295914,0.08921491149150759,0.014836003187959555,0.09628893591916671,0.057866058043497315,0.043286061912742105,0.07941566135448008,0.059816018473951064,0.08500158698348717,0.09504612664650915,0.033911704586307594,0.0360616472984788,0.03143736038716666,0.05453900490104037,0.0343034647883917,0.06397258525440161,0.028206845841406643,0.04612162169092212,0.03807250193398918,0.07230577250263703,0.023578475802376857,0.05937558520270082,0.018840425211704856,0.09160908126456105,0.013601668253290724,0.029118630052174743,0.05040948665386732,0.013023348006472152,0.13099062003076242,0.012666985641099433,0.04304636573123757,0.028667935270092464,0.039346489151297966,0.06677626861874901,0.013945651967250302,0.03347835352828921,0.17613658211876254,0.11851462796880406,0.027206524468401928,0.01093851415075509,0.014323389107306149,0.008963818959167653,0.01809381703404957,0.03019335348801183,0.04782399869169769,0.023258169335096855,0.026917810512546388,0.10192944474915633,0.014544169703176442,0.047157244025640456,0.05513607744308856,0.02634840554094068,0.015694903657910084,0.03954986685345543,0.06152007173413418,0.08932562633300742,0.02552721789510435,0.07368477878395,0.05544818283311447,0.01786440241096587,0.034904241092816694,0.04072376548607416,0.07052575302503372,0.04444246402435724,0.09880281969126065,0.14768251508204608,0.09255700903486686,0.09528908087507801,0.22196677054065453,0.28807527062484695,1.0000000000000004,0.1724291762960496,0.21724115510988662,0.07739299929809938,0.18763319317935112,0.1816862390369386,0.12323418431106366,0.31118606413711203,0.07461054201185441,0.035222370588092564,0.06339401145340383,0.07549475122611668,0.040919414619753874,0.10703761711496146,0.08123257604666614,0.08272712152187514,0.1152656080273543,0.117323462036029,0.022985193439235233,0.013302071899859921,0.03280586294956122,0.029953323373083995,0.019608332978705744,0.012968710402823148,0.06758167740525417,0.11233646340967487,0.08486270428023106,0.07182817603207871,0.040574224452888684,0.01498614621535521,0.0660239406271746,0.035624323568327655,0.028211528056461644,0.026603973708547512,0.09005064492175692,0.13498139098478473,0.02318510144157855,0.0744740462334499,0.01392252114470916,0.04980314171390219,0.017501080143503777,0.014978127491823385,0.010910188728092953,0.0177636321952991,0.02497011546948151,0.012534264044352057,0.041032885630945995,0.030737571657990757,0.022998365550264493,0.021526416621758537,0.029360096445416282,0.026635778172351517,0.025827390258982008,0.04700912006750944,0.03467218030022702,0.11757831192773342,0.018851229120536894,0.0891064818846587,0.026451987617048922,0.1972531163793363,0.017078478053168134,0.1070989968734535,0.1785232801518946,0.09718301779221104,0.05643166518573378,0.044462716656649866,0.040918831659392495,0.07283590790778897,0.02357152434008975,0.03724708532220558,0.03202420467008875,0.04735332918595912,0.06332872596428897,0.04866887481372352,0.049137287038407224,0.03132763356760726
Montana HB 575,0.016057116562746252,0.028861716636645357,0.07859522060096538,0.015274069287122301,0.07595546738325452,0.03424008044427426,0.01553475737144414,0.0159339976071783,0.023794161647021247,0.023103274933517205,0.0073733592205686566,0.027400615039178886,0.06001080636121754,0.03580273636050678,0.046607014011913174,0.011784461912297829,0.012626910913447698,0.006983910747491556,0.012797511173408053,0.014689721962501822,0.04066321533650698,0.04189203035069106,0.011429075750393515,0.009959197896819516,0.033677265879096946,0.030939544121329706,0.02260891067745067,0.04784461876787814,0.01498999256319391,0.04847644261038363,0.02392153730102694,0.03299362927659004,0.00961219549323047,0.02394409256104236,0.018149993113255262,0.03996123201153094,0.027869542260780544,0.011690735051760217,0.01822386259404057,0.07454049183392543,0.0348530499482733,0.014254278323443932,0.02948381944318879,0.017652906217316595,0.015012177326321862,0.043812023293759265,0.12508919148044473,0.0309808564848213,0.08874218294432606,0.045403109383743034,0.06373774047873304,0.038246959832853145,0.019103382276815885,0.02201797341450501,0.08580728345077512,0.021186429844153313,0.015104533693407664,0.0689049511443831,0.014267005501148467,0.15862506879461358,0.01628515751657861,0.022705812555555375,0.01674932139292436,0.03635326133692258,0.03949900311988162,0.0321582380732355,0.023038786365631017,0.01975751941808441,0.036657967738917684,0.0063430597758597105,0.017661155406683664,0.007008760684963356,0.0044572899187478,0.01565005726085531,0.09378592283632327,0.03790888127426463,0.007683944811125184,0.009030200789086201,0.04029304656531268,0.01940359191027221,0.010513680059076658,0.006489028682561503,0.010862287578373441,0.004511107318201705,0.012619416656775951,0.017198356295124503,0.02037307073766145,0.028898052487824823,0.01663427394611588,0.11307268150431515,0.03952612373496677,0.023106222578737984,0.032589962762263176,0.019119393636573376,0.010963749894761867,0.016773801333643795,0.014291981170511458,0.04814030650914513,0.01860704460469038,0.026950926061451493,0.03787626759133219,0.013899224669361904,0.022852370295620403,0.02288675903623779,0.02881469950641546,0.025404593441411764,0.04598644737869069,0.09484257731870646,0.04607532870759564,0.05349603205562972,0.38372718096768427,0.13337200921309805,0.1724291762960496,0.999999999999999,0.20523289586557786,0.1273785673170389,0.2509665267351339,0.2799603158441051,0.19735179829204588,0.1988259154903334,0.05910634223608099,0.016564380992009714,0.04100699833948067,0.06690420802916124,0.016471040231816246,0.024720594219594796,0.02545385542206902,0.04487829067739969,0.02407955684678612,0.021726064069555188,0.022849001393107957,0.008756563742694108,0.0173931378445514,0.023288321014828722,0.01128935927109789,0.014652557695294959,0.025219943387864176,0.14408664106667263,0.049722665985396576,0.021566263489421998,0.018589419305937563,0.0668619512775219,0.19983198394142046,0.038219100017159516,0.01834277694217311,0.03222589692230714,0.038210572666246265,0.04848085917947111,0.017445712589935713,0.032259124216494114,0.0037033319891167753,0.13851971169222269,0.01870721699946488,0.011471101173484027,0.02405917840989112,0.0353030187467477,0.03790940690659988,0.022942584335192747,0.0274379834578144,0.018208798883455415,0.020818794049177934,0.022464611903664167,0.03746486749858209,0.019926668342604356,0.018560071227633597,0.09326884121644388,0.016776292939622475,0.1618440713681436,0.03132895527830686,0.04462062095542123,0.016693510560700217,0.03592097649727669,0.011691409708693886,0.06900690563242348,0.07763424706133995,0.04549155757700245,0.02955641937925681,0.025071781110028505,0.03834475138551269,0.03530000126633663,0.017064130548239312,0.0318581503619827,0.03957451470090811,0.031022959680483898,0.08955544705896962,0.030538201800694078,0.07515350490758856,0.04403333496612293
Montana HB 625,0.02139988398044695,0.030459891018559334,0.08031941267278521,0.012749967967999811,0.05746207059521287,0.0226859238985586,0.011222172462910487,0.01745104098910568,0.015629702424280356,0.060105810502687804,0.017366541977265712,0.02758437315163285,0.028410480012890427,0.023280206026705184,0.036248829654280904,0.02140523842297962,0.021898980813526148,0.02203697343654539,0.030837049937437508,0.026903137055928936,0.08154508422559917,0.08712249127858385,0.021088559043700363,0.02874062800137017,0.05601505420897013,0.05024225183953851,0.08699198618211142,0.09709476382066343,0.04860410818965862,0.043640601627967665,0.028711296592941152,0.04522041969162985,0.015116782846859071,0.07137574420953698,0.023908621936048296,0.09213932549814124,0.034498175586647806,0.03692784616584538,0.02821753512747164,0.053829092041817836,0.05685776767778986,0.029829798460613604,0.029996610434789857,0.05213505058166653,0.013957619066996291,0.050728340302920484,0.06369934902151607,0.040991020785221835,0.05171917400168966,0.048518022241755575,0.05329622452629808,0.0590364899799702,0.024493568714599845,0.022769051294417825,0.034215222722017734,0.028316698469000767,0.026335085086916624,0.2463495208614164,0.020857523390934777,0.06720566277682959,0.02364452553817756,0.04084234370294666,0.032009226815679546,0.05010002344325126,0.03708949366765655,0.043733893882826926,0.021162846852043903,0.02758984469657685,0.034494854794912044,0.003757703342330468,0.05813306278780344,0.005667355556146213,0.02269316777890694,0.020561682859862387,0.03848958502508196,0.037330303785375295,0.010199163184162896,0.010948706149049586,0.11510552664994685,0.046158788596554264,0.014515499641541911,0.01065268699382687,0.01709908497670676,0.00686703404256973,0.018805721040299216,0.01984445055678772,0.04510102463666937,0.02042200581114027,0.028199915859411902,0.08430454525764153,0.10697181592856625,0.03273003576844688,0.032588893424428715,0.018900615628906724,0.01415690063510354,0.02743416371850939,0.032904560812309275,0.06151167939410835,0.021058875103606326,0.0458628203139339,0.033075983119302994,0.01169385961733736,0.020907146020465287,0.020797495824637934,0.051758827703180924,0.02467539609014878,0.06546254206533798,0.1074100062082374,0.059453152931421095,0.06598660446577652,0.19091812633950905,0.13763852423316278,0.21724115510988662,0.20523289586557786,1.0000000000000144,0.1120154107556696,0.17703614761888356,0.3029150757408633,0.1602276055296572,0.27214102171880905,0.05883398187953282,0.023136481935438966,0.05028908172258972,0.06294015571157455,0.02082185155770261,0.054596123962982815,0.03653083453856453,0.05936240087557265,0.06452155252529505,0.05733337921354495,0.017341145872278037,0.012837254536692096,0.019471689017439724,0.025157384867700777,0.011233704208706058,0.01491274028105963,0.0480112247026811,0.21502356051422528,0.07025411075671237,0.042210782754388505,0.037758805142091754,0.04553994833763795,0.09662364679360037,0.014334145682911251,0.02317089642829572,0.04254655662188212,0.06568265863316919,0.08447874840376644,0.01869893389070354,0.04443405816298036,0.00764146632840221,0.06715542361289012,0.01385481753533555,0.019348300094034855,0.012329504634621046,0.026252780034192538,0.03921626281555179,0.023282193984452776,0.028099491759337875,0.025276900466230587,0.015733635533269928,0.015238195154322967,0.019647560606986258,0.018614144331166375,0.017675684337242436,0.060540058114854446,0.014301588800932376,0.1316036113457076,0.016261421140506722,0.06312177125896948,0.02188537525021972,0.11370651103036501,0.013377605808077023,0.06562043743138125,0.10486375841745027,0.06933320048211583,0.03597670546474578,0.024257485649832575,0.03460438823194814,0.057693001041871125,0.019334410857374442,0.02873503808784129,0.027376462329680544,0.03701893849157075,0.05578743410359284,0.031212373234066632,0.06779205647949331,0.04623015646494472
Montana SB 154,0.023892608742106133,0.009050025827018152,0.0063428688767501505,0.0033366413028069796,0.0024146517399837226,0.008818129545361984,0.005106381518046513,0.012111546333603661,0.01446093755931411,0.004047978479142346,0.00735217634573584,0.004233876955972487,0.018832786743634138,0.000893740910271348,0.0046530207700788955,0.05629311412049195,0.05750110712242549,0.004165873870210291,0.004410154858820346,0.007884048588977973,0.01070797475990413,0.017450880327604973,0.011646055986557458,0.00967569458127728,0.006556742484642908,0.013561690064524932,0.00278455005865176,0.019054491633835546,0.012764483911113273,0.014308648086365349,0.02525670534593624,0.010051928716289368,0.005670228418949892,0.006967758417597607,0.008800950109185806,0.01630225707842429,0.014984803822646463,0.011239958341461569,0.014370279044747648,0.03328338316661271,0.02188314382783358,0.0117114210195632,0.004108828291102439,0.006103160382717077,0.03518539304516846,0.015003288172976467,0.009659857040679504,0.007450289495540989,0.007832231109212334,0.013445949678752749,0.013889542880217345,0.015480500614436352,0.007392251962935197,0.005857380957172146,0.006639282966696434,0.009019276462401997,0.0014369589752422532,0.008638479763200185,0.004174809617308897,0.008911921479569282,0.005208426151704099,0.006020995593340433,0.0055274079597168475,0.009659620043045204,0.015663015272409167,0.006885477754820633,0.007144626209153258,0.015204526338245396,0.007684711926454304,0.0,0.0010849452671777427,0.00331784938822733,0.002309702554168721,0.003376047676662606,0.008222258225000147,0.014172695888715529,0.0020503982188541554,0.0038305368033076602,0.01220311575080074,0.007761177939420814,0.009037107418684033,0.006334746471868618,0.004422843120475851,0.007189753439407778,0.014981428828986723,0.011156831530720944,0.013707378235437433,0.0066105336185692766,0.007238287331777909,0.02429597117698164,0.013355650233260399,0.009124019744371636,0.02709872957514601,0.00865141901198287,0.010887965615092142,0.007939727409788794,0.040000873682135465,0.00544397017199094,0.0028674623454641116,0.010023359457491401,0.007340079060725414,0.007729993643931453,0.006209584307694875,0.004453302503086456,0.014614418687463116,0.0019899660966742273,0.008965741935607289,0.008882303190576441,0.020785020907339836,0.023334510263975174,0.11889263823678375,0.11729505832390466,0.07739299929809938,0.1273785673170389,0.1120154107556696,1.0000000000000004,0.1503065426212726,0.19627895189057967,0.24412678533894663,0.0820843690683755,0.010422416402955216,0.003521153704555895,0.05633923519882164,0.003220017674663319,0.007658801658722809,0.01243106111541311,0.03800935300912509,0.008240050779905594,0.007719486038945982,0.022935156522444104,0.008976032988011686,0.006292243951692408,0.0018963497822047037,0.0030875346702248945,0.002820252805614241,0.005179605579791059,0.008367396024923611,0.014628708382208656,0.014840185831003225,0.009127102990496613,0.006401980129686859,0.017669652673349162,0.011656867671799069,0.013319935589029351,0.009105449934236716,0.03034129276242764,0.005735284923294464,0.018718580689423975,0.0014462592214488461,0.018975864565145908,0.01292498018169298,0.010082489917275313,0.018098804907662698,0.0022746161844525996,0.022491657113382052,0.029316804229420953,0.017021534338769073,0.020799602404525906,0.006661332559295706,0.004364153575524749,0.006511893744442166,0.00859898984662487,0.004616554669765361,0.007939915194663996,0.006380247961926863,0.013092064645451054,0.00865911080806276,0.017608235784639995,0.0071836673046795085,0.012973914950047885,0.004375726891721707,0.009675160738135092,0.0017295371176080478,0.018185125401604496,0.010321693813731386,0.0053331708000930525,0.017393265053367007,0.01542784418547733,0.027110038754962113,0.028656722060019603,0.004706659399104923,0.011621947226710717,0.010123369201380666,0.008320402514974644,0.02063556118922595,0.01251297152961599,0.013043798241213699,0.016652578264169302
Montana HB 544,0.03366158141333785,0.046013998624446446,0.08876144683004995,0.02363131827475072,0.059572368827401745,0.01665100912008051,0.02853158342603475,0.018879219608561888,0.011852885674466183,0.02541611300966863,0.012559124500947937,0.02955796326336877,0.04091190321127591,0.031840939009510405,0.07884898512299804,0.014578251444396095,0.015647275832243117,0.01572615744543622,0.041782567148273685,0.046630470867354654,0.11302458477100852,0.048327917176828224,0.031598575765228135,0.018597552788835073,0.042775557503405615,0.0501239992844548,0.057289165513450806,0.07998490967124867,0.04429964962090046,0.06386588103488357,0.0374382864110265,0.06818594123738585,0.010760527363688408,0.03314775163745691,0.031639731650895335,0.07697902055709081,0.034024921059021544,0.036596242184537615,0.0478458151115341,0.10787030663392502,0.06288993851289963,0.01720722952824201,0.05366708775113897,0.04679895048219214,0.01356971861777455,0.05976100428260254,0.11093655664126648,0.028540009924716826,0.08144289309196248,0.05903370079165457,0.05504982811424028,0.06871762194958593,0.040123045996728654,0.03806957594938742,0.08230032553540016,0.034372219983633434,0.03852217154277655,0.056586719162084215,0.043423911658966266,0.07870674464334397,0.03299834049501482,0.03628446138399688,0.03641499424053345,0.05372514664360428,0.02197802273053947,0.0739250137480166,0.01253913696911604,0.03151529378436323,0.07224963374652778,0.007594359434170252,0.03560446786837081,0.02873112749610497,0.017649047502068475,0.03945310791730944,0.05427055616322997,0.06618198027388356,0.034559913114324006,0.042092795798331084,0.07541007648837976,0.03526256390107325,0.016589282127908972,0.0052111935539782064,0.0093257082701466,0.004294295418888278,0.02144983174701342,0.0162072158188825,0.0341122684925197,0.02087575296127889,0.017683778839820894,0.1160306537694343,0.025087890800895855,0.03712056334917677,0.025052595463024633,0.021842351514337378,0.014167644402542425,0.02034271444655906,0.013147027533639104,0.12352564386085799,0.01868185854012928,0.046007554573588745,0.05889787542778244,0.03265244782143317,0.03873962379661411,0.04358032206682929,0.06046114098032335,0.06224073705519201,0.09613013882223502,0.1469050246172038,0.07527777900837612,0.08030667587991426,0.2547008491037901,0.1633229104593819,0.18763319317935112,0.2509665267351339,0.17703614761888356,0.1503065426212726,0.9999999999999994,0.26820147899393626,0.4073445736357007,0.26816116899809544,0.08978223842223101,0.057461934684804206,0.023197791567698075,0.0560921838586511,0.024749691263631635,0.0541562468682437,0.05350008828032734,0.06752123235135296,0.03546338470553587,0.022673307625810355,0.021479677090506393,0.019366589822052294,0.03465568513906729,0.05766697639492748,0.014921293407049818,0.016875229085083626,0.048962847497017466,0.13723858837234826,0.10477172822882144,0.05366974817105428,0.03111963168786701,0.034380911653074726,0.11098105097017955,0.0524509090768811,0.025727578413817714,0.02514386781522181,0.06629942794386026,0.07442084866019462,0.03651303855456857,0.09974400052328829,0.005539064375977592,0.11452613427797682,0.0160918200148265,0.02195035612794184,0.019960584841917862,0.04484976394411328,0.027685888095322374,0.022824990886769533,0.06893648717633642,0.03186945476776786,0.01274970355623068,0.024381793471701177,0.058566128743680154,0.013984696088723322,0.024543992495690548,0.1055801650445188,0.018510295747918633,0.14897455826588252,0.08507650167995198,0.059527478662458076,0.04252265828573617,0.08912771840504705,0.025927958899464854,0.08031617995076648,0.1476123854856048,0.09208423927783098,0.0349809551831203,0.0314663414942621,0.06142490891214658,0.048634136247596035,0.03470997704159132,0.06485980038265549,0.04938619648267912,0.048793960309349724,0.07378677352272113,0.038419119228491956,0.07203806091850834,0.06495459100496906
Montana HB 721,0.029783480436429872,0.04360471991090873,0.09801024878455468,0.023101707052876553,0.10765199223712463,0.046267518218950976,0.027584175866699326,0.01858154854410848,0.03275275688361541,0.03245537993028136,0.010539886999232043,0.03169408199127934,0.06822978022494311,0.049614013422027,0.0542642591109351,0.027800590866368616,0.028380548375749954,0.021963949196840925,0.03159509626135691,0.033862957078239955,0.06309786963979207,0.036963800976652396,0.023475907295367904,0.021898895713478514,0.06335462492963606,0.05170999346672666,0.02321468142260415,0.06682745100129402,0.030792488586348293,0.06146441464063726,0.038958938757818744,0.05020071761753847,0.01105614180449219,0.0261264416143147,0.034906875144822255,0.044468234224091525,0.0371630473528474,0.031807296408997966,0.027239948594981637,0.10698080874520355,0.055891182329463385,0.02757357622302317,0.029660740474445214,0.019234733558604798,0.03301387927483113,0.0621350883469501,0.1414576658569458,0.04291127146370983,0.0754379825116225,0.0703157226420237,0.0647859042723707,0.05894846774319185,0.02484876593905154,0.029879285577368686,0.10583365955773233,0.029719030451298263,0.029537453103798354,0.07928805869372778,0.020632888728996285,0.20782248248621452,0.02334696451556496,0.04205836745819316,0.03334167102083018,0.06527650297205487,0.06600506960286324,0.03371564754791521,0.03138978203899548,0.035241549371618885,0.052427211384606,0.009981020332400805,0.017317038736134494,0.010064155739160054,0.003990347208862827,0.014890963263876355,0.06867007368546894,0.04660339494329978,0.011946146127185971,0.014553600881926674,0.04698004002186428,0.02139578698316808,0.02148203387255549,0.010350106400666314,0.023965103729288735,0.00627731874420556,0.020239685977262705,0.023512322710019636,0.028940222650679935,0.017140698545577957,0.030203911665546597,0.1393523631628065,0.03218959002096015,0.02834755955648174,0.03201730069975342,0.03075122727412661,0.016898478380987045,0.04356671451770215,0.027553660585041082,0.050821420219879995,0.022703366033573254,0.05137165336810238,0.04843215618110341,0.02114481252933743,0.02782398021058,0.03577584240013427,0.05313625532370561,0.03537828139088487,0.07454975479039792,0.13130932425173814,0.05733237821595441,0.07663731200419352,0.21970691248078772,0.15128367385384814,0.1816862390369386,0.2799603158441051,0.3029150757408633,0.19627895189057967,0.26820147899393626,1.0000000000000009,0.20149040097668452,0.24686624981433883,0.10961055364039576,0.026865722248841324,0.03439315936564426,0.09324225724134291,0.02275133639384317,0.047274199954943544,0.04890017753066141,0.07102257529300034,0.0373258588608424,0.030200440924626874,0.026770573023433036,0.012987564541850257,0.016953873339047715,0.03079303914022333,0.016867016318617437,0.020382753428680546,0.03813920223574795,0.15036359846243716,0.0747977304697583,0.03987445176629158,0.02909548731596991,0.07735395546346821,0.1894933453906829,0.02758457961129192,0.026350036103848326,0.07229920050950872,0.039019009089944205,0.06787771312130768,0.033953177091148354,0.05444560707642587,0.010195324285644725,0.20399624108804013,0.017275679492086263,0.021530884773718773,0.031334916029260584,0.06833766562753466,0.04501985236300864,0.021805171887255573,0.03505713256155182,0.0326304296732496,0.017275782937774348,0.026132859355894763,0.039830196201576344,0.018421088875513685,0.0223702565553444,0.09651450360337381,0.018117716815807115,0.1720006615992548,0.0352347919542511,0.060821725637857836,0.017298740408187217,0.04717856127747998,0.02244145922216346,0.0826316665843061,0.09987865652134197,0.04693565313100801,0.026805759409428455,0.025367060730748455,0.034339507870917586,0.040478051205961194,0.024090642212500204,0.050014215092248814,0.06806586636894893,0.05596485159739894,0.09792449586845611,0.03851043736965811,0.1578474836635901,0.06027849934737512
Montana HB 862,0.01779154559050553,0.015880105602222458,0.02184228687184226,0.022087431836160677,0.06311142127046104,0.01641015658704009,0.03992557647553886,0.015458826090737489,0.009743205169784379,0.004509646262609681,0.010444736968187531,0.007639352571294928,0.013764397173974832,0.02028354813656468,0.023126010555894996,0.010368826789199617,0.009759276067434687,0.005313957371656687,0.029152525616280234,0.042601968741034515,0.038845546361170505,0.012870473719681402,0.007111246141445123,0.003308496335472692,0.007812811456780188,0.026409077033198232,0.01224755522020559,0.01843652177429664,0.008053560089617313,0.018081902537316955,0.021868782678531637,0.013096706824259155,0.009863453269228956,0.010722654852909791,0.013607244336963106,0.027180346630475777,0.01628275874269508,0.013488312165625193,0.019412836031682746,0.06166852098912065,0.01792231494510647,0.008051669624440408,0.011136667100906012,0.012351927185259981,0.01896010025182177,0.019850076362945012,0.0627209334942258,0.018988607453347954,0.022176572951568,0.024145017450470242,0.020779280454503658,0.030940238964673676,0.007397111982120761,0.020766178443582847,0.043446200223089655,0.026525495543106934,0.019672801057091724,0.02187767478168055,0.029635544492806577,0.036079378568249804,0.01655903008703435,0.019189641873754576,0.010688456590570248,0.023837295637793597,0.01380835908244937,0.014307797918663323,0.011251730232683284,0.013159683082831147,0.05257900121633861,0.0033361551034158327,0.006812546437474595,0.006675999650884624,0.004012473675061767,0.0070802444070244335,0.02174187670094259,0.020043534648541892,0.07765477426804822,0.00516505169962058,0.014265417792151429,0.013672261899607071,0.005629824978547559,0.00661802542344045,0.0064303714149754635,0.005716616266986539,0.008184162962488575,0.010462869107470194,0.011775940101582597,0.013206387029786498,0.00778062918543643,0.03596147588423043,0.013517634497348833,0.010422698092917496,0.011015237074730339,0.018308654032728956,0.009805749848903563,0.011573032961244942,0.007950765915369643,0.02500035850313119,0.006688647506029176,0.02272357625359152,0.021808365111181192,0.015175887016430236,0.010170768792613392,0.018275451560361207,0.038349570153951865,0.03431751703302794,0.030219610858408748,0.038792353624218436,0.02051258872132591,0.02449449989643488,0.1928902242622435,0.08197185995409699,0.12323418431106366,0.19735179829204588,0.1602276055296572,0.24412678533894663,0.4073445736357007,0.20149040097668452,1.0000000000000009,0.14800223481150168,0.055982481082768654,0.07235055566443932,0.014806069004846587,0.012945925665035262,0.007594837041889924,0.01547075251540687,0.019174376679536045,0.02229982862243912,0.016590421455226517,0.012092388660105749,0.00874260680598127,0.009201033713931363,0.012357905081667366,0.03814594061329134,0.004383058180724914,0.011002684771254451,0.010864698217183194,0.05580917177440521,0.039606523172763634,0.05609913227983516,0.011178258268086093,0.03823632051024079,0.04878788315212669,0.04642281904260232,0.01763448737067448,0.01752305552365359,0.02589239699439237,0.02853942210721748,0.07362616775766609,0.032295052928588974,0.004231133340970702,0.05474910832827534,0.026009379919899583,0.01511240530103403,0.02662434120606527,0.022240353012128827,0.017809906868506146,0.018823813451344575,0.018692393023850888,0.04838406594169004,0.006930004801218088,0.014873192089003659,0.019192116612539355,0.010105687379985774,0.008861322969937363,0.03748526727609232,0.009707936300173239,0.04573457515273286,0.024007317417840415,0.020184914379600717,0.007901734776620309,0.018837032332532918,0.017519578891281532,0.03095103821239964,0.03246167785410432,0.01571258336221508,0.026533603078898866,0.01171196641991289,0.035471427438089474,0.018792676931670523,0.08212708756515012,0.038185431681355096,0.03012819632123381,0.022091219764858287,0.022391050379574902,0.011979157672309294,0.048958942094401596,0.0653993581108286
Montana HB 937,0.056408128341108796,0.08634326567761873,0.1409739189064445,0.021688639885918837,0.07240226722697328,0.017660277314470556,0.04115493123160557,0.02860316257718566,0.01909481538927209,0.03836018891232479,0.015851133865090773,0.056705408887720785,0.02123190661734751,0.02710002967513865,0.10229015528755232,0.022703402451850617,0.024242063877223614,0.014855668026465558,0.055785340715502445,0.04711580658570912,0.18244249559084275,0.14749176864592364,0.028118390265201697,0.040600240381584767,0.06602120218172591,0.11537089385215858,0.1145991532710433,0.1582390119210408,0.05824586150114241,0.0848379477224878,0.056678735658169443,0.10329119287348641,0.015873799875593078,0.12414472006612139,0.045181571033188615,0.20655961191350397,0.06266794798791439,0.06331874303900543,0.06835414715339139,0.09425268504381173,0.09081891517036231,0.06058265178209309,0.05702713079220949,0.08753369302113428,0.016861968967177517,0.13185516902509356,0.08079798558002375,0.03140887850668939,0.14035032664173838,0.07449633887794244,0.11920625465312076,0.11748940837853462,0.04636669041500585,0.03203917702716469,0.03392668665519275,0.05177946317729844,0.030129187371482517,0.08610374585758532,0.03912101764663096,0.0915400129776436,0.06333920407863147,0.05730467736541246,0.03284633675643649,0.08297218029456009,0.04073603775834226,0.08748917605986453,0.02681207909351127,0.06014073935563393,0.10352769300763899,0.010051937256863456,0.10047642947202881,0.016088917861264027,0.023517831795249952,0.06370615986018978,0.04189081025270324,0.08738357356418518,0.02727346203276182,0.052328802503455105,0.17525731727601104,0.08046534777843019,0.041566585733260074,0.008368902853593365,0.01780604551134639,0.006683445689247215,0.03383924633030957,0.035273318300242246,0.05418183735468438,0.02619877573553016,0.02421378555395891,0.16777582420981835,0.02975618549022612,0.060129692295676995,0.05160854816655082,0.060094695551783775,0.01812248369620627,0.03718926824954091,0.05550176028443026,0.16462642093885718,0.024099114706863493,0.07890125611927747,0.08290365610851196,0.02959017924673651,0.06750524144895541,0.06746412248786031,0.08196377026578298,0.09306343939405683,0.13472977655703947,0.21734557291961526,0.14517680626115786,0.10742653336964114,0.24668309485926826,0.2559264783826145,0.31118606413711203,0.1988259154903334,0.27214102171880905,0.0820843690683755,0.26816116899809544,0.24686624981433883,0.14800223481150168,1.0000000000000002,0.08438582087592855,0.06455329014728851,0.06567106048477794,0.07938769862913315,0.0437986454115631,0.09331045425697113,0.07968145658223426,0.12454343356152171,0.09693565590839194,0.08614655490971912,0.021231607494050595,0.017571232453580835,0.04678337404701778,0.06473824768819675,0.03049890536773367,0.015998125361545875,0.07513249114238942,0.15394338979283909,0.15035426514107525,0.07718557935345911,0.06163772393837095,0.03622426016778823,0.09896535819080887,0.047249352743843294,0.03565092433129572,0.021086829181690678,0.22494228317527792,0.1394975517260168,0.044597026461502244,0.09103236332135715,0.007695038868818618,0.05961347573690295,0.011580538921480974,0.02946950178051876,0.02237259400837389,0.02427051938536463,0.04200203353954366,0.033724383461118966,0.07172469057315271,0.04979136351343916,0.02187827002108565,0.0412721459066308,0.0695995464254817,0.033538379645819065,0.054236598731532804,0.08977974982912441,0.045191918849772056,0.2213028108493591,0.05321256838371529,0.13320967649579976,0.03787419070071612,0.1855566604186722,0.02801260709787737,0.22531446829472468,0.22885111255174864,0.1410763794365729,0.051091367711058426,0.05578957014506556,0.05549118385379288,0.0819652976441164,0.041256281245819475,0.07845654687731272,0.03674259917479619,0.058852746226389537,0.07490600059797232,0.07193946906228116,0.055900025564628725,0.047527849402334024
Nebraska LB 574,0.051521207552857405,0.08807358821059744,0.17072202318280033,0.019875729215128455,0.09552766713875632,0.0354216933179745,0.03912741063853807,0.029219527755861847,0.030933969016525748,0.04846154546411647,0.02277934668693502,0.0706143920162268,0.05525861602880479,0.057387441471827685,0.07021528948314099,0.016990912378650965,0.016749974654803837,0.042127883150752686,0.027907438870191065,0.03822628544266173,0.10731502070204192,0.053569633362647875,0.030035297773099903,0.04712549866483095,0.058071385477111416,0.06083304319101498,0.06652664976509239,0.13021120206137657,0.07226941396943655,0.11672465584844928,0.0670020195025451,0.11940677670153357,0.01385142129605934,0.09831822834423454,0.06637144679539586,0.07719296493601724,0.07753580178943184,0.04533703155105484,0.03858182491628485,0.09766306904512262,0.11012010396535855,0.026312006801281967,0.039805463079204205,0.04103800867147878,0.01713216896407308,0.1240990120299766,0.12198573375057314,0.09870171136031351,0.1267757256286634,0.10525252242302263,0.0725205848019965,0.07800873841754906,0.04567277851977473,0.04380612137855761,0.08369361462735507,0.06666624139719277,0.04988476295506534,0.08815545913285033,0.03491777626694324,0.1366073729962907,0.04958385479923662,0.08255027919438701,0.05498580440016003,0.07861952931959404,0.03164593945558305,0.06819491818905321,0.07666317990745791,0.04635655210062196,0.05966275395134947,0.02005815834461258,0.037826946643674135,0.023309962536583514,0.017026606241130057,0.0422144228421425,0.051410485298862635,0.10128602395175579,0.016129599800048588,0.019357577742764354,0.09208849588816517,0.06286067006142215,0.07061927364084981,0.013912152188801513,0.02620892036811206,0.006771664983622037,0.02119610896765149,0.056415124337831024,0.026279437696194535,0.028654436723885696,0.03979519448579012,0.16532603523054284,0.02995259361436517,0.029991760813251944,0.058001102336484,0.0437477609768437,0.026338825685503636,0.04143424045194524,0.03396490696736291,0.11376064648854631,0.026468884438213502,0.16095481190650326,0.08680795003581072,0.054719293599306155,0.0388612862510635,0.043253695737510416,0.09217367363579271,0.03299359261946471,0.13002112108902458,0.14741099546346295,0.09296992516026543,0.11990104903209714,0.06776301836719893,0.09972719101608402,0.07461054201185441,0.05910634223608099,0.05883398187953282,0.010422416402955216,0.08978223842223101,0.10961055364039576,0.055982481082768654,0.08438582087592855,0.9999999999999968,0.07567774157134327,0.05389490033147125,0.08200094450154567,0.05541357168288358,0.1045556373991001,0.06554573823840514,0.14642768654245847,0.09153331387704375,0.09972972425563541,0.04449565459171429,0.0243558524260915,0.04624450165861517,0.04464985722735717,0.01629599447720133,0.023665104458849735,0.07960615632560848,0.15044190059473977,0.10958147793000221,0.05591862743188832,0.04122976830203888,0.045261517569786164,0.1590247270982641,0.02600845265456558,0.060817531712064374,0.026169221575711332,0.06163500972047659,0.11761354424859126,0.0323877885084639,0.05884815509966074,0.006969270437163583,0.15894815550826888,0.023911771853227144,0.017254939318783902,0.022340256967228578,0.05174924898929009,0.05517549253915286,0.017861298576463677,0.0463212170345181,0.02763430081979495,0.027277621455526375,0.033876476981040994,0.057623758439991624,0.02831750978065215,0.03481281323568227,0.1027864539637998,0.032633565349405175,0.15419593560043,0.04114351143160922,0.10317151318118757,0.028337509027147413,0.11450808696659348,0.013756491246475256,0.1349665029271686,0.15355363539973133,0.081443651536491,0.03303430706123616,0.0660942985881248,0.042497457388619944,0.06410006406340958,0.03411913787385054,0.03910203555608945,0.04378110594210814,0.05950626808888876,0.09470547910761014,0.08506842339629067,0.09700489453684719,0.04989866030040179
Nebraska LB 814,0.04929801683882644,0.08517233807066081,0.06438842561673741,0.02072726198806114,0.04018312867339472,0.07447479382200962,0.12739388592367445,0.02731552919892371,0.020032011983109135,0.015449299813737556,0.01738780596378232,0.0565236885660052,0.019584221504520227,0.021296198556890158,0.13558775322624236,0.011698248946799873,0.01586807082161687,0.018871573473346837,0.2517452488160795,0.2639056598088987,0.1856738267522678,0.021721776359526757,0.06529601879304757,0.01908618313223202,0.03411043703751659,0.06238506359495584,0.02823371132375215,0.05540913564823598,0.06575835299647427,0.09901653728926048,0.037764844248825716,0.10352588109496495,0.02067394136867544,0.040983817521223716,0.020856109918291513,0.06329495915324922,0.042839210636913,0.1301826109661418,0.044703232925183474,0.07389544912429623,0.038293874767755205,0.02584516943799347,0.02323677402185755,0.03230014879812665,0.023754149536853245,0.1135168709298066,0.04090334937807285,0.027715978761882424,0.11189096837161853,0.07720003245621343,0.0410213850068979,0.07835548822972635,0.037940648772673835,0.03126384773192924,0.017895975510175265,0.12263975706436848,0.034009937124128885,0.040347351700465384,0.2242448744513918,0.03116267421967321,0.06804764758666448,0.11538787992266998,0.038861093752245064,0.036521881413949076,0.030059221404986396,0.0835887226320698,0.00847426925171377,0.05541536887162715,0.32657694121776637,0.007361290058196046,0.02022934191868423,0.024170506147624483,0.021433418095261603,0.029318409566494473,0.0209636713365178,0.1092287707196889,0.3134567092998188,0.030947059805031974,0.06087890780695746,0.02557413735338255,0.020770040654936622,0.005009731746743229,0.008211092860478539,0.003319449124996195,0.032847895795997076,0.015542044096296392,0.022118822606712333,0.015136382245228943,0.011856208729632394,0.07655840113727827,0.010125486645775054,0.03780202480648818,0.022520272987406893,0.10419077420973395,0.01070009941208666,0.016365485276601453,0.01017090879147037,0.11972260666608192,0.015294916507172579,0.06574096029937539,0.08877736501631621,0.0492756867163267,0.07794033473293971,0.06700073537638858,0.03223458379324844,0.23414811585818085,0.06835311585697948,0.12054454949984023,0.1447357682228045,0.10635882075078139,0.03826456620354217,0.03268806091435367,0.035222370588092564,0.016564380992009714,0.023136481935438966,0.003521153704555895,0.057461934684804206,0.026865722248841324,0.07235055566443932,0.06455329014728851,0.07567774157134327,0.9999999999999999,0.015342609522130934,0.03638046087080337,0.025534987892219002,0.053376221855721016,0.05688005283596101,0.091560014830841,0.035617890121190966,0.04089435263968839,0.020644642255921726,0.014834246082112843,0.06579201419172943,0.2906893690017262,0.022610484835823463,0.01203465352002651,0.03913179795953863,0.08873545166846183,0.1442742984370676,0.26719877523561464,0.024872694299464104,0.00759897714702075,0.03611965635633727,0.10249654565649319,0.08496415097741632,0.007772523233308641,0.045861519938324,0.0582749886511315,0.3199060967619936,0.07978231474194472,0.008128807260332976,0.022729944596817413,0.005109287266183696,0.012052349207271029,0.03377980715999765,0.012298145111099331,0.009859826535720805,0.017507875857973684,0.09937503525838731,0.18465708945420856,0.013863235950221516,0.04597502423531364,0.12921830416813093,0.014403195346029,0.052139635335824226,0.07473589435550472,0.027782087003904367,0.04953474282530213,0.046082685652212324,0.04865999477169561,0.04869507386669391,0.06571903360706524,0.01519972354434426,0.12393624005076653,0.08659434399472124,0.0722906197282562,0.016341806893341266,0.0342156277729243,0.02749277552368676,0.04927389594668949,0.2501254925400237,0.09267546697567802,0.027415675777921075,0.0681318961927696,0.03970789992865066,0.050229900330716254,0.04548913243210863,0.024264267299511512
Nevada SJR 7,0.03231580254059188,0.02820512905803609,0.03222485462829781,0.01879599983872611,0.018305115485007812,0.020752409014690523,0.019259429198462335,0.014121307551726718,0.028991029655368292,0.011673954879424063,0.021822331824408306,0.01650908038725715,0.023388431895389118,0.011850022341296566,0.03623540232566326,0.10079440942315268,0.09487882624678215,0.037902073897330024,0.018191279248009132,0.018015247840276482,0.0578863882623745,0.07875502190744389,0.020102285959711787,0.028180357422605162,0.042227503160039245,0.05215695913809329,0.06600771109082372,0.10012914472935494,0.05076630731056075,0.04119173981287714,0.022422617620262777,0.04154885847424658,0.013952377003036712,0.09221672701189233,0.0293566692910363,0.08911333942579114,0.0356844884098069,0.029599933299782194,0.036525610367993164,0.03936365541350529,0.11075603641544783,0.09669020404257864,0.03870763522141653,0.08566870707327526,0.03212213088865194,0.053186523852618045,0.046413208917471506,0.03228456058494172,0.036653147540841244,0.03898204669879746,0.09884146627331894,0.03520365128504853,0.017635940219537148,0.021958404664197913,0.04066577298153307,0.029588667486815618,0.020494493889674656,0.029187506182191646,0.016211368581816665,0.02983652661947439,0.01723379620688688,0.022968016430031067,0.01573377205012773,0.02413200760989275,0.030774398342611833,0.038471247866161865,0.023609209022784832,0.015075275762563598,0.01924265050310811,0.03993431489587519,0.10717382914482247,0.006550112480422859,0.016890784328849596,0.018122493211810597,0.0372951499774229,0.029257492488109788,0.005954594052677988,0.04516111484779231,0.08524097777887515,0.06212620175027565,0.021072699895807023,0.012752600483193051,0.007587980913386887,0.00798595604068774,0.06567965815306791,0.02584225175112088,0.06510750138505554,0.014457454480229759,0.03063838889213217,0.0708188971684136,0.019933424526413057,0.025157433859026808,0.405766443277407,0.013032247114654387,0.010008464773451718,0.013369964536290165,0.21970760850800122,0.04577446388809989,0.018270809992714795,0.041078618119384035,0.02290701226964541,0.008583498937104408,0.019434931502007837,0.0268220932924022,0.028357273913467766,0.010132560819368178,0.0511701041636947,0.05312911871184928,0.041862675630824284,0.03978623113074999,0.03754089056003634,0.030766736774312423,0.06339401145340383,0.04100699833948067,0.05028908172258972,0.05633923519882164,0.023197791567698075,0.03439315936564426,0.014806069004846587,0.06567106048477794,0.05389490033147125,0.015342609522130934,0.9999999999999992,0.0630113025236547,0.053124268270696134,0.07605795988545323,0.08872076111027681,0.037531982147634445,0.10725478650881765,0.09949424103217443,0.042345979188014526,0.022700153337958096,0.016843418779664318,0.014290185443270409,0.0404068366881651,0.02729249896423347,0.06983241700870818,0.06510185310861785,0.038343483488906496,0.03035991816907637,0.022241587355712304,0.02879558983348263,0.04360181899959103,0.02296333143017706,0.026099900849347164,0.06906948128435732,0.04438235082821074,0.07338241112267496,0.006560249701146972,0.049931429485716175,0.02882665583295312,0.04862695632755717,0.00859931925630077,0.029773755426102774,0.012628931873794774,0.011620736717426292,0.01492351194032164,0.03117237770847732,0.027815224159132255,0.012440638503480216,0.009671449548382222,0.015478117148450467,0.015043339275336484,0.010295808505522582,0.012270909678851544,0.022682398783871665,0.01914196192587776,0.05439075933861378,0.02615410181494043,0.033390595672879386,0.010951731997191046,0.10675272017852856,0.01691278584728046,0.052480190380466224,0.06840485176441931,0.041417126831567085,0.019757076535334595,0.03356685510254232,0.027700433435228735,0.05103559707335756,0.013544457645225657,0.027398112131194422,0.02104329127765542,0.016556738327055513,0.044418758326435874,0.04803707899808316,0.037969703284282175,0.02377930052619256
Nevada AB 270,0.03164974844813278,0.058936300023049705,0.25671890555122345,0.008367503142556318,0.02656646143928647,0.017613627501396643,0.01820654394725306,0.029274435148111868,0.013632620973224574,0.053317958938180754,0.015823024746456728,0.07657420331817519,0.032081029125428005,0.021192727171864677,0.0461073714314323,0.00902822192355162,0.00902112784916569,0.014940800416642676,0.027651446377788026,0.02997561252975534,0.09021397818434208,0.046034669055292764,0.027092349741682703,0.060812628407497286,0.06737141679156736,0.042306887591911986,0.05132882911583362,0.09941348225354876,0.05672481914551857,0.08028367961312963,0.042243251852855365,0.20895079623188348,0.008525613439673046,0.047748297013461234,0.0346935568150475,0.04837450413785658,0.04201732457255345,0.03635769185278035,0.021462929984090735,0.0577660484658414,0.11749954253150605,0.023871954887268062,0.06795410798917713,0.023455056143171022,0.01245053637514204,0.10473950056259504,0.07763301147690942,0.039629298855745725,0.06044119751834997,0.07274244299764779,0.03549078927994478,0.09180587110707476,0.031914729781528435,0.04268922235718901,0.05557109569808322,0.08010844200305105,0.03798483099533043,0.07255464307233285,0.03485372987463635,0.05835643612255272,0.04724674676202676,0.09560731623242168,0.02917187251666152,0.07008716044168561,0.009521031930051322,0.06218345692949724,0.00827346331496023,0.029501347893196354,0.03722258366353368,0.015032743651950595,0.03601963664230954,0.021188998051499177,0.019284450902509864,0.03960218345937535,0.07115098957613404,0.09018720224244933,0.014025841538340814,0.01802681784941662,0.06583305654414354,0.046300882480471775,0.0192314440984322,0.008820172146671551,0.025827119707580334,0.007229751484734682,0.022603646576489035,0.020304882738552108,0.0168436838032355,0.017499058399555862,0.029137099122048028,0.13134185264657566,0.010008254122902807,0.022156267048813953,0.024527270009992535,0.02575758446414678,0.019443500352398897,0.047038179707000735,0.014200196282755276,0.06459677563407637,0.017641506649931128,0.07466107362284954,0.051711800090232136,0.029227460526063044,0.029132385077616875,0.028060549745687207,0.15255248207322472,0.021943703076178937,0.21583935400769239,0.21386174945689415,0.06883676693159531,0.16744627710495366,0.04959392683381806,0.08584953402742795,0.07549475122611668,0.06690420802916124,0.06294015571157455,0.003220017674663319,0.0560921838586511,0.09324225724134291,0.012945925665035262,0.07938769862913315,0.08200094450154567,0.03638046087080337,0.0630113025236547,1.0000000000000013,0.08963901272598442,0.09786631023749447,0.03412842062211747,0.11269412885911632,0.033438087650478995,0.043889073124292396,0.028340307228019338,0.02595930671203799,0.027011534789734202,0.024470375152537756,0.009535007348509381,0.009917138000061299,0.04746312330136631,0.10941189958823608,0.09111803230517931,0.05823109956943805,0.046743713451778954,0.009988519815975613,0.09349410428653063,0.014465025520149735,0.030331069443055112,0.011568431044596374,0.03849724184493551,0.11091068068954026,0.022009024672086788,0.0350593639466453,0.004949158020251441,0.07583078579867622,0.008672974602864512,0.007536554234266684,0.012417751151615263,0.02383049836225619,0.020662965076635936,0.00910916251127368,0.03811384748095343,0.026714873511188866,0.025637449490952483,0.04551335931152732,0.037331706115407516,0.02960753031137779,0.05988828773007256,0.0706744128658485,0.01993523017797772,0.16774623062430838,0.016912669492530976,0.09079642905090465,0.02046689535787757,0.07181184639255178,0.00599445360486082,0.09771993254043175,0.207438222968913,0.0698810956265167,0.02367462569459425,0.027333385444480596,0.025933621168855597,0.0468670890019129,0.01973387402873312,0.022444096569379506,0.022082838188229204,0.05265738919869801,0.06800165502250916,0.08976397820150638,0.05228974971057789,0.026097796663857163
Nevada SB 370,0.06419031895877757,0.07599960233873936,0.05579894969996957,0.009161473370284383,0.01714540678809938,0.018969562222813825,0.021072317664275704,0.022665668066646674,0.014852682716152059,0.011023623244658148,0.016317995002278336,0.03247685398398573,0.014933344950834752,0.011208544759387404,0.0402518674113215,0.007864065233171494,0.008262576444657678,0.011460176194439446,0.020978671160597158,0.03370509238146716,0.06709692220801448,0.02381488270474398,0.016671725762234194,0.029217439717000537,0.038813391461703935,0.08103274063416538,0.02923019328078022,0.07399193246457884,0.035703787418339364,0.11398469738767979,0.2341643775921116,0.07800392135718784,0.007757020278369901,0.0398143761624768,0.0411222197112497,0.06801711547991618,0.3682555184808584,0.027438438857409528,0.028848525657756873,0.03418789990493536,0.04649654023918936,0.015605931021156623,0.014290059717584173,0.03204019071587501,0.009571626573161327,0.0609504877829328,0.034366451140669566,0.03345018127898972,0.04113971536270393,0.04491456759871147,0.040444395214696935,0.0523580478028191,0.02011504117561011,0.013094321781191989,0.015296145169347184,0.04083418611332523,0.026598262202145312,0.03865259331255513,0.023534939922650766,0.031126971727619367,0.03614471708700651,0.02983676487168317,0.028034463556909812,0.03361786210284068,0.009713565130332735,0.043649607731410016,0.005091263970717834,0.019812705046606323,0.032841296167860995,0.011780809299960575,0.022818949298568196,0.018922426875226706,0.012829210390655597,0.028726697972157194,0.03325310683292874,0.061341939833322416,0.012246734090287632,0.016516039458241014,0.09564221677132029,0.032624810672265914,0.020135616597055407,0.0112890422937579,0.017245644039111066,0.008148216802782153,0.011876621396681528,0.015299975558222384,0.013052993210344676,0.01143189129664352,0.02823758090349974,0.06441095471628956,0.008899695579866591,0.018428437657514264,0.03233364096279941,0.050661630463022966,0.01649058408998383,0.02426329075711569,0.014327891535580025,0.05622596370517403,0.005805425546362595,0.04039550248376857,0.031748753047119105,0.014209724220291362,0.023398758141719617,0.02653677578464057,0.031278344233790674,0.01670395752279024,0.05053804108448068,0.056560618180477126,0.03908579624169308,0.049901345792158935,0.032087959182351224,0.03580829619443643,0.040919414619753874,0.016471040231816246,0.02082185155770261,0.007658801658722809,0.024749691263631635,0.02275133639384317,0.007594837041889924,0.0437986454115631,0.05541357168288358,0.025534987892219002,0.053124268270696134,0.08963901272598442,0.999999999999997,0.08257401565378818,0.041375774101825594,0.08663294781156115,0.042976058080997706,0.05406208101457802,0.0175318969812598,0.012143766855229058,0.021864462828791495,0.02358134978934619,0.008590319369902448,0.005281747574103079,0.036855810325616356,0.04965674621918384,0.04368252608654817,0.03147959985676362,0.022066606709579967,0.008762265101179806,0.04263787152286903,0.018111411398856112,0.02581906793404029,0.00860715059817137,0.0358748723070855,0.07317446888317707,0.01606101688644638,0.037138367698880154,0.0042814441272516915,0.027943839849881497,0.003289507595846539,0.005265174310458474,0.011128644388201965,0.009107077349148075,0.013684818194519256,0.00559817315642147,0.02924009774679188,0.016876174263638778,0.02035051272355947,0.019975953754843418,0.025718454803662645,0.019382889487049224,0.020142742150975754,0.05738539173989734,0.03816544092560892,0.04231639454343361,0.01841672555777117,0.04477628849884995,0.013393744772957747,0.058208384649153025,0.005389846850460601,0.07105072112254497,0.06881217442709595,0.038596941928662455,0.01309589147217944,0.8067490047760815,0.02200180786335792,0.03105175297840742,0.022696538750770462,0.02245028239319339,0.017346553586156537,0.0322050184059221,0.03587447607334903,0.029778143896736955,0.02607900151263668,0.01879513646491212
New Jersey AB 3975,0.08484635845791841,0.14753482803442328,0.19907769949731788,0.034205283720657315,0.06886568868741277,0.061117238601992245,0.06309819602151825,0.055407738898425714,0.04019501708032266,0.052715426437295,0.044370128652186085,0.11662575390230177,0.05695607373787089,0.04567279714357214,0.10833138914001081,0.04271987542717683,0.04228091365956419,0.027680527806022624,0.05366545596772441,0.06108783039141696,0.14033312296700448,0.071064189956,0.036436453180109046,0.06856834854482977,0.07209356218775298,0.1000598937574176,0.11528910112485324,0.20173017137440463,0.09407798019964579,0.138535568202289,0.09250314467169353,0.17597731538706016,0.02881079129774587,0.14670242054221036,0.04222486529074517,0.22609066933048405,0.09735366660977954,0.0804107533931968,0.07893736190521093,0.08250154788985427,0.29282286381378636,0.06646775672034448,0.043043210310144506,0.12112927035127913,0.040842728540726285,0.19074930970299553,0.1045506412815609,0.08456730858485818,0.1428282663875659,0.1383644884697038,0.1240694991589736,0.13254570695429546,0.06268097151956169,0.033697428466406575,0.03570221915664916,0.08134996938703153,0.07696130220024534,0.0746148417256195,0.04813853601582141,0.05733109067180831,0.07133179560592673,0.06804588200111047,0.0685343397390406,0.09726881752317006,0.042228785145557515,0.09081892524169204,0.015192815526486955,0.052744189831593694,0.107316219124957,0.02579358846133482,0.12947138604969505,0.021280753156182115,0.02661039001051245,0.047096984072381276,0.048621302765381645,0.10270989165811119,0.028076426457328583,0.06995739065870954,0.14387812455961313,0.10574894215206752,0.03332338032816665,0.013906625525958278,0.03368218865308222,0.015476012943095013,0.05186285540375266,0.03176931701035362,0.03818978662292339,0.033679169417576364,0.042000036712678046,0.15044638832662433,0.01250137904470425,0.028729141747539128,0.059580270281327424,0.036162644765932145,0.03264296928420118,0.05001485209090858,0.09693973340378655,0.15631818963582583,0.02948997904064385,0.09965507503345744,0.10055133419524002,0.043660719241011885,0.05047180864677401,0.07165746788778767,0.11701837695690984,0.05719173728500622,0.17100256008773335,0.17429967209755648,0.1332288210917925,0.17275339692309122,0.0636879814755593,0.09333424218337401,0.10703761711496146,0.024720594219594796,0.054596123962982815,0.01243106111541311,0.0541562468682437,0.047274199954943544,0.01547075251540687,0.09331045425697113,0.1045556373991001,0.053376221855721016,0.07605795988545323,0.09786631023749447,0.08257401565378818,0.9999999999999998,0.2135551264299704,0.24574165519827573,0.11143979818819673,0.14802384979093833,0.08219599465291041,0.03477696152214378,0.06158965944945009,0.0749728551304978,0.0359189329650913,0.027634447344249566,0.17772312969152196,0.129545051501491,0.12018995723642506,0.08050248415230662,0.06656382146648919,0.020189271218925723,0.08218333170999774,0.03466505641289099,0.08082961452259231,0.029634623559684877,0.06954590975160348,0.1513972959872554,0.0652274750828837,0.11029330803358747,0.030552690752616775,0.0662283800630904,0.018180924364191567,0.016396315256215523,0.030831315717693698,0.033128987026936306,0.044787273766050274,0.016575008019785255,0.05460680405947786,0.038256163449039794,0.0382532562184372,0.05274546764088068,0.06915051629701585,0.04299496962976634,0.07942535950701672,0.07922885752079226,0.06723387147300475,0.10326305443308677,0.041226042884485906,0.11471644946887638,0.04428182765797026,0.1994878825619359,0.013212023545080285,0.14983786408126867,0.17343655065196548,0.1024981213975576,0.041591115383417906,0.09808968392645931,0.05552876123323416,0.08675523637852232,0.05359424096632252,0.047220703183506074,0.05408599192106504,0.08299743347307145,0.08953763239283494,0.10167827038067116,0.06835422312622462,0.03424852850848748
New Jersey SB 3275,0.04859847184779045,0.10906489056000404,0.09360880658028962,0.05277362818093503,0.07988788525203176,0.06319553841549228,0.0846368036272375,0.06342862868314714,0.04404661426231217,0.03631778789135195,0.040402594353519554,0.07646079269503049,0.06462163337495946,0.04243113520217254,0.14419021291965803,0.06849568419119058,0.06654410137288669,0.030165381826207253,0.04685226567617442,0.05256393632263224,0.1357779859672686,0.059732125244026484,0.03450443342650744,0.02289738050478305,0.05503056080163644,0.09403965577483542,0.09996263624624162,0.12693030176335016,0.04740017915130762,0.09124294177005694,0.06545286806365039,0.08938408833075868,0.030358032743920595,0.12296423439860374,0.06519256596640631,0.16284381309623147,0.07381381868928809,0.054936198407792035,0.10585727910712643,0.07997560924447168,0.19065419606006326,0.098624863014282,0.05480249399107242,0.151219447240963,0.037584223376404984,0.11843517190745587,0.0812571071082788,0.049901794267830105,0.13235660288177023,0.09525421297964111,0.1516030543091091,0.09167089703629999,0.07041581044670188,0.12024127191028319,0.030634192550257656,0.061219815738264946,0.049036034423899824,0.05985168724262657,0.05390043117945519,0.06814021639010562,0.0656887715563463,0.053686878065353466,0.047915698942052276,0.05720963651541487,0.07005214628897678,0.09748358000131782,0.011580581244374328,0.07187407158353414,0.09805020286130921,0.028728141014128867,0.12442971049394262,0.025395504385779043,0.027203906501795178,0.06767389046380909,0.03428942917030852,0.08961973572475296,0.02615296752175286,0.09086063048458362,0.12992011304364184,0.06385819459863529,0.016829284769193542,0.010268204541102473,0.014829784266302545,0.008376714178294147,0.05459385056078183,0.021899742066647597,0.06505324236291761,0.018331434611761403,0.013400231576404546,0.09480157289959659,0.02471651044524398,0.04093259442957395,0.05476826705587149,0.040130868361153184,0.017186172248487536,0.02449355260641797,0.13821731045736926,0.1864954761512542,0.024005558493457473,0.059350857514043086,0.087550732384739,0.04400970333916654,0.046967134375622235,0.12834746541915518,0.04451259803522718,0.05747001896299282,0.08509802654134888,0.1307817701994786,0.11827651539177911,0.09537821009807734,0.06194077033849769,0.04774903434831731,0.08123257604666614,0.02545385542206902,0.03653083453856453,0.03800935300912509,0.05350008828032734,0.04890017753066141,0.019174376679536045,0.07968145658223426,0.06554573823840514,0.05688005283596101,0.08872076111027681,0.03412842062211747,0.041375774101825594,0.2135551264299704,0.9999999999999997,0.15397445896157477,0.11131911191453585,0.10225330772797288,0.05255755758864263,0.05241012974321625,0.062151400826392776,0.06877585985728403,0.0538641025758152,0.03302320462025128,0.1152867654769913,0.13251206538481694,0.10458714345811243,0.08024334307325823,0.04289681957506519,0.02574426852701647,0.06673291487631924,0.046689379337376,0.09214705371483989,0.04504371076544674,0.06964454652617043,0.09815838282591592,0.080142040783039,0.1413969069840065,0.039539898699294675,0.05481141631554067,0.015326526432591947,0.035542921155042005,0.01517363230786341,0.03013278038348443,0.021442009380634397,0.030154833839567904,0.06434885343619973,0.03820446252705441,0.014878423355430114,0.05118351483683882,0.07259396373037041,0.022175212428363646,0.03031848070238204,0.06790724385423662,0.023407565319755713,0.0805424848508986,0.051563070533664906,0.05808212454545622,0.04399816077958026,0.1893104415989372,0.02992095514581461,0.11455409974861895,0.1319909830196199,0.09694884891450149,0.035565883783247765,0.06967493935986206,0.05956703179326531,0.08843180017814603,0.056149961746727796,0.04773165164585645,0.06579020916151927,0.0537520284195088,0.10951964927706408,0.06404421573893677,0.059796278637205366,0.044971460645808
New Jersey AB 5096,0.08736403651590494,0.23530430905296296,0.25276453616651495,0.044127076172527556,0.10348319297931034,0.10087526181832085,0.09654760368163275,0.09833373353706805,0.07623632152736697,0.0530508187918971,0.05748741669888674,0.24669731903863948,0.0771637447104867,0.05839471807821729,0.1563263473901377,0.0270319350519167,0.029924895147996757,0.06518545222079386,0.06099228640739311,0.11377670258794519,0.18493653008148167,0.06561367507818992,0.07442203754106434,0.050877492362461633,0.14984478377062313,0.08537466705367401,0.04981434548995714,0.19460869172655645,0.09645070000971949,0.23847472142049161,0.11502842598141373,0.1966561755325117,0.042130064033487534,0.0979467908621582,0.051744557085870495,0.08124473816046467,0.1269618768666087,0.13831947862388186,0.059628194282311385,0.11450892710060924,0.12337264451871216,0.061354659589649994,0.05129994408097174,0.06371462935045197,0.07982074017558821,0.3201770346080062,0.18403885965415062,0.15718471589874816,0.31204738258311593,0.32846493903906965,0.08526550674894073,0.14397095161949208,0.0894891875133373,0.04348226966641314,0.05430895388269665,0.12125144102601038,0.10727899787367828,0.12520456657278922,0.07631793654013946,0.11029054137201671,0.12288766191061523,0.11636867281089475,0.17038704495493714,0.11109040361059684,0.050901033430417277,0.12765887683900032,0.03013279449411871,0.09009193139287915,0.15434696150151295,0.02810902865337143,0.02148110341235483,0.028418120352638215,0.026446939493563276,0.05850515066472962,0.06929042343307935,0.15578941255082282,0.04641119121138045,0.03941657269554851,0.13443795800091804,0.08855944489183838,0.052793959772160434,0.016932353858360602,0.0628641798200829,0.014763222738180452,0.06636644229982805,0.04358144329259512,0.041775762434822075,0.16092449954704716,0.09063104146459439,0.19404164577095934,0.022558522527149846,0.04780499779612695,0.05243311287416491,0.07314262144974198,0.04322197979077939,0.07194022227302714,0.03344684339529986,0.23748867186064662,0.03755325021303639,0.1314494246190559,0.1832933598458564,0.07756503373868918,0.08057658843766953,0.0959442322202692,0.12152209958380611,0.07198571480306343,0.20320862419530047,0.23616228180469714,0.19127812516325834,0.22320368095517643,0.09702435151688966,0.1391590556376903,0.08272712152187514,0.04487829067739969,0.05936240087557265,0.008240050779905594,0.06752123235135296,0.07102257529300034,0.02229982862243912,0.12454343356152171,0.14642768654245847,0.091560014830841,0.037531982147634445,0.11269412885911632,0.08663294781156115,0.24574165519827573,0.15397445896157477,1.0000000000000013,0.0888755762693061,0.10884664229448948,0.0695186501061004,0.04346242598115757,0.09625207008149486,0.10405636225748827,0.021585503233805044,0.01722295961210484,0.13352965577874665,0.24764288537103776,0.20916870076481175,0.10625738850825167,0.23829138139691142,0.03924784018347998,0.19946937395728281,0.03470386133093062,0.11799343899436726,0.02934720212179703,0.0858049501437724,0.16219775575970047,0.1035562787835496,0.12754467612008982,0.009355944931961364,0.1255470445404149,0.01790602248266872,0.01259260798428047,0.043459034138864545,0.055108020558157216,0.1086009328132904,0.015590527569433058,0.08056539772182622,0.05767654594482596,0.09853810831754362,0.07631329605646722,0.12728457860169298,0.0960533596402483,0.09863898595345776,0.16360448337546588,0.06067863777756127,0.16738335497288562,0.06744215058637876,0.1954643930490532,0.056710212980291885,0.09686227695534054,0.010752209922312387,0.27818424859641866,0.22920338423435083,0.11266572967105264,0.04911850571269792,0.09771652325651657,0.06907176955984644,0.11025526724889544,0.08885212985650727,0.07230690195876614,0.059559084257644467,0.18956387709790648,0.13686105606294316,0.12824566562014036,0.12542463757795946,0.0753817855272502
New Mexico HB 7,0.055936338944574455,0.05443038996106527,0.0668557776207253,0.029387040526693706,0.030815174033320684,0.03014642225667221,0.03609482057456572,0.030329943643209966,0.02725029897546823,0.01633080455287094,0.022085362389557304,0.049025252643825165,0.024388222873968853,0.02063079834206514,0.06656073955845639,0.049209792048596865,0.04829431103531023,0.046240417068895236,0.039730190759375714,0.03592064901876592,0.09640793036759188,0.09275431637202866,0.01584335277616291,0.026527978565467486,0.0456103278950303,0.08973129425957335,0.2289404243601641,0.2513352723524944,0.054789335401681044,0.08435328149603413,0.03295112032942095,0.04808484828994212,0.016559993586599358,0.2705146381926495,0.023647679142538146,0.1594318341364402,0.05841631686095778,0.03994507770198147,0.040097754694210744,0.04783432944968661,0.11209060487264307,0.08945982896255993,0.042016040858061224,0.10602048045094524,0.025283970098262804,0.07660972825638006,0.054488853748365686,0.07267636123904608,0.08069077796627493,0.08841719146377142,0.11296581621063741,0.0918841752519144,0.043676929347135844,0.024372252173509204,0.018084281568287754,0.04117487764194464,0.03729022215320907,0.053022575205352765,0.01971116754017853,0.03655592609596089,0.033137242781760314,0.03638007215517825,0.031277731334718034,0.03728192544489474,0.03061540069662831,0.0639018047668821,0.013504934143593574,0.02988687156058057,0.05460933799734274,0.037499751888193655,0.1281210290120898,0.019176262250040748,0.032701955715358895,0.02923870364871605,0.03814976848487319,0.05544487943919881,0.013640961731681875,0.055161141546397806,0.12995547109794656,0.07053817546051686,0.03976719948719684,0.00987652873312835,0.02296564569432187,0.004968773263409765,0.04551194595219597,0.024353645710464767,0.049952250592074816,0.016030616848678177,0.02502723503445854,0.06796275833101341,0.01141739695249916,0.027980253494285377,0.08158620965334153,0.018906943108274336,0.014248259573800262,0.03532071108066743,0.138598654976598,0.09303670247306593,0.019212465165319995,0.08580607513699846,0.04627686720191861,0.03103154337591539,0.03042077858661832,0.04400417602174769,0.039962942381199885,0.041497808241588593,0.05626954745994054,0.09423217970565471,0.06531042179014429,0.06446277957608867,0.053781347120107785,0.037804530165058914,0.1152656080273543,0.02407955684678612,0.06452155252529505,0.007719486038945982,0.03546338470553587,0.0373258588608424,0.016590421455226517,0.09693565590839194,0.09153331387704375,0.035617890121190966,0.10725478650881765,0.033438087650478995,0.042976058080997706,0.11143979818819673,0.11131911191453585,0.0888755762693061,0.9999999999999992,0.5491475112003517,0.03486648561258705,0.02217938953961712,0.04975277059259423,0.04221094289233187,0.03751552645622984,0.02708958757600635,0.0859518161835999,0.08547223298165743,0.0554929926225085,0.05673864022773173,0.040682657393995826,0.02272643878142647,0.04232026880677858,0.018833146629944356,0.031982199055660014,0.018206070274517844,0.05321670293951051,0.21611746223555167,0.049119327455146085,0.06487399622282577,0.01818198499490797,0.03876404316922665,0.01214372149761267,0.01599636431083856,0.01566835968095032,0.013981649603731187,0.033968002722751404,0.03643682011725214,0.04988613082367459,0.02019807504631076,0.021919135963674702,0.03409322103833086,0.04001783090228775,0.028805062069802694,0.021218321164766556,0.034767574256202805,0.034620686660621416,0.056585284042369496,0.02477980836063768,0.04685371045994942,0.021571552307212725,0.37273763851449815,0.01307674706992398,0.07724182004348923,0.0879985826923636,0.06475942314753161,0.021131810084387196,0.07739908235166415,0.03386935334393723,0.06708728865164602,0.03447443623269547,0.0366346642555193,0.02637937757313993,0.03308379970595967,0.04360459867682696,0.047474754101170406,0.044645024650436314,0.020464595391906256
New Mexico SB 13,0.07001310827463932,0.07976643228727255,0.09139230207854225,0.030293815968717618,0.03938806874948677,0.04116658236939082,0.04104038758719841,0.0345274958605415,0.03116436068779665,0.025255166285378945,0.04765793479220027,0.07295704609442721,0.029011425192548023,0.02403043954687482,0.07286865959588215,0.03581722860002781,0.036040863109335776,0.039132890511290666,0.042390787840961196,0.04522224386844824,0.09572632478135615,0.10001657563437827,0.02116327037140587,0.05348988551738619,0.04709381928089081,0.10239039322554233,0.19261542371438042,0.3400541529115913,0.08577375663192764,0.10346467673111497,0.06645023349028793,0.07369291572430871,0.01846744304835687,0.4472639289007721,0.026970888593163076,0.15408496565062904,0.07518543098892953,0.045966091573494475,0.048902429411810874,0.04918510158431099,0.14250624647832108,0.08054012202670714,0.041172220784290225,0.09889873430716395,0.02852970661687007,0.09920213535199421,0.06920091358876962,0.07518385392192371,0.10365503717719453,0.11635327734297773,0.1166769275095559,0.0870022850718574,0.05385131051164061,0.024349909394371896,0.02526751628438265,0.05466857271012489,0.03731675750024658,0.06601938271227628,0.026273669977635635,0.03882198696653004,0.038327704825934936,0.0389491555805494,0.051133950243625395,0.04669601975314526,0.03904660612523063,0.06571777973884366,0.014536394286530882,0.042365264711796226,0.061285634275733775,0.014125908869288786,0.11674850761617175,0.012703958474321299,0.02333969639081227,0.027455535620446905,0.03294217668115243,0.06006383662249744,0.015263943595909496,0.03868382300924511,0.1983847696264293,0.2772225970685648,0.033628609178360004,0.013691418884225006,0.02316304967894551,0.007915588024390723,0.04253692892969903,0.023207075891621135,0.04090762654327633,0.014882961460946881,0.024101772367218922,0.07601117911224262,0.013989521415318446,0.029132912760711418,0.08566910493499336,0.020903976309022295,0.020189045964561874,0.03644972261669526,0.10035752054234147,0.10007495708071835,0.02095091966034551,0.0924524902924233,0.06460483302386474,0.04359283861063412,0.03921581706495585,0.05236580005100491,0.05338503748929832,0.03820616858358943,0.07912459190307931,0.0984008749844333,0.08538731859674105,0.08821469552663241,0.04727413798707858,0.04701273696027297,0.117323462036029,0.021726064069555188,0.05733337921354495,0.022935156522444104,0.022673307625810355,0.030200440924626874,0.012092388660105749,0.08614655490971912,0.09972972425563541,0.04089435263968839,0.09949424103217443,0.043889073124292396,0.05406208101457802,0.14802384979093833,0.10225330772797288,0.10884664229448948,0.5491475112003517,1.0000000000000009,0.07448169469356501,0.018293685065536507,0.0567329338362665,0.0471312693927967,0.027356267448234755,0.02326502170966018,0.20883692886282346,0.10009789683666367,0.05863710325816296,0.06526356129381404,0.03962789799795364,0.027310031739476628,0.053712910336092524,0.017963492637894516,0.04565257076597011,0.034903338756659595,0.05627825354768738,0.18160835709410214,0.056907803050487094,0.06716120396253156,0.01407087819484184,0.0432734275279991,0.011845982072315879,0.014360083002987009,0.013872823615185749,0.014794009386948944,0.033472118449885666,0.026529519266044767,0.047296415133505944,0.020921590487731585,0.020760414966309978,0.036388819729322154,0.0496203893445266,0.027327630098001928,0.02798291196102326,0.04800295719670436,0.03669004631256675,0.06852155402234034,0.025052160311667262,0.057440160766532695,0.025951143459633435,0.4516060354244658,0.010336186170892941,0.08706547240450524,0.1002943677892256,0.05617415929036915,0.024710524865773426,0.08594615608566797,0.036195738225217634,0.0765982685420646,0.038765416296400436,0.030796968203703687,0.034061572274072506,0.03931484859978461,0.0671912333416556,0.07303659319730395,0.0463914475975978,0.019977550107527716
New York SB 1351,0.030764452920410263,0.04192113608985633,0.04958358776558669,0.013582722733528873,0.03332668125255527,0.044871625419700537,0.04161555519516633,0.02475075379505646,0.02367390740843494,0.019894913869578177,0.03137691353956609,0.05602555821943823,0.025614716128630692,0.03892128678309013,0.05563956401902045,0.01543609133079019,0.01832768783050646,0.028221698379013296,0.020701220998073595,0.031081802084137133,0.05916191003240582,0.021070132061175504,0.035606934227506847,0.032456294963318165,0.028333962997743566,0.03791062285223551,0.03458244436733318,0.07653755238902966,0.042116774519348206,0.06469811601178606,0.03716529361403582,0.05861012588876188,0.030114060169162266,0.06767803853514087,0.02115462377776841,0.04531917874439695,0.03383702019908665,0.029828564442999576,0.02869267952165265,0.039176189237477455,0.08294512083827929,0.025556789060101878,0.027645024347614656,0.03749021062737647,0.02206700252010575,0.07665996985556324,0.06572396809989418,0.05888423645761478,0.05597818958023689,0.07262414246068362,0.04248777614405673,0.044416013121345785,0.02898217879016065,0.016048560414997047,0.018738596581050895,0.032592624268342786,0.026099576961317563,0.038277253215506436,0.030996007530715276,0.026013784568327376,0.020287109014433216,0.02897449398512863,0.030153778261966573,0.03290065109651903,0.022849687104788137,0.03011729112915258,0.009198935175161078,0.03745396025158935,0.044153656065601773,0.016652845570456893,0.03176457711215204,0.014348762110628369,0.014915420233269248,0.019756283911388162,0.0380338574003615,0.05074040887853787,0.013599043996295846,0.01792347611165737,0.040585716063085225,0.04607682412487974,0.01188030057193333,0.012369616914995453,0.04191848138046671,0.010116823269743037,0.01539797754310417,0.014697380457996071,0.02273004974330983,0.015128496750645917,0.040547709775848206,0.04913245357983117,0.01211767653960625,0.02602149619512603,0.023296251243225968,0.01327255838480202,0.026830838896221686,0.01951709803950504,0.027555701637635082,0.06287168870410309,0.00781132805206288,0.03470298837817204,0.04227791522193509,0.014443131577201895,0.01650780527829551,0.024520801985845324,0.023871609793598314,0.018866671378732946,0.05716027916427087,0.05800084264633862,0.03776872896987185,0.04506143161112397,0.03336507658218087,0.020000990450656956,0.022985193439235233,0.022849001393107957,0.017341145872278037,0.008976032988011686,0.021479677090506393,0.026770573023433036,0.00874260680598127,0.021231607494050595,0.04449565459171429,0.020644642255921726,0.042345979188014526,0.028340307228019338,0.0175318969812598,0.08219599465291041,0.05255755758864263,0.0695186501061004,0.03486648561258705,0.07448169469356501,1.000000000000001,0.13136967618421433,0.05693377040782257,0.05981508006720315,0.04965993894329752,0.07227602300894485,0.41689033254642954,0.06458198552105253,0.04692822487598122,0.037048672644395736,0.02113967113184195,0.016885425215889597,0.042768211294099585,0.01382872242860719,0.044917655246644844,0.031151982364948826,0.017973466013977063,0.04929335941781535,0.04076726535253627,0.037840916872696743,0.008185967969614023,0.037782877996798844,0.014169132876146868,0.009677339386951516,0.03200854116157538,0.016213341264420058,0.016121654903582493,0.007299620197474144,0.027815699484562847,0.017696769345769824,0.024961596057860174,0.03304699571130069,0.039923820443697446,0.028938290196545598,0.01861233088211102,0.06864019995652741,0.013925244739509825,0.048192699366078055,0.01564498389077575,0.03869104593963357,0.023431752204475097,0.052204835276759606,0.006734222477764332,0.0451958541068619,0.05201955740800059,0.03109725497206704,0.018182533120010558,0.02437150523123003,0.02535626661275833,0.03501962801891626,0.01999321394517141,0.023836141122601188,0.03390499058753988,0.024657365928970804,0.04216061968840643,0.05669365494101862,0.029496788686220302,0.01819069610798065
New York AB 1395,0.01260032279660541,0.027788563702354756,0.050206245933689046,0.006062619905785084,0.014011177348353245,0.014585718857415176,0.01766060101174382,0.021280832775091834,0.013840239453759319,0.029551551947955022,0.01474900547173595,0.028037844631827746,0.013646552328655312,0.009760858182778208,0.026089469554134388,0.009720308511251274,0.010011833512784427,0.021823255483427166,0.037283439667131706,0.019289387763497562,0.03382767213850893,0.013313579770410913,0.03224679556788831,0.01029443107159626,0.015124506973452516,0.01852332771991612,0.01268482308620775,0.02728897749392524,0.016242235518533422,0.0359720460876322,0.023260260031988698,0.05743220685458784,0.016896105953841622,0.016572100640586458,0.08903142317559455,0.01449649184414163,0.021952326213948582,0.012997463307942344,0.16462158209197317,0.019067421033075554,0.027731954199957266,0.029189985556956184,0.024671512653529945,0.01164697459078374,0.011101785637044346,0.04437562151901879,0.019491251724940088,0.020844432537491995,0.02720987591139919,0.03014421032472667,0.026165885729831074,0.025510087029203415,0.016192574211055282,0.019619425121231802,0.009884535872833309,0.028554164337524526,0.015145362526770128,0.02208772128217164,0.016887177302382355,0.0719321909027754,0.022998785345000217,0.03447375623004141,0.013523645992192013,0.018131895125753847,0.017804413381292728,0.029178047939843188,0.003392843300430989,0.023916072188816428,0.02945038839426593,0.01168615457087197,0.0038196686435401353,0.006456756406671567,0.006581545583770141,0.02067132591747436,0.016076041620259753,0.04417188332271135,0.009899443981344205,0.058412190494268365,0.02616176350161667,0.009618057527723172,0.006036970087394312,0.009609108601184947,0.00951289572153578,0.009980790961675461,0.04906873360867072,0.012710089642850173,0.022902873442364424,0.012971397751924246,0.010441146524305542,0.022105074142194536,0.011821057230373145,0.035080560215834965,0.00747776691111724,0.010391697528809918,0.010741565488304862,0.009113665744543718,0.011063782451060529,0.051921434554332735,0.012308117216290753,0.019725795429057145,0.02797910411153642,0.017247193488236497,0.009179189877174221,0.01566782271623242,0.018192946440351597,0.01295940803496741,0.04346800965587007,0.04588947899616793,0.02541396947196824,0.03275929003682925,0.02474231815554271,0.049715408437904764,0.013302071899859921,0.008756563742694108,0.012837254536692096,0.006292243951692408,0.019366589822052294,0.012987564541850257,0.009201033713931363,0.017571232453580835,0.0243558524260915,0.014834246082112843,0.022700153337958096,0.02595930671203799,0.012143766855229058,0.03477696152214378,0.05241012974321625,0.04346242598115757,0.02217938953961712,0.018293685065536507,0.13136967618421433,1.000000000000004,0.051467857864740146,0.12172838428164684,0.12399036056974855,0.18138524038877726,0.15458362980352838,0.03727599098700117,0.03856111104448033,0.046870547443531196,0.022515271389493437,0.014271563868250504,0.023101887352389744,0.009661973080612452,0.035111065536299654,0.005925430873423921,0.019123564495418875,0.024954036746491427,0.011364203034970356,0.029814592404625972,0.011074989233399028,0.013284915768351389,0.01382929562513879,0.0060765473185872085,0.019071064162042833,0.02019287008819928,0.008765249503353573,0.009568046901181735,0.01248438429461067,0.0144148193436402,0.008282659977099172,0.016984769513499774,0.015913741158175603,0.012619555024021777,0.017151338648085514,0.022739460539084082,0.008054353782268516,0.026708676269245897,0.008721148070824936,0.03699930235955281,0.014378456749829963,0.028061816452664652,0.005187102328153049,0.035810761711830584,0.039521457643390885,0.022758481127593815,0.02162070590997789,0.017585452573785288,0.018997253832507652,0.04163947603511887,0.013372791916604445,0.01448931700054442,0.01637889148606421,0.015498451559440758,0.018160316503210084,0.03020564345824104,0.016359441795887726,0.014705973073515354
New York SB 4007,0.04227921746074152,0.07683457563657699,0.06626438947255953,0.02601024377112983,0.03670524981314603,0.055462462976376935,0.06925241032082527,0.038257218894965125,0.024580158732167793,0.019197861560891896,0.022360283735020928,0.06460508785073965,0.025310334968715514,0.0235795933576397,0.06480775583134042,0.015109412960033888,0.0204632347379022,0.025713245789675182,0.04116307849282785,0.06358785513588652,0.10773108163564646,0.02559528490418983,0.03680515661150745,0.0149624595145935,0.03181202948428043,0.04880357578131686,0.03517579002463087,0.06192708792175777,0.03964745749478546,0.08454561450289864,0.03643907481187951,0.09091987340212053,0.017711603861626107,0.03705296812811582,0.01454291301803647,0.06081699256601653,0.04758156307202642,0.029970676190468754,0.025216922131716495,0.046510687348979715,0.04557782332351847,0.028255064361464438,0.02870306492055756,0.04443543837391829,0.013985937621727548,0.10309194859059508,0.05540607059517344,0.05294900529708934,0.0656939369057743,0.055778046293471065,0.03066265108816103,0.04004202277849066,0.032742053632228034,0.01868619253838483,0.012833662626808316,0.04851918172191997,0.03659721628396354,0.03241183729312852,0.07626206373396624,0.024685358268042735,0.05118861973459502,0.053212427040694024,0.033175012050960455,0.03317840482909412,0.017237283920941614,0.07174808698127182,0.01156836543580517,0.056122589045326264,0.08633289171625175,0.03479036876488546,0.037077984254028494,0.04063625380415928,0.03582788422175079,0.04548141219578283,0.030975694562567543,0.06582223167563446,0.040104880857679846,0.022288792827321796,0.05465259670929485,0.031686125625151516,0.01023346291652833,0.012419748306685395,0.013504305374980716,0.011678177370515944,0.035818224365518285,0.007545940533359522,0.02153911902515758,0.014056960389174806,0.009955465656249864,0.04721357091012373,0.009652839121839512,0.026080125027276743,0.02476648091891086,0.04954204851814584,0.015887931928012362,0.01564398354894408,0.01802656363160637,0.15630650921637418,0.017204159480215236,0.07461023547231609,0.056480054404311815,0.029095381560695254,0.06942697479787428,0.040808787336697364,0.035864760027545045,0.09108914736742073,0.06621401524927596,0.09654812553753452,0.10744686527851581,0.08135039425854652,0.03596578236386828,0.029893302083032907,0.03280586294956122,0.0173931378445514,0.019471689017439724,0.0018963497822047037,0.03465568513906729,0.016953873339047715,0.012357905081667366,0.04678337404701778,0.04624450165861517,0.06579201419172943,0.016843418779664318,0.027011534789734202,0.021864462828791495,0.06158965944945009,0.062151400826392776,0.09625207008149486,0.04975277059259423,0.0567329338362665,0.05693377040782257,0.051467857864740146,0.9999999999999997,0.09732189323222122,0.02108735832543973,0.02285051574849482,0.0916914736784453,0.0965319428108123,0.07374617570966024,0.153215790930122,0.02965598426543011,0.007122551076469707,0.03134339510246841,0.025170309333692027,0.060793914481278945,0.008741921288165484,0.042148377553817416,0.03768857216340772,0.06581121102734293,0.061965486380255966,0.004508425086924595,0.062949737491426,0.005349750566328545,0.012149358750607547,0.019994216173423736,0.023569622728000443,0.012120944071852642,0.018625237909002373,0.036800356947967336,0.07309213768113283,0.01091075558230245,0.03689077623545328,0.047236870577781566,0.016584691963874413,0.04064182523522599,0.04857716356381563,0.01966423128107622,0.04377284114579564,0.048826062554082235,0.04462016885797306,0.03793003270228706,0.05519989280661353,0.00417007894846306,0.07964669388736088,0.07957148014097509,0.058366498030748074,0.03682177835202289,0.03650800407636076,0.04099382247688819,0.05107138511663994,0.05985242427852558,0.03469973671525417,0.023672230464231708,0.06859570729149668,0.046575313742952464,0.04414383199259588,0.053932924151056195,0.03857195504241327
New York AB 3003,0.05391908820074975,0.0839453826416744,0.07618454394165658,0.029240901819457515,0.04248459886129692,0.042706204619136115,0.0970369937743959,0.03667052324698482,0.03542869271974639,0.02001637268503931,0.024433180570874173,0.061776978808841684,0.029786984735855934,0.024399720444420715,0.10561375334103089,0.008719919789093776,0.010697923512980394,0.031048747865903715,0.41554342077154793,0.3237025399332071,0.1355225219566565,0.019238294032132102,0.044237556013278896,0.01770667981570854,0.02948701279506768,0.05552332882914398,0.04399437821255872,0.0596016199713342,0.04987909169937625,0.07742424161743433,0.03439680849315468,0.06920999130038111,0.03186755962178685,0.035436986611426295,0.022485666304552534,0.059383752437072085,0.03981211691784691,0.05135091662643328,0.058052112360101854,0.06433796164374707,0.05480925561424652,0.03993588253895085,0.025729693745936328,0.04397479904754278,0.02192790760891329,0.12241645753602752,0.05021941760876471,0.05506214072408961,0.10023256202546506,0.0759251200695376,0.054102955504251024,0.050156958324270834,0.04065754592454861,0.018015359772363074,0.010688625998782243,0.05895721085764401,0.030687240096325088,0.026653826277732728,0.10479492422839083,0.02061145713497004,0.05538730510339768,0.05744901721846128,0.032896973665787164,0.02409880934587597,0.03597789396333801,0.07381116416470054,0.007945144077022143,0.047433820679156004,0.28333444939798447,0.010508588435598393,0.0242361516637304,0.021859583954747585,0.020702874917952526,0.031484888098241064,0.015871785739811413,0.08106719976505328,0.13460058966349556,0.05875579485991481,0.057578202139614364,0.02152534223886735,0.01230194202952711,0.00989906035086282,0.011444995020534638,0.008350531020237537,0.034108385887215494,0.010852920195913992,0.0194406509247079,0.007145877667713392,0.01163858088767274,0.05470085575190292,0.005284524516949507,0.04422151913732292,0.015239577379076918,0.044774087791481725,0.010530627918314668,0.017217432230067643,0.017009462067635532,0.1499191749121956,0.027596032182274226,0.06436402709248451,0.08490847584289836,0.03791548744271483,0.0583382611290627,0.05835759624711083,0.033266211755966626,0.18930161213907387,0.06265146771352999,0.11058936419354094,0.10652598829386482,0.0803118909562324,0.03436977348896435,0.0326884096764703,0.029953323373083995,0.023288321014828722,0.025157384867700777,0.0030875346702248945,0.05766697639492748,0.03079303914022333,0.03814594061329134,0.06473824768819675,0.04464985722735717,0.2906893690017262,0.014290185443270409,0.024470375152537756,0.02358134978934619,0.0749728551304978,0.06877585985728403,0.10405636225748827,0.04221094289233187,0.0471312693927967,0.05981508006720315,0.12172838428164684,0.09732189323222122,1.0000000000000029,0.09266069453372923,0.12210540873265836,0.09403346196886865,0.08323828718758909,0.09801943133950179,0.28065902416069033,0.021878290480517343,0.00841176294613514,0.03196046373220799,0.0703503547249551,0.06806211715922238,0.011120152886270851,0.04453376671146345,0.050640731806906855,0.34500366564063506,0.08343670626366943,0.007369889703479621,0.028391712235174178,0.014798059956537976,0.011030004509558539,0.02113862079380188,0.022414628836561812,0.016415808514428604,0.01994328294559925,0.06725395879662457,0.15085033391767114,0.013153836069792195,0.036769841768750935,0.08405730722133722,0.01858140242363534,0.045545191767070135,0.06390762951959589,0.03382892832688926,0.045983841066867384,0.04560068619898133,0.04357459391502623,0.03926034356027981,0.06825652830762134,0.01624346306667013,0.10750092791225327,0.08107725433029024,0.07979883963621644,0.019744976644592863,0.04768599818641375,0.041821617329206716,0.04678979554351078,0.21353079071930545,0.05788305285052641,0.024261072224975776,0.059591785402613666,0.04239881691855161,0.05073416394088272,0.04161280327134638,0.026085174810986145
New York AR 2311,0.009619883674411673,0.017055482418127803,0.016598710913805822,0.02443017324630734,0.036865073315316195,0.02527868728632232,0.015139125157888091,0.011101130177023253,0.02250917873158135,0.00285414738576749,0.007957898326661236,0.015306442050530427,0.004306703282612849,0.006929646189881944,0.027121476348125086,0.02908688416617526,0.02756352168629085,0.07206790110437919,0.028237881051327858,0.026075404430580883,0.037897806377672594,0.01380389377961614,0.0162911468460199,0.005423134177643337,0.018369918448101465,0.017542393953924845,0.011760959809921251,0.03196052201107241,0.018130476037041772,0.035412266330777535,0.014582142770833051,0.022482881406934392,0.05752500143212603,0.04025475491080886,0.027603653336716244,0.03646286156164426,0.016169961459215173,0.026147214594959875,0.032786991603959766,0.03231298341179998,0.043184022946382544,0.07902573653738783,0.020318983224227684,0.04896016185829161,0.015466026934463091,0.02584555102662017,0.013577437475870261,0.007545056130948618,0.02616769476205411,0.01745322202619699,0.05066645196957465,0.019632857553732112,0.00817455791578778,0.008448479013299617,0.006551661276919184,0.014909499686347652,0.009902832563438171,0.01513217185632661,0.019422838840896996,0.020948058108502362,0.03007194883091304,0.029824458380253417,0.005246870100326503,0.012354455214248534,0.08382198471703448,0.03303745424060512,0.15368664809813268,0.013221024592590473,0.030262448062235693,0.014161238158124704,0.034592132064088,0.004448135396441269,0.008358085694850742,0.015346764459044652,0.006375159369482922,0.02548369598154319,0.014279057219107709,0.05686416858940819,0.025685997603349386,0.012764976098343735,0.0094891084908206,0.004907872537844729,0.005957367035221062,0.002417652030967889,0.040422681908394986,0.010737463193636828,0.0336325365506921,0.010829721273770453,0.00622427802436491,0.02481023043819406,0.0030300455898144077,0.013395435145569531,0.020660861136856713,0.005618442019936088,0.002613098664707632,0.01035111363360909,0.04878200187951355,0.029186617757685957,0.059678301401991894,0.013216156646535937,0.027924817371924343,0.01606010704081567,0.007990879928413418,0.012833448454554912,0.007107612762652706,0.03455687389109528,0.01741013490774398,0.0317263543717141,0.03025791254076369,0.019369485771461248,0.007111110918234339,0.009987860821624997,0.019608332978705744,0.01128935927109789,0.011233704208706058,0.002820252805614241,0.014921293407049818,0.016867016318617437,0.004383058180724914,0.03049890536773367,0.01629599447720133,0.022610484835823463,0.0404068366881651,0.009535007348509381,0.008590319369902448,0.0359189329650913,0.0538641025758152,0.021585503233805044,0.03751552645622984,0.027356267448234755,0.04965993894329752,0.12399036056974855,0.02108735832543973,0.09266069453372923,1.0,0.39234509119248817,0.07221325231828035,0.03052009418142726,0.03341299678710848,0.030025537334143912,0.010175665781860115,0.0075706155704398466,0.01961508725345528,0.019078320820004525,0.013067584110185606,0.028477139153489078,0.014423869127207233,0.03365599069094927,0.014172527111248215,0.039274650038474454,0.03948170330281228,0.015400666321128501,0.007626433492102284,0.04014359436363851,0.016620015359386953,0.006009931322609347,0.014531593104403188,0.05002381219728382,0.02718970319015208,0.015241817859462587,0.006529561413419215,0.012510432379494474,0.030605583533461232,0.0051282019580904436,0.01644101926320254,0.01695529166266144,0.006934673173052412,0.017855733661225726,0.019246580764493683,0.01395462954060293,0.008804786933294909,0.03917628276458381,0.028561445012809064,0.03778685317389747,0.029561665890262406,0.027815189567123495,0.005904995560568918,0.012477109099919677,0.008663676439720755,0.015403900164530181,0.017616456086159422,0.027677826412170547,0.012714189085797092,0.009645206643205721,0.01530894109692067,0.017605836965407625,0.013110474071708306,0.00823712860942232
New York AR 671,0.013081450981969969,0.016141093084409346,0.012906421457986289,0.026127410579572175,0.022254513426947307,0.011469895327647504,0.013772496431056255,0.005105014999335728,0.02767348604798118,0.0037022776175979566,0.006606306271229913,0.019978714474604257,0.01806757960585997,0.01885458346571396,0.028883670636519476,0.019806268598941846,0.01987511205805041,0.12016290741150275,0.017494165260167057,0.012320376870630492,0.02113108666414367,0.013046639159426707,0.014053337901103939,0.006581413733726638,0.00875561815449431,0.013508840082847189,0.010395440506851584,0.020994605291476103,0.010693374457949103,0.018488690583482084,0.013790994713718517,0.022936039161584668,0.056821107626396715,0.029546890718064524,0.014007506107175235,0.02097971244047032,0.015136144412529024,0.006625037499973736,0.01789805563001823,0.028809581627555276,0.01787468931815365,0.028272222218241647,0.029443540663655524,0.028305753334560094,0.020344684067569962,0.021746291553112654,0.024286143609546854,0.009722193932530421,0.02842644356752643,0.014409520630187448,0.02220555929218284,0.014618977378801398,0.0057819583532018924,0.01829295304793429,0.017274310507679178,0.015959421593618052,0.008733819293550882,0.02244684427579516,0.014134155459295751,0.024722022985970708,0.014829071130862662,0.01513524835041384,0.008889283307677156,0.008070187683336432,0.05264598841042657,0.019915282332444544,0.03266481804558259,0.01383159179031693,0.019824383299727265,0.003745183588857261,0.008028403124882427,0.0014123318898281044,0.00833330282205457,0.01887304682210009,0.0063362677904048054,0.02042161373113363,0.007562327893695891,0.012407828792640376,0.01655287886921054,0.008303694397283765,0.011785876105816622,0.0029486306654926656,0.006009013404561061,0.003650493864788141,0.015880188616330237,0.016498135658953295,0.032025650393392585,0.007755052755759802,0.009812989133624503,0.01968191889101366,0.010047864401646229,0.011932524341079363,0.011089712100367686,0.0058913661755893385,0.006705744456449122,0.00870845807933978,0.016950700966172752,0.01763156502971842,0.06554703311014612,0.013697544195456315,0.0197941523601542,0.01015195357120356,0.011115347613537807,0.016601190541073507,0.00739894575631667,0.013743981922998909,0.01675947719610783,0.018863626761614086,0.019065752078938535,0.016211765992840844,0.008954152742796389,0.010963783809625885,0.012968710402823148,0.014652557695294959,0.01491274028105963,0.005179605579791059,0.016875229085083626,0.020382753428680546,0.011002684771254451,0.015998125361545875,0.023665104458849735,0.01203465352002651,0.02729249896423347,0.009917138000061299,0.005281747574103079,0.027634447344249566,0.03302320462025128,0.01722295961210484,0.02708958757600635,0.02326502170966018,0.07227602300894485,0.18138524038877726,0.02285051574849482,0.12210540873265836,0.39234509119248817,0.9999999999999993,0.06296609570659382,0.038095435622868996,0.020181682164199324,0.018840380733377887,0.007144568698947089,0.020593824028485218,0.030871048786005734,0.015110509524281591,0.028860176797005668,0.04606211734520063,0.013270024602394782,0.019671563149424746,0.013167476844522656,0.02219609875547377,0.07325524558700507,0.03036295351380909,0.010919507795630484,0.030115978726161417,0.009147577381426327,0.015349713658002723,0.006700350374742099,0.08291833858345625,0.02194722703102463,0.009827037426924111,0.013587702027148731,0.014731540637449633,0.02036031950511973,0.007130111537000219,0.013454255068566375,0.016708120743968827,0.004323463004006692,0.02445966568403224,0.022699593176883262,0.009020473042591926,0.005850014013504329,0.022677317343099752,0.026124044373213903,0.025128744227100867,0.019679097755789746,0.016029745292117033,0.009992829184777912,0.011671228404059852,0.009638200039454446,0.018216756993570667,0.013016708030233014,0.011745924605560823,0.009051092476386722,0.008009953642090074,0.01184274296388625,0.018372467745335477,0.025557576044174555,0.016581801359685736
New York SB 1066,0.05663138998023365,0.08722779995866098,0.10606624062140588,0.02439358915399545,0.045991980148023734,0.06224751868771494,0.05374165267507105,0.041073882756296705,0.03974933618282945,0.03365100064368593,0.034606993722110485,0.08268168263331716,0.043379832854762795,0.03995133258012705,0.08959635643252638,0.03413921310341935,0.037198903291646886,0.03299942105255559,0.0398536357491936,0.051071717267502814,0.12020207499842372,0.052701788880302844,0.04353441818510475,0.05346129674237276,0.05989730871846356,0.07998839036575776,0.09268728599589565,0.3077737549685876,0.07576317817355825,0.11907530366818068,0.06397618383226972,0.10409582138818527,0.024240108623150243,0.29573231259762417,0.0310609692605985,0.09852745091315665,0.06928816925261279,0.07713218365008975,0.07598877866270619,0.06967732191339274,0.17891420969591482,0.061651428905530874,0.03356141872301875,0.09912119195823448,0.030664186351597,0.13370780673425953,0.09527698379169809,0.08335724721208179,0.09208579198802584,0.10965437369804976,0.10578678612700189,0.06865629939741578,0.04823062258189277,0.02888594578222897,0.028169396464049316,0.05427467302017416,0.04417180247779859,0.06051175016259786,0.0411013280424666,0.048141031901300625,0.04915745624892677,0.0441030789376537,0.04878353548973239,0.06721343684185785,0.031084817885407866,0.07921822785713893,0.010816699521318111,0.046044592272840294,0.0717566114177711,0.0259139520090593,0.11719907292630279,0.025619670753710497,0.022200279340811934,0.042705782759861165,0.05116886451801904,0.09107851913508289,0.020829380448808832,0.12979872619731597,0.18616703535056967,0.34114830970440874,0.02120239599447168,0.011658390954676936,0.0392384161183169,0.01067665332953938,0.037077486641921745,0.019965379232367398,0.03433673507396526,0.01501788314238669,0.040941764884691284,0.10499621768598018,0.011006606341727534,0.03352480947105474,0.04847082439372696,0.02194304675019791,0.028956473660448713,0.04413082125995194,0.08945444156419413,0.16078899084077783,0.016854946943937243,0.06992292687972446,0.07960059703513775,0.03702355057679774,0.034385227541961015,0.05166972562336748,0.053542708173671814,0.04150854449077267,0.10303438942265022,0.12311377750702115,0.09324448819178882,0.09291638738378011,0.052154502922978484,0.06095385308934645,0.06758167740525417,0.025219943387864176,0.0480112247026811,0.008367396024923611,0.048962847497017466,0.03813920223574795,0.010864698217183194,0.07513249114238942,0.07960615632560848,0.03913179795953863,0.06983241700870818,0.04746312330136631,0.036855810325616356,0.17772312969152196,0.1152867654769913,0.13352965577874665,0.0859518161835999,0.20883692886282346,0.41689033254642954,0.15458362980352838,0.0916914736784453,0.09403346196886865,0.07221325231828035,0.06296609570659382,1.0000000000000027,0.10916187608217082,0.09003848710216224,0.06139544292536193,0.039514375132218865,0.019115600220115984,0.06318259708745441,0.033952617829268186,0.06681011771842885,0.048331930228998704,0.053496534462083516,0.10065984053519883,0.044022905763719415,0.09231053711796482,0.014758202115184563,0.05419630532422256,0.012234839719511576,0.015288158074945104,0.03598340352899463,0.03641067993994864,0.03312981163204259,0.0108892300065198,0.053121002655205696,0.02603861441499362,0.02884654101307965,0.04112284968582263,0.05732583365285848,0.036866880570317284,0.03897944062035681,0.08212006887413703,0.03544194442788674,0.08576240576186192,0.0413610254118716,0.08801810848185743,0.05872191873019875,0.2855099177296787,0.0119244839009828,0.10049970140632992,0.13294530059914175,0.08406507301476539,0.03265757248093847,0.050862083146954215,0.047594227609812946,0.06442492364027988,0.03809171030018352,0.038577333553420405,0.04172620236122428,0.04562478601092871,0.06681248103294896,0.07940542584702073,0.051297200415849176,0.0324795833093234
North Carolina SB 20,0.07540887124531337,0.14358068988570483,0.18477957822420513,0.03710889319614416,0.12832877261999642,0.0802536380064779,0.0787407476500913,0.08240516761938865,0.05166341988061005,0.08388652821469077,0.03184893108080432,0.12273579249429219,0.1500263556417583,0.081616558929583,0.14125870696684492,0.025226544674670122,0.025675804422271683,0.04386015755380634,0.0835634369379862,0.10606674800901092,0.1959892510519369,0.0931735702820695,0.05525350237022744,0.0469691470058204,0.15523680306260854,0.13290970504929725,0.09249453685697001,0.22161441338863602,0.09685300702751931,0.20883193679367246,0.11150578000635109,0.18799595059291588,0.02580161146311756,0.10204968730013254,0.0613815309183374,0.14038078400414258,0.1061974960490951,0.08123672028207722,0.07578114888668125,0.17550732082018586,0.135401165259447,0.044122814421797045,0.05622578198829195,0.06151398907991999,0.03072981696342244,0.1730909811599347,0.22047733423693366,0.1057138443739567,0.28374392978553203,0.18054235049946582,0.1016822574454478,0.15319805050040017,0.06319062059663576,0.06910881552161566,0.15079598267684532,0.10593695451479453,0.08617618822683872,0.20685542196237147,0.11023630982656393,0.2226292519723133,0.0971232697114733,0.10862388331318723,0.11862434245963648,0.1458789674151798,0.07601572893010283,0.12935295606719083,0.03463038979017974,0.09828513380888258,0.10053125405214082,0.020849176946302936,0.05718876505726254,0.023924690378226577,0.028022435873086744,0.04346912166778416,0.09127638333428346,0.12656675985625776,0.04618621227418661,0.04730207336365756,0.18392367739612298,0.09293281819529299,0.04647861420067343,0.017578241482889924,0.02998287136529697,0.01049868155578793,0.05689496900726384,0.042198588471650755,0.04838535394240787,0.09128571647499081,0.054568158590982095,0.265169685533886,0.05093797459591266,0.08963977911516911,0.0686409878472736,0.05827279283577227,0.03190222364765757,0.057587544897824736,0.04633460185900922,0.19477992099004196,0.03684877627132604,0.12142089768172769,0.17517465437570046,0.06813857401260916,0.09889464043675154,0.11868869455742538,0.09647839108851916,0.1472500424963928,0.19416768492170425,0.26163532044442606,0.1901527531734512,0.18354233593445707,0.1408554956295854,0.10518705111029275,0.11233646340967487,0.14408664106667263,0.21502356051422528,0.014628708382208656,0.13723858837234826,0.15036359846243716,0.05580917177440521,0.15394338979283909,0.15044190059473977,0.08873545166846183,0.06510185310861785,0.10941189958823608,0.04965674621918384,0.129545051501491,0.13251206538481694,0.24764288537103776,0.08547223298165743,0.10009789683666367,0.06458198552105253,0.03727599098700117,0.0965319428108123,0.08323828718758909,0.03052009418142726,0.038095435622868996,0.10916187608217082,0.9999999999999991,0.4396386075823748,0.24173780122310837,0.09035539184627608,0.09151274632602086,0.3345083071169267,0.07197357420184544,0.07967128291353828,0.06629129758870411,0.1230513768277391,0.14256300322806723,0.08519552755791782,0.12432890283876981,0.033788567987874,0.27094119599952504,0.013818711914550665,0.034513517933217504,0.03913375857241951,0.08280139263737779,0.10649165968448865,0.03315521866597895,0.09176891575870177,0.07109744012122711,0.042805397320953925,0.06506535143140074,0.12156519391764291,0.04715272949727182,0.06303955918736467,0.19162929959254107,0.03584845044179257,0.296536553706769,0.08894625046881495,0.12588886768054536,0.04930102497071115,0.1425409253604463,0.031839603332894324,0.2283799469592436,0.2846677446584191,0.14731387075369384,0.03833536401402507,0.06028562187414768,0.045406308617412926,0.08559469537526669,0.07057019212077649,0.0867080438312549,0.08949421691274383,0.10768396955435947,0.20626530063671805,0.11382502701507514,0.16691214931983248,0.09213322929351958
North Carolina HB 190,0.08469793256043096,0.12674880168331898,0.18635255158643405,0.026565354499893765,0.059847941051274035,0.0510428371472491,0.06793542335701548,0.0600001225089573,0.03649596588526086,0.0413409501049755,0.024546955072705823,0.09472610631699956,0.05019609661744335,0.03703598708548107,0.1528434797830885,0.020801582966501704,0.020075861150283383,0.03331429180018069,0.08550284105523637,0.10383790582167797,0.24551604761690263,0.06468134333852628,0.07630025561203518,0.047345166079176645,0.10059290685697024,0.1281123899380772,0.0680985211214026,0.1336363135600104,0.09585110753466194,0.1953662259382331,0.08867546179864418,0.17873900653776129,0.024551052882706627,0.07197036287788411,0.07224280277824323,0.11900725560157376,0.09629311613288093,0.10677996957066073,0.07074488443708375,0.1249463518112423,0.10957538249586339,0.0284957090997918,0.0434126814974496,0.05194476659279643,0.02876125353237668,0.17862833176060902,0.10619355178271722,0.05882599170228391,0.2077233432774883,0.11861226781398602,0.07272685524108155,0.13985588038834093,0.0610540473336935,0.05577900088408657,0.06836626528472141,0.10197066542048856,0.07731766887149581,0.10588504085965689,0.09179794617057044,0.1127486489803654,0.10564724504675078,0.1150667251194792,0.08424318128806996,0.11440025551394312,0.03676012660147255,0.1357793877161481,0.02094560491719584,0.08531388988097477,0.12930962665407192,0.021984540470881626,0.041247990039141876,0.037341884651247326,0.02864182764334867,0.04799842268096034,0.05419097721173275,0.1452401067924032,0.06700028437610579,0.06102921920229253,0.15230401526760606,0.06284928781274825,0.03718320134896245,0.014194180634768802,0.025166446263944684,0.010666737664649656,0.05763963297723564,0.03138058297183283,0.0360772446118206,0.03666936881817068,0.03733563392426776,0.18020701671503614,0.030762161859422585,0.06750242973634743,0.04318407625754601,0.05273287424223322,0.03033438406463215,0.05724096380578417,0.035825158863911556,0.19838589745061286,0.024703814643161508,0.106385761815026,0.15690138380458185,0.07142505237989384,0.08827116697887631,0.1338912255985542,0.08572564864558738,0.1318353244277683,0.1687715560040779,0.23823906486973462,0.18980349178570552,0.19619487793724652,0.09741643925453089,0.1361613953910389,0.08486270428023106,0.049722665985396576,0.07025411075671237,0.014840185831003225,0.10477172822882144,0.0747977304697583,0.039606523172763634,0.15035426514107525,0.10958147793000221,0.1442742984370676,0.038343483488906496,0.09111803230517931,0.04368252608654817,0.12018995723642506,0.10458714345811243,0.20916870076481175,0.0554929926225085,0.05863710325816296,0.04692822487598122,0.03856111104448033,0.07374617570966024,0.09801943133950179,0.03341299678710848,0.020181682164199324,0.09003848710216224,0.4396386075823748,0.9999999999999986,0.29938683557911505,0.08182709360239929,0.04255896553447227,0.15283305058661023,0.09514509255265213,0.0796646267491407,0.03692807317119065,0.11692420033238637,0.12468648298281873,0.09539543892587186,0.13093019516397453,0.03774308390301511,0.1089809655302246,0.01551092736027947,0.02226375808926844,0.032139090347575866,0.04188689847383002,0.04030175700233576,0.026793964275254524,0.11100962418953358,0.08725495417641098,0.03325339352691984,0.05840468047128545,0.13487557750629628,0.03769927181364765,0.07887656163388153,0.14052630572779884,0.040572256501646226,0.15704799880609074,0.0699955038127148,0.15697827815218474,0.06086148417230401,0.12449269275090204,0.018037667379057123,0.22337394112390752,0.2294047222847269,0.15454732580752276,0.04445452019039584,0.04945721204601955,0.05147271768921619,0.06751628221942521,0.07196542805844582,0.0985952553756392,0.05224583438518844,0.09637685704578085,0.11409212371199672,0.11027827812946334,0.08911261736451823,0.05921477090211439
North Carolina HB 259,0.07974099778530962,0.10401931278601223,0.09624575854828393,0.02000660773380692,0.03600985853764516,0.060371196798167784,0.13724453250318808,0.05812165280928256,0.025098907592409583,0.02424024084043644,0.034519684718345225,0.07072126777383674,0.024189462677595197,0.025739111823227398,0.0857423838720629,0.015996462317901233,0.015392730393376786,0.02757620018524933,0.28491690913812073,0.2803356946940121,0.1876469325169953,0.052549763898005315,0.06363686425859372,0.03223316277973892,0.05657152471458501,0.08580557301861508,0.06247866329590674,0.09570558843347482,0.06283474159515158,0.13621478126186917,0.06340774162067894,0.1462655491770936,0.03255723403453102,0.0669910435061039,0.03396728581147559,0.09842685938628498,0.09034138237932436,0.06124352155844168,0.08026693145367417,0.08883372039902664,0.06677020775261779,0.0651977032514036,0.029158134011201896,0.044276986934972236,0.021785705658162006,0.13888210415123076,0.06018980304312126,0.05095544913595328,0.11201793449305075,0.08807534776875374,0.045809427960389476,0.10152620503790981,0.04512572391501906,0.027686662993671885,0.028381994762922243,0.14055870417514812,0.04266294669798108,0.06057912074601961,0.20079121736674724,0.045465394839619006,0.09502957248804915,0.14782099945796295,0.05253760555845078,0.06710545104935259,0.034173591206415395,0.14968452757055184,0.014648604324169421,0.07003438030335932,0.2492197511044826,0.012626287318213322,0.03870752071487174,0.034103994171107786,0.02681932755312379,0.03589702021656886,0.02609765541458514,0.11134450593517181,0.17683316192997592,0.05159133330706122,0.10865793307686498,0.05996816142948773,0.026622702963699865,0.014506795088957091,0.01667801457983032,0.008857770578503545,0.035211870965490985,0.024595860007381728,0.03139517889415494,0.0170520681298098,0.013011956527523034,0.09893421316732467,0.008537293099488603,0.05077030518306949,0.0422691919292576,0.09843350944905985,0.02277909570430395,0.032695025892619835,0.026077352664062973,0.1311412121584289,0.03558173496856565,0.1103320531937926,0.11261031846063628,0.05351598917731957,0.09792247070390407,0.07446132399810286,0.04761011159218079,0.15423189723886038,0.10793541404982737,0.15603715731523268,0.138678745111235,0.12336599022420086,0.06397207858240761,0.050662510768294054,0.07182817603207871,0.021566263489421998,0.042210782754388505,0.009127102990496613,0.05366974817105428,0.03987445176629158,0.05609913227983516,0.07718557935345911,0.05591862743188832,0.26719877523561464,0.03035991816907637,0.05823109956943805,0.03147959985676362,0.08050248415230662,0.08024334307325823,0.10625738850825167,0.05673864022773173,0.06526356129381404,0.037048672644395736,0.046870547443531196,0.153215790930122,0.28065902416069033,0.030025537334143912,0.018840380733377887,0.06139544292536193,0.24173780122310837,0.29938683557911505,0.9999999999999982,0.05887306663059771,0.048767032907042165,0.08020630399120178,0.08788425869067208,0.09985874566781296,0.013786896536309533,0.0706571677583608,0.08750060157345155,0.2711321997756623,0.08183190990753529,0.13366309280995836,0.0694055206848256,0.012752946416218719,0.01764072421284725,0.040060687795637547,0.025258828032491465,0.017968930061125408,0.02229193276227538,0.05374422736984748,0.18141800034835553,0.018211777666175342,0.052744674909490905,0.0855409644474742,0.02237464335473424,0.06064008107957565,0.09319815425183049,0.03708240946553131,0.07601387702665423,0.03448355739103319,0.06893474444467089,0.04469091428719713,0.0917249152710975,0.014117880724301987,0.16488733970020217,0.14329591881303796,0.0880349463320603,0.027243653072655007,0.039047932454275264,0.041577795112462006,0.052550506872529254,0.19513019169965132,0.06082787661232103,0.036872421316524656,0.07541531765032909,0.06756588279852187,0.06881635392165875,0.06942396688008558,0.03709400984366444
North Dakota SB 2225,0.027580494446033454,0.056764085516247,0.08319490062264523,0.011983895541469497,0.026066460979953868,0.028951156109927184,0.032919277265069755,0.034014831750502704,0.021896900527288318,0.01582907102062622,0.01222309628818238,0.0636888279035955,0.021680580595358972,0.01866029782140228,0.05023118687708253,0.018750732193208816,0.019489983886655023,0.03971422559366372,0.024053528715449413,0.0503798859210023,0.07035045117673298,0.07108558937676696,0.021790399981937655,0.014549687520368055,0.045834250031035674,0.03107989663726063,0.025507022262604474,0.10653091573162031,0.03345473616418218,0.09187944906501498,0.043125467368059785,0.07619472865081267,0.014355399472526465,0.04894874523525115,0.038759103600395285,0.05262205170949009,0.03959933223575478,0.035918295438982464,0.037605842673522544,0.045647367110557655,0.060654034542347,0.02996498000259238,0.031369450635580776,0.03632384417783883,0.04489142465706693,0.07985848492388582,0.054817734704545526,0.04918840060061419,0.08542502664753449,0.10497769452285836,0.027758959035499953,0.04830126856496445,0.021787662488248087,0.023386224301208618,0.018826342163898543,0.0439671017220407,0.022137170788298726,0.05068779679405862,0.027306375845221657,0.0449562208672307,0.039906964827991234,0.03408237362129639,0.030797790713863037,0.042578411813463383,0.017547273837251482,0.0456178409797493,0.019491372101495156,0.024853002035022925,0.03860164293259656,0.01786471797871087,0.020987528221659106,0.01560932641354034,0.01656801007465327,0.022480124343849526,0.030091813696252263,0.05723176158068142,0.015890090790592504,0.017309631524182693,0.060884504861080886,0.04380909347304226,0.0234559822181581,0.008100130078572318,0.02178417842301322,0.00667739610410321,0.03949234174998772,0.01765475356613647,0.02289912689980547,0.0735132344649614,0.02731001840379119,0.07123691296807616,0.014906774207231153,0.03535794290828113,0.03157669235590567,0.019837895152664566,0.018351783202374634,0.03080387308340543,0.026541643711073825,0.06683809740057974,0.011581589952928663,0.048125579963493856,0.0731264809341905,0.016534092196839423,0.023988215072631627,0.030425276568316246,0.04946769342690548,0.02063000661275051,0.08290777609064105,0.09076526568019418,0.0641192092613711,0.07208550902014224,0.0438312197263595,0.03744746591008464,0.040574224452888684,0.018589419305937563,0.037758805142091754,0.006401980129686859,0.03111963168786701,0.02909548731596991,0.011178258268086093,0.06163772393837095,0.04122976830203888,0.024872694299464104,0.022241587355712304,0.046743713451778954,0.022066606709579967,0.06656382146648919,0.04289681957506519,0.23829138139691142,0.040682657393995826,0.03962789799795364,0.02113967113184195,0.022515271389493437,0.02965598426543011,0.021878290480517343,0.010175665781860115,0.007144568698947089,0.039514375132218865,0.09035539184627608,0.08182709360239929,0.05887306663059771,1.0000000000000013,0.17141600629321277,0.2101421596420246,0.12404023069630656,0.052996397603698175,0.020053780409225803,0.039650357080789796,0.07948212761097974,0.02994773863807102,0.0346140615743016,0.007217229928332736,0.042524006513248364,0.04027975724062588,0.008843152299045589,0.012432621402477284,0.016524131019865537,0.04066722591007338,0.010526410527108659,0.025031705152312445,0.023438228695271044,0.024134484562776556,0.030189302754420458,0.03427706227099479,0.026036682984614354,0.023807753209439297,0.03620101295501926,0.013943359962846838,0.06702165076695206,0.019804031599169335,0.0542171961773112,0.019728009781195776,0.0531956976990437,0.006361467992095945,0.0948177171038025,0.10383784133622376,0.04454786465599593,0.018340126051432336,0.028711897548860627,0.023664625178849596,0.03488275032785357,0.027225166875462534,0.024404193401584326,0.024350379742689998,0.04381634679805345,0.052557468007150325,0.04378288949125565,0.038342955073039656,0.025557629366083037
North Dakota HB 1171,0.01973728290664104,0.014677692171631387,0.032230402362934604,0.027011436108245225,0.1079596853188217,0.04664730352568842,0.02591594553026445,0.008204529686705328,0.0184480972331635,0.0067655111930290165,0.008466306423262732,0.02427819904635984,0.046987878401803185,0.03525375338766061,0.020623610900306344,0.01406623237831751,0.01221311881098163,0.011976261862713094,0.007673753236257412,0.012201684463686812,0.025640122349827932,0.015715981977272832,0.017564454927733467,0.008245341804424095,0.013722030930315333,0.013476532595110067,0.010580558342273127,0.02981648170882468,0.013395902103011724,0.036274530075449535,0.020386452448024606,0.02260539151094616,0.012382697256430871,0.026013105916532477,0.054034301212236624,0.04387025529011438,0.018869102782752094,0.02157218638141939,0.02186856723228995,0.048579342136679325,0.024160777859097655,0.010488184665187004,0.014046912982762921,0.01592995281079853,0.02907305137272119,0.03592741074518806,0.08854226285132337,0.023658421441693236,0.04991305092262112,0.048997666458270465,0.03596113724385315,0.02118680312762069,0.006917203525781028,0.02971149184916751,0.07173060865851143,0.02092015684500962,0.02225951534668722,0.0448099038268031,0.010379265149631806,0.11989250368788254,0.012889815500442903,0.01758817234310844,0.02863195941038791,0.031243900333506963,0.05111107105571013,0.02011993911353713,0.01625886334792762,0.011675129364329864,0.015053953789652796,0.0094254414964887,0.007476470962972104,0.0065332473981659514,0.0033149701661828604,0.006128454179686182,0.013870907000181619,0.018538968797370457,0.005577428935642287,0.006943544780958784,0.017039844368880362,0.017869496415240462,0.010909203279449747,0.015318179760445097,0.01723069014825533,0.014542690008740217,0.012154072686245266,0.0208914886055941,0.016674388762661495,0.023382685032165614,0.019575501980019495,0.055513139402072184,0.04591501954514978,0.02177805481704479,0.02330465950203717,0.017312537807592347,0.019646551472648703,0.020765919273211867,0.01590894491423104,0.015802318120582613,0.012488806993149325,0.022867555498333678,0.026218416249948306,0.011489570841436998,0.011823768009720953,0.015731415049010804,0.01512278809325125,0.005289095546388319,0.019359663664570155,0.01805136756712489,0.020862889849670895,0.021796374153763686,0.026589293121622896,0.027352944025648113,0.01498614621535521,0.0668619512775219,0.04553994833763795,0.017669652673349162,0.034380911653074726,0.07735395546346821,0.03823632051024079,0.03622426016778823,0.045261517569786164,0.00759897714702075,0.02879558983348263,0.009988519815975613,0.008762265101179806,0.020189271218925723,0.02574426852701647,0.03924784018347998,0.02272643878142647,0.027310031739476628,0.016885425215889597,0.014271563868250504,0.007122551076469707,0.00841176294613514,0.0075706155704398466,0.020593824028485218,0.019115600220115984,0.09151274632602086,0.04255896553447227,0.048767032907042165,0.17141600629321277,0.9999999999999956,0.34564359973882247,0.31545281822014815,0.02460229089394166,0.028246872470744172,0.0272639281200933,0.03206145696845102,0.00684415537683124,0.021009498872932783,0.013581189686816814,0.12471116491738331,0.09352278708567148,0.025123295998098177,0.025274505267442127,0.03521907768440484,0.039738632271294275,0.01900179257731264,0.022201718142202086,0.008324538929675713,0.02227873951408188,0.025188729701019708,0.023391724753148713,0.02932467613083134,0.010778149300007835,0.06529242252843113,0.010843976603253824,0.07899982288514977,0.036858452469047336,0.028232433549342267,0.005362396033302017,0.028815757955581917,0.022053766053992053,0.0479242272323615,0.026731636414639166,0.013834963302430564,0.04495836966813528,0.016840953502765828,0.033685387671760506,0.02765229323936333,0.010293341497228523,0.030326512055590095,0.031944518206625826,0.01931933297975755,0.024839016204893868,0.015458461583483692,0.11122969793647458,0.041279272397064304
North Dakota SB 2150,0.04558351783280278,0.08670762079339386,0.17775339463422687,0.04080776942322407,0.16390102412695348,0.07125417781351227,0.045001027749526024,0.04270252840287265,0.053947956929373916,0.06869355498179451,0.021660424676077695,0.07984987835314039,0.12866018669830992,0.07410414596589848,0.09512310858829048,0.03854585231158941,0.03672089453588388,0.047674635920458557,0.029935805120603308,0.05156666529061154,0.10715876040119067,0.06218204928817572,0.03251688823429481,0.04358270451722081,0.0726499334567548,0.08654389372738053,0.04087120752761945,0.12845186130359718,0.05872712737659225,0.13804093600680864,0.0731279777128993,0.10565634829599076,0.023171673195980437,0.05753498069178278,0.07150703753824868,0.06892552026513075,0.07996797299181735,0.04647824685567696,0.056614406114897604,0.16014738934850117,0.11057912411423877,0.03544781287104372,0.05035983279413361,0.03865581140367739,0.05532867761365121,0.11534393229426772,0.2389351588921993,0.08306213243299403,0.22100674378113172,0.13638591992391944,0.09065732229752282,0.09854276401013315,0.039224085053321034,0.05002825622424158,0.2066525604194267,0.05532318691811628,0.05165203226090481,0.13839673515559794,0.030463135409304634,0.2700810034834298,0.05022348083684333,0.07348899382591552,0.05242791306206314,0.11869497593658107,0.07947134401733325,0.06534504508333906,0.033091549359570364,0.04484109094495163,0.05349067384272072,0.021109664465692193,0.03246122996217358,0.019798322578426616,0.012516964546712871,0.03125212607760578,0.10021292349731666,0.08053067685381159,0.029431743454876046,0.024057113580958103,0.09634362761749121,0.05194010424380765,0.0353251228402307,0.014848038005282877,0.033400968332145786,0.006686918355859292,0.04803596023738958,0.035588301463651426,0.033280697589363285,0.08438916803093675,0.0348570196960085,0.2176782733649063,0.03790443155131607,0.04639935670793298,0.043892045479255085,0.03166761789274618,0.018088914120904555,0.042205310397845024,0.02902796307740872,0.11103869870078617,0.034587261094363726,0.08224017021726165,0.1136055347897652,0.04414692960761712,0.041289180622767555,0.05957293319558142,0.07411973078672143,0.04100733520184261,0.1187158691349443,0.1708033881336047,0.10730816983040206,0.1257768213720858,0.10378559616103109,0.10181673226555409,0.0660239406271746,0.19983198394142046,0.09662364679360037,0.011656867671799069,0.11098105097017955,0.1894933453906829,0.04878788315212669,0.09896535819080887,0.1590247270982641,0.03611965635633727,0.04360181899959103,0.09349410428653063,0.04263787152286903,0.08218333170999774,0.06673291487631924,0.19946937395728281,0.04232026880677858,0.053712910336092524,0.042768211294099585,0.023101887352389744,0.03134339510246841,0.03196046373220799,0.01961508725345528,0.030871048786005734,0.06318259708745441,0.3345083071169267,0.15283305058661023,0.08020630399120178,0.2101421596420246,0.34564359973882247,1.0000000000000029,0.1782793172306044,0.10387819679970768,0.08066215832817479,0.07941310013647887,0.10774149719133135,0.04158255952894646,0.07956931266886091,0.014876958622886644,0.3293512908405859,0.053692237245532834,0.03463164817805642,0.03161743559221493,0.11391100839460899,0.13360312257277432,0.024057378819179936,0.0641551682788482,0.03895337123065004,0.036760757125113334,0.048511808576152324,0.09089437377724373,0.04636511178558359,0.03015048666714536,0.1855419856725223,0.023452112764970025,0.2896336402113274,0.060309343490599854,0.09627448020742163,0.02882809475540626,0.08340109286818488,0.0338398174161556,0.15123128328586435,0.16999362389332495,0.0895783289814529,0.03281384266688385,0.05715845117931718,0.03827473576689791,0.04529587900917385,0.03085230587471754,0.06461886516539543,0.08744985996990233,0.05684533420067558,0.18895387171288727,0.0702423969147733,0.1749672220922249,0.0789033347103185
North Dakota SB 2129,0.03520847965910955,0.05052080143297128,0.02377028941555651,0.02785345619923612,0.02008617572750052,0.022642765956585074,0.04561431465364908,0.02334785378717097,0.012167647739105246,0.007951434977821524,0.012372107672991878,0.020948588927866878,0.017749552402265577,0.012152267332650778,0.09789105390741133,0.015843651336321034,0.016489739557380506,0.02352952361310173,0.056003673553709866,0.06363327026979837,0.09755628298720206,0.01667008125829068,0.029590142844923777,0.013232791222250361,0.03092208880476031,0.05504675765879392,0.029168929631099332,0.03847962474966146,0.04185625936389852,0.05951554185144325,0.028095881991494497,0.04443384068632003,0.007243993666130062,0.030208732650684206,0.05006555647254624,0.06591563008032335,0.029120268576719933,0.060342811196457284,0.040835991765002126,0.06178217475334237,0.03643739918134711,0.007964804488035906,0.014152259005342203,0.02031578183056573,0.02100787216242866,0.05118362535547919,0.021922219081421262,0.014432545407961688,0.0755346551553286,0.030403831308761165,0.03556961972077898,0.045321899219040736,0.018027625405814342,0.01465771497009516,0.018311088382303834,0.03423476204811176,0.014151704148552326,0.02137704140823811,0.06553287844225063,0.022353355099723422,0.028326240513586076,0.035144288996830586,0.01784886249753103,0.02586343119782658,0.016098010046287775,0.04429523615818361,0.013140017969868082,0.03785536711901997,0.07584063659328318,0.003258464840610644,0.017463243321853957,0.018233888720088038,0.007858918733570926,0.03338022002423038,0.014413799262958951,0.047485656416458584,0.051766447572559576,0.027005090604070477,0.03956545284414586,0.01696955934522364,0.024594442814218655,0.01032159905367168,0.009741396337459587,0.010830546787393184,0.0110157666038891,0.021863656922296505,0.011204081782516206,0.01380549511929686,0.010726282794744201,0.06224345816193176,0.012506280092161072,0.042895174351398654,0.019987438705437656,0.020492232125574817,0.014887035374204483,0.019474506547203167,0.01140566003681295,0.0629325987401618,0.009187722270144099,0.03037633316690525,0.06017531105899488,0.02660844387815594,0.04627201637097941,0.052061463164889785,0.01663397135810608,0.060816824680385885,0.032439827943806114,0.05925856946560009,0.06676358904953544,0.04276609019897871,0.03717924672530769,0.019762403898121738,0.035624323568327655,0.038219100017159516,0.014334145682911251,0.013319935589029351,0.0524509090768811,0.02758457961129192,0.04642281904260232,0.047249352743843294,0.02600845265456558,0.10249654565649319,0.02296333143017706,0.014465025520149735,0.018111411398856112,0.03466505641289099,0.046689379337376,0.03470386133093062,0.018833146629944356,0.017963492637894516,0.01382872242860719,0.009661973080612452,0.025170309333692027,0.0703503547249551,0.019078320820004525,0.015110509524281591,0.033952617829268186,0.07197357420184544,0.09514509255265213,0.08788425869067208,0.12404023069630656,0.31545281822014815,0.1782793172306044,1.0000000000000002,0.033264953339631774,0.02198993935543823,0.04520048650760992,0.039068591312106195,0.0667186422383932,0.0861508821529589,0.028533536919658535,0.028363175152422287,0.053896444615254474,0.01853787510966038,0.01856377750969513,0.021568403456738054,0.01018165181475114,0.03127773956487676,0.1380012181841465,0.04689945499376482,0.01700324339822832,0.049743734969925076,0.0753134435941874,0.0218399468584184,0.017972201111257136,0.03829241829808849,0.01405891644124627,0.043851505086463106,0.029522471126175544,0.032856442574031,0.028086136888744298,0.05124749489910722,0.0236197733971196,0.06667904894524532,0.06417067185157566,0.059168560968146974,0.021717433723218875,0.020957422019711264,0.023498089213197366,0.028233010160204523,0.05637845893898321,0.06548700678940078,0.01614683884001751,0.026896643847878685,0.04300055239179501,0.027273120074305934,0.02443645218949095,0.020957330583679115
Ohio HB 33,0.06841494243610201,0.09951089123761252,0.10037797364522372,0.03411246176896416,0.07545604439750317,0.06611030756340155,0.09504521650605201,0.05942881046764033,0.051305970621257975,0.039513234226299494,0.03932811654354161,0.1154677025633517,0.04604458309356816,0.05050712360149481,0.09072801668372173,0.020031123104302436,0.019339675935239928,0.02392501760319041,0.036698641724701525,0.09253199099801203,0.08488381041051385,0.019327249119681998,0.04281861834727032,0.02485866384030296,0.041072315757582814,0.048102653857709426,0.02076409085197823,0.05935146195563567,0.03484844540168172,0.10494347650064179,0.048335283794471266,0.0925181892499241,0.04061238574756923,0.05671475352082446,0.03964260792074007,0.04323874244801999,0.05389043513611156,0.030981067621491516,0.05290126634533131,0.0645864285900033,0.048543818359958066,0.036515945330990854,0.042402561784781176,0.050356338647196144,0.04876314648392146,0.14399465707491504,0.06894645555456384,0.05920720260816015,0.10394177882026306,0.10961807698389518,0.03795312529448866,0.054209665600991594,0.06092607830245102,0.025788093626333504,0.026402887294779055,0.07443130790540567,0.05226996667326674,0.04518711019148231,0.10656955087470595,0.030256827448630196,0.05376234987652761,0.047830101147661175,0.04882869132910105,0.0398741101360888,0.04908850678865851,0.06777865977840317,0.014946288477736002,0.05989350901752458,0.1535750835316935,0.02810129712027527,0.011414181740054923,0.02349059761759017,0.02306236763108858,0.03534558520278487,0.033857617922587575,0.1052262428925436,0.10011704494395593,0.015569416569011155,0.046392524990300894,0.0253430508107588,0.018479451667847282,0.01920012706202975,0.017246482835745473,0.012567390337784028,0.033407033472900784,0.025246782835220107,0.023019314812917722,0.015297461505621592,0.01595796594207122,0.05404350105358733,0.012729405875867896,0.03337849926931475,0.02938868512347269,0.05240258668068481,0.02418542348610612,0.022811540426861954,0.053157176070451485,0.1558891107710967,0.030145021594475567,0.06977185095970471,0.08503508999926841,0.04107902412185734,0.05150677834569271,0.06248471147218226,0.04379754991904623,0.07706266755487501,0.11197253704408153,0.13937219375227305,0.12351330781660799,0.12086639662532982,0.048976730944326426,0.03542537637074803,0.028211528056461644,0.01834277694217311,0.02317089642829572,0.009105449934236716,0.025727578413817714,0.026350036103848326,0.01763448737067448,0.03565092433129572,0.060817531712064374,0.08496415097741632,0.026099900849347164,0.030331069443055112,0.02581906793404029,0.08082961452259231,0.09214705371483989,0.11799343899436726,0.031982199055660014,0.04565257076597011,0.044917655246644844,0.035111065536299654,0.060793914481278945,0.06806211715922238,0.013067584110185606,0.028860176797005668,0.06681011771842885,0.07967128291353828,0.0796646267491407,0.09985874566781296,0.052996397603698175,0.02460229089394166,0.10387819679970768,0.033264953339631774,1.0000000000000007,0.029797574118908925,0.034392516792963845,0.04438412797830121,0.09843852504285845,0.057344894318013026,0.023649253431284524,0.03319823695834335,0.022516430703657928,0.02059445829792299,0.02047249526169092,0.036681175620697656,0.023245994431438693,0.031782696498458114,0.041808528500024755,0.08005338602568535,0.05437736447546259,0.067021515300769,0.061799517252284414,0.044495553930435826,0.045907770846146834,0.072015343897716,0.036348541243985955,0.052240847986553256,0.041089972835045285,0.053578113261358175,0.031900799540148926,0.04349591579534525,0.010783372476488091,0.0945528643038578,0.07493482560409111,0.04113923036339616,0.03745131943179484,0.0546039487732647,0.043927867834480674,0.06645339535389017,0.09206692984759712,0.04252669996176199,0.053530582941197245,0.06748285583474739,0.06942438665359436,0.1162533279256076,0.06168687449342096,0.03156790583656849
Ohio SR 215,0.011877260531616174,0.015545834086345717,0.022341627421207447,0.028568754963530202,0.03514357511765252,0.05357430288958882,0.014605551961423149,0.008563782083849857,0.06302135256061059,0.012919214854852396,0.01844197592470872,0.01796796098666349,0.026685664179393227,0.01819572134299539,0.032542902511781754,0.07137238197139531,0.07799455830699575,0.06770380445076873,0.007300921936724663,0.00883835387078147,0.03294046271911974,0.027290936459115456,0.014225559826542243,0.013518890932471394,0.02010882508248793,0.020284696140164114,0.01834339772959685,0.04616836925157469,0.015988619646435824,0.04123349670347554,0.022027725248579804,0.02591776100725609,0.026938738156428214,0.041241879539262956,0.022823382359611108,0.032610143602165055,0.022425352746434934,0.01978754526111217,0.021109890663084094,0.04457960514067265,0.046679505395247956,0.04710594220974478,0.023444631504226782,0.0401800876478436,0.07516544507120401,0.02416447347916143,0.03238703423834236,0.019631771510967278,0.07742588097755726,0.016372246682116846,0.036953515677146914,0.021448230679061656,0.006472797061685681,0.01608285230155545,0.021979767983540344,0.013886743020204564,0.004768705890492729,0.0370436154728188,0.013758088525394408,0.044152521411111416,0.00883366740636071,0.012819803024756007,0.009232865184952619,0.02311121401345516,0.08248916119661105,0.01235775340037509,0.0756006870759,0.011863860448285286,0.0100080165948195,0.010114847003184428,0.016255954760099025,0.0014914201481067758,0.0005028863023739287,0.0056701240938966686,0.028116008499732423,0.023634807470805527,0.007964094956945838,0.011348342465541355,0.02667327188789923,0.038398508743756596,0.005989211762495142,0.003610173681094401,0.010431702485240068,0.004216778812652792,0.03392165168379278,0.008993660335667496,0.052075371024668866,0.030891075782475706,0.017938346567193727,0.02649479637882296,0.020717609439817125,0.010256477885943182,0.04584924172254649,0.006328070194626373,0.006985344802050792,0.015902831470964912,0.05463666839870495,0.015463206686817884,0.032374587486795454,0.015538084777431975,0.032036502115985986,0.01554256072008467,0.008924927643958497,0.01532799718500689,0.012080459764102124,0.014737919947867625,0.021619884300333268,0.0188565122111805,0.022382623544440972,0.017589991445914575,0.024704548381508436,0.011227429075174737,0.026603973708547512,0.03222589692230714,0.04254655662188212,0.03034129276242764,0.02514386781522181,0.07229920050950872,0.01752305552365359,0.021086829181690678,0.026169221575711332,0.007772523233308641,0.06906948128435732,0.011568431044596374,0.00860715059817137,0.029634623559684877,0.04504371076544674,0.02934720212179703,0.018206070274517844,0.034903338756659595,0.031151982364948826,0.005925430873423921,0.008741921288165484,0.011120152886270851,0.028477139153489078,0.04606211734520063,0.048331930228998704,0.06629129758870411,0.03692807317119065,0.013786896536309533,0.020053780409225803,0.028246872470744172,0.08066215832817479,0.02198993935543823,0.029797574118908925,1.0,0.022541764278953314,0.02654498229915189,0.008128654839907197,0.03254533238451636,0.043248258075079336,0.041441184585613355,0.007743530411315187,0.0477743345977202,0.006630445342976654,0.014135886350400185,0.017905806767747466,0.10557968255351316,0.024745499888646175,0.00928840005907215,0.009142886195698162,0.03564075876295862,0.029447311511711448,0.016125412501703892,0.01494990207148505,0.03156618322550809,0.0115987395026943,0.04566940439823453,0.016757969872100747,0.024271112676042466,0.01683983423853476,0.03145284239624932,0.028766040164751594,0.04880307500630679,0.03210422363656055,0.018570301859031368,0.010198392480153317,0.01148824055941866,0.016152950736109013,0.015506629832874982,0.010394979508508812,0.03463710801133747,0.013047627787537175,0.012051041634233843,0.02580942520430491,0.0177914415702588,0.03689776706950287,0.032547214414563104
Oklahoma SB 293,0.05977920954319719,0.0657585859348571,0.07988486131658888,0.01772947962205788,0.049623110540930625,0.020192186637075633,0.0275819782275692,0.019560134249486945,0.008697328706610122,0.008695708852840352,0.013749821102254256,0.038893221336180915,0.02010249835299189,0.04958028854097584,0.0785329368055674,0.014836357490541569,0.016938918808702283,0.0200045624420713,0.04649190038521939,0.0420668682305857,0.12403242458561359,0.05944286036704996,0.02819314436137289,0.02134607087939533,0.06509734937157417,0.07829384239918658,0.07033917440932291,0.11094371435685156,0.04660209404486018,0.07398259631702639,0.04076545932398649,0.07300722736236497,0.010210428676549754,0.07286723006529272,0.041263523909276734,0.13942513150238375,0.045722154689013465,0.040806184816873335,0.05191059419182132,0.07390697783135353,0.0749813905406884,0.042744192676541996,0.02868063503559823,0.049983929256736837,0.012513646849930279,0.07974619718695466,0.07174064262565082,0.02664180291402068,0.09002953476540616,0.05446198821883361,0.08807468601079599,0.07039944432030254,0.02980286902723733,0.021072823870520205,0.04131035994583776,0.050980924747612406,0.031035548963265623,0.06113346463142878,0.036331157467320144,0.08069494854269363,0.0621636520892521,0.053013605676472876,0.04406172030880855,0.059869104084399716,0.025862353705308996,0.06934777162703576,0.01168830246585352,0.04825693086074221,0.06204307397830446,0.013533408554339396,0.0548564734390864,0.016968371638794878,0.0325019855677898,0.053916592255812384,0.028557950285953645,0.07566465626461075,0.02644675524028829,0.04534667970347573,0.10913655964698386,0.052708495564273324,0.015066286448876198,0.015033582125264316,0.012087923900796998,0.014082142729244336,0.03445138246998981,0.018039574288060894,0.03723310912552944,0.02097180434397651,0.014559369519980983,0.10095361477017739,0.02588433593426605,0.0561359694777415,0.03638397492376043,0.03942053394192023,0.01661381707807839,0.017839164381036117,0.03285331984624943,0.14126131182762,0.01552441349302174,0.062459975487849144,0.07411513419446066,0.02384997797266157,0.05018574760728043,0.06089281373652442,0.04185560652561944,0.044936011433567666,0.07066800736550083,0.15243593471453865,0.11104963641510766,0.06691387670062512,0.05752456354995252,0.06252987738115405,0.09005064492175692,0.038210572666246265,0.06568265863316919,0.005735284923294464,0.06629942794386026,0.039019009089944205,0.02589239699439237,0.22494228317527792,0.06163500972047659,0.045861519938324,0.04438235082821074,0.03849724184493551,0.0358748723070855,0.06954590975160348,0.06964454652617043,0.0858049501437724,0.05321670293951051,0.05627825354768738,0.017973466013977063,0.019123564495418875,0.042148377553817416,0.04453376671146345,0.014423869127207233,0.013270024602394782,0.053496534462083516,0.1230513768277391,0.11692420033238637,0.0706571677583608,0.039650357080789796,0.0272639281200933,0.07941310013647887,0.04520048650760992,0.034392516792963845,0.022541764278953314,1.0000000000000004,0.07299340434348424,0.030755039601017185,0.09964776507612089,0.011213861654662345,0.053569853712463165,0.04033374263160419,0.021776542551821737,0.017056376566395658,0.035249446862452405,0.025934381307670732,0.01682683009122281,0.048880675447346235,0.046774662645113416,0.015860064839811106,0.029593910101448632,0.051338596122405024,0.04658305104872507,0.02782225011227964,0.061724244134030014,0.029703429217572328,0.11129739347625763,0.05007567226112072,0.06370936333589473,0.027769207777113225,0.11628903930747972,0.020576345038365026,0.1333769819979633,0.14290772864553697,0.08900335486524986,0.04245004331089095,0.041138768562138515,0.04357033714199491,0.06693216205425419,0.03562739682531219,0.05365451763899869,0.03041371601468096,0.05301612339381497,0.06513995235172122,0.03760220161436232,0.04687079314116606,0.041403207050385374
Oregon HB 2002,0.07634609686373309,0.12263908946737133,0.17432576718380302,0.024475771952191867,0.032800555757093106,0.02915466473029048,0.03479114294918714,0.02901890280189123,0.029412249056176395,0.03226640222011902,0.014652456986517737,0.07521914861038359,0.02619538656068624,0.015407564600653841,0.08767808716618085,0.036388236584660595,0.03697295744569262,0.038378689200500644,0.049907237802069494,0.05322582960858286,0.15433048121416493,0.10471445669328756,0.04115399915767141,0.07163666973383746,0.07654553265408148,0.10767394804641417,0.14859002196423635,0.20671128973692457,0.09840108108645926,0.13673022557694275,0.11112752262488429,0.1681011886957776,0.01918685058329057,0.1828896414023612,0.05668182859823132,0.1395035816986977,0.09770472768343745,0.13872324142606654,0.0644693838515183,0.0834955340216841,0.16849065921774942,0.05206021418709214,0.05050906718012412,0.08508953591826382,0.026854173887593945,0.14558497341264076,0.08221768882581874,0.06748001899166109,0.11695213826555971,0.10745871430706667,0.10510668025295235,0.17450739970320567,0.050927710771689,0.041175605084144404,0.0409499726006763,0.08894694714565135,0.04316724444118802,0.08387287193901354,0.04761823190553448,0.06944513545779314,0.09553197108195438,0.08177801609349786,0.05596645286423408,0.08527848245795876,0.026668361622503176,0.1165144013111299,0.019594266151115036,0.03739994396726523,0.07480219433273197,0.018993887078964596,0.10701966348611903,0.033455998406624526,0.0438320552977873,0.051804032565733286,0.05993124131325161,0.10672199735968922,0.03130709833316962,0.053332644621895936,0.18125722529267835,0.09755340847772329,0.054605936289469754,0.014886801759745523,0.03319662476902867,0.009066251791418215,0.03788722681904054,0.0513632653665053,0.04961945297671198,0.04136674958619062,0.04248495230238054,0.16457633252719256,0.026780711278279346,0.04058684450540136,0.06405460860645282,0.05031760045575282,0.03138557178639299,0.06838413923564186,0.08049412825752818,0.11123662568925899,0.020193620009648017,0.12097292238076407,0.08670541597660546,0.0361777039136742,0.05506939320518649,0.0629381271885675,0.11366346192620759,0.05907674950601386,0.16636904596816368,0.16346974606085082,0.10399099694581358,0.1358218709510933,0.09286285870218247,0.10475701330705292,0.13498139098478473,0.04848085917947111,0.08447874840376644,0.018718580689423975,0.07442084866019462,0.06787771312130768,0.02853942210721748,0.1394975517260168,0.11761354424859126,0.0582749886511315,0.07338241112267496,0.11091068068954026,0.07317446888317707,0.1513972959872554,0.09815838282591592,0.16219775575970047,0.21611746223555167,0.18160835709410214,0.04929335941781535,0.024954036746491427,0.03768857216340772,0.050640731806906855,0.03365599069094927,0.019671563149424746,0.10065984053519883,0.14256300322806723,0.12468648298281873,0.08750060157345155,0.07948212761097974,0.03206145696845102,0.10774149719133135,0.039068591312106195,0.04438412797830121,0.02654498229915189,0.07299340434348424,0.9999999999999999,0.03994856829128464,0.07882120690661402,0.01405678920711746,0.07034955963689983,0.015219348525321776,0.018751255257888524,0.031691794018984185,0.029050682315201207,0.04562923995085393,0.025962146073361156,0.061338949637729664,0.041865288050100355,0.05034313262282591,0.049737378121401714,0.05919104901504674,0.04684214536623615,0.05903374367263572,0.10254205322125184,0.04331268675013473,0.14471580078185436,0.04082968105589151,0.1245662860486273,0.04082242693522642,0.2380963396411878,0.018724233761279338,0.16078303265886398,0.19490874823200646,0.10960965874066386,0.03287434794955603,0.0881725716412349,0.05694619812337329,0.0681578285811265,0.04405668630666392,0.06947819858496897,0.045546236953745045,0.07864838311224895,0.08209804924345428,0.10904186507604613,0.07061121553413634,0.041574726912172795
Pennsylvania HB 611,0.05513336901784569,0.10678998961284472,0.08815609213067367,0.03945175670329122,0.06637909923280925,0.07187444165670495,0.17810331734919435,0.052721848772329674,0.04854662863262101,0.03226022898877641,0.038990190744343664,0.09234053772514764,0.03991023795657375,0.040182973381147326,0.13064380910924991,0.01694260014127251,0.019748684050238687,0.02585250866511287,0.30655686362690027,0.28413660557334963,0.1369918445110232,0.01116601804813569,0.041215161220592295,0.012189798853018179,0.014983850937048862,0.049698193613776656,0.016072775204996736,0.036127445007384386,0.03580097107733013,0.07505365260649513,0.0292469898998576,0.04903901754664968,0.03708999858651335,0.03927453042846296,0.0233735182917582,0.05820487132962574,0.038556351582519695,0.046945543514310385,0.03133105760053962,0.06014623629729493,0.030639376270001056,0.04331088585362778,0.04309861598354075,0.05262368117078827,0.04735273506358964,0.12005881114922094,0.04973841626652354,0.04769232932762523,0.1473631573792465,0.11558755033190622,0.05547586094466575,0.06801111860454366,0.05476000321406665,0.018548669412340384,0.008164632844735172,0.08051396883726412,0.02692014861468409,0.01910891083157739,0.213286851158946,0.017896330310673815,0.039247622826732484,0.06380960905690491,0.03304548396526422,0.017010829198460944,0.052949496415419024,0.053116422159916264,0.01020015263287315,0.0648089567692044,0.28831376004398873,0.0104445744737317,0.014394194841049889,0.02261366911075622,0.012159955302264677,0.017733273788835702,0.017066269127541382,0.07365600385865907,0.27921239782765267,0.02881752854222942,0.05114373322736596,0.02224030229550297,0.010787863068426351,0.011622398315204245,0.01700728478846853,0.00419822799162994,0.03993085817026464,0.010251609351970163,0.023660424182371034,0.011346173582114242,0.01532206964242508,0.06303903016663923,0.0073023379060834556,0.03790969744837989,0.017464697448939772,0.1004829114990849,0.009485219199347085,0.01520706014522687,0.020145214345687078,0.14227244605064682,0.02086938876603712,0.055650259549457744,0.08558683562593711,0.03389935306477756,0.06468683802966184,0.06556421743034013,0.023120031255178784,0.21647355994458026,0.052308023227856014,0.10223080580872693,0.11382088909507898,0.08596993028939574,0.033680587167777755,0.03019531095784946,0.02318510144157855,0.017445712589935713,0.01869893389070354,0.0014462592214488461,0.03651303855456857,0.033953177091148354,0.07362616775766609,0.044597026461502244,0.0323877885084639,0.3199060967619936,0.006560249701146972,0.022009024672086788,0.01606101688644638,0.0652274750828837,0.080142040783039,0.1035562787835496,0.049119327455146085,0.056907803050487094,0.04076726535253627,0.011364203034970356,0.06581121102734293,0.34500366564063506,0.014172527111248215,0.013167476844522656,0.044022905763719415,0.08519552755791782,0.09539543892587186,0.2711321997756623,0.02994773863807102,0.00684415537683124,0.04158255952894646,0.0667186422383932,0.09843852504285845,0.008128654839907197,0.030755039601017185,0.03994856829128464,1.000000000000002,0.08075976990412256,0.007045524481721798,0.021328929543900373,0.014534277248881044,0.009044072887880812,0.016671815140586313,0.01816454705099284,0.01554548899586135,0.01326528021474614,0.062096491511451135,0.22242832135494953,0.01649275134879043,0.06666845920367262,0.10594526790332878,0.0275664484421537,0.04557459087644976,0.07482342346464403,0.03575759445796279,0.04516028550130483,0.035329830067084345,0.03868800056722128,0.04846683954313486,0.03526076345269085,0.010738331083167213,0.10214548151243097,0.06712457784508541,0.058444658795624375,0.024173526032620803,0.04790040123859968,0.034943307188708056,0.05670006507311106,0.42268475713065407,0.05390362605263332,0.033881402196242666,0.04618103004725756,0.053483425808647185,0.06447268091345075,0.030021293522177372,0.01589739546558914
Rhode Island HB 5006,0.05097534907074882,0.11012891406838697,0.08604058676437408,0.05389588527915526,0.06601443449434101,0.06138745028685417,0.06771800490893191,0.04764756779442612,0.03657810146899617,0.026665415729381577,0.03257470578164652,0.07408289307722285,0.06021298681315722,0.05625364628700144,0.1521318238269976,0.038662810810905224,0.036769136709665515,0.03972233633838813,0.05336771951355821,0.06992121593215532,0.1519109297088174,0.042841013412474406,0.03465362005817089,0.021463642494786946,0.09316491491171797,0.10962688592097898,0.08376789719658083,0.10341398148180768,0.06527653034608212,0.10354000411853209,0.06695232685654458,0.07354020096918061,0.02074543887464818,0.08195448990902288,0.05406621386900961,0.11368805350238362,0.08396801442439178,0.0695090750650308,0.07299726509060529,0.1035029810712178,0.0997155040718018,0.05227030986853437,0.03528186215352677,0.10782718960582456,0.03557993162667016,0.11427314111571002,0.095281954238015,0.059850218428122354,0.11871674990505869,0.0860181372722202,0.09199930255595333,0.07637323048211356,0.06551583603558714,0.029466580237721248,0.042653970264763065,0.05733020730044176,0.05269753048152645,0.06078508986869292,0.05124853336009835,0.06581804909547993,0.054511611377158875,0.05645019376586837,0.0421374678093747,0.06499741424820249,0.04261064642938726,0.14826530620468772,0.022411422734589535,0.06632852511560493,0.09763544371187066,0.01622155487765026,0.0665338295311939,0.04794528150688635,0.025459801853890286,0.03618972350016233,0.040145476508344956,0.10272139744189995,0.03965586752180916,0.056698571105833144,0.1065767108050626,0.05711930158522591,0.018842412753509095,0.017843620459110074,0.02312436562017543,0.012204183429080778,0.03632868427782346,0.01934773584981827,0.06650208166013696,0.018952110141125737,0.03441529285997899,0.08918988840461324,0.01987615170092072,0.05802767267100174,0.044391721603364735,0.02363097585152507,0.020634547438052524,0.03816503609466478,0.06156925439531229,0.18301025227520015,0.023271442475648017,0.07031199878963484,0.08962890554388815,0.03635506309655519,0.061850627394998525,0.08324966831097735,0.04137840592918552,0.09326599802346756,0.07656960371972563,0.13284280884158703,0.16852513862657278,0.08532307693852911,0.04495717805018006,0.058650819758114044,0.0744740462334499,0.032259124216494114,0.04443405816298036,0.018975864565145908,0.09974400052328829,0.05444560707642587,0.032295052928588974,0.09103236332135715,0.05884815509966074,0.07978231474194472,0.049931429485716175,0.0350593639466453,0.037138367698880154,0.11029330803358747,0.1413969069840065,0.12754467612008982,0.06487399622282577,0.06716120396253156,0.037840916872696743,0.029814592404625972,0.061965486380255966,0.08343670626366943,0.039274650038474454,0.02219609875547377,0.09231053711796482,0.12432890283876981,0.13093019516397453,0.08183190990753529,0.0346140615743016,0.021009498872932783,0.07956931266886091,0.0861508821529589,0.057344894318013026,0.03254533238451636,0.09964776507612089,0.07882120690661402,0.08075976990412256,0.9999999999999989,0.015417937642977069,0.08440418937234306,0.03531598909876844,0.038233224156245804,0.025597888489225642,0.04778987829813223,0.03670063085573295,0.032272801421294545,0.1391687885262278,0.05186533491196928,0.02347176803548739,0.05118076084491501,0.08598079995893426,0.033434215001030186,0.027484236430220865,0.06519564295807868,0.023920579588924747,0.09199146384891702,0.1357598652930721,0.06902184043122646,0.058307630297845234,0.14429207037130515,0.03056921671109566,0.1570681835131431,0.18460181663141978,0.19215176195946443,0.024425587029522806,0.04668800606753515,0.08227870837946435,0.055194460002862676,0.05273796743389922,0.07712634966511044,0.05536329867329041,0.05260416213852029,0.10006837525115846,0.06673403768598136,0.061420706620274504,0.03207850951411763
South Carolina SR 1346,0.01966225504129321,0.011129771041466311,0.008702544086338714,0.021421178755286763,0.012981713751807148,0.009095212930745365,0.01176987473041874,0.009009320372963248,0.025456754396732936,0.009690034616163794,0.02117093298288269,0.009595265009201367,0.021916058402952607,0.021675404002161097,0.020536828362399357,0.03016273424519649,0.0387287964278374,0.052677257548186626,0.011621876771273895,0.008456161290658404,0.010479137590617636,0.00318269749090258,0.014726765866475342,0.005721011525848041,0.005837457474890621,0.007496024126348054,0.0015271219196444817,0.013843944069503308,0.007352524044233543,0.014632709938213456,0.017510192092409775,0.015457833768242021,0.01992859499970598,0.019824100537399095,0.02705401158357347,0.01680548470817562,0.014492912139191344,0.00958881669948861,0.033573066727254526,0.009846442597804022,0.013941522636210426,0.051931362559029616,0.012130294062329764,0.022058765326460235,0.02662994850133253,0.018440894584606144,0.007093680524490855,0.01713102099125031,0.010314093436889155,0.010395844664433043,0.013775791043435341,0.014688468895757562,0.004026577838322718,0.006733967559602787,0.007179751857786826,0.01226258322329987,0.004040202444377701,0.013532756416449309,0.010916210726038468,0.009736377554631874,0.009955794798225578,0.014543750475240036,0.006572059598247499,0.0089675566954913,0.05992698947439525,0.010264459790563032,0.03490604372915382,0.011146802599199685,0.017116853901433252,0.008676359375467936,0.008344676060251556,0.004277885150919008,0.0030534459224043926,0.004230195943019208,0.0031444295288019534,0.015140919037509639,0.009625514027942423,0.010946345905264894,0.01051030111920119,0.007519072423695287,0.009356411768543916,0.004835557597722491,0.003786035533032875,0.00964280572139528,0.01612426586953409,0.01500954852720485,0.026911926711044042,0.01198039002184447,0.010288633857790797,0.015266283729006628,0.01304148127327691,0.011590151167721333,0.016637674059165605,0.003935333231178587,0.008393640250243152,0.0065372177021116714,0.018648290403811437,0.008859365685388584,0.0409283512505395,0.009012844498041895,0.012700469572711447,0.005724013507128581,0.005215910332582008,0.020789577532363983,0.0031878283399394123,0.006785671115162313,0.010589999491342886,0.012619691285309069,0.010322284521563937,0.009016654286808116,0.004133055196040396,0.0054016759808121,0.01392252114470916,0.0037033319891167753,0.00764146632840221,0.01292498018169298,0.005539064375977592,0.010195324285644725,0.004231133340970702,0.007695038868818618,0.006969270437163583,0.008128807260332976,0.02882665583295312,0.004949158020251441,0.0042814441272516915,0.030552690752616775,0.039539898699294675,0.009355944931961364,0.01818198499490797,0.01407087819484184,0.008185967969614023,0.011074989233399028,0.004508425086924595,0.007369889703479621,0.03948170330281228,0.07325524558700507,0.014758202115184563,0.033788567987874,0.03774308390301511,0.13366309280995836,0.007217229928332736,0.013581189686816814,0.014876958622886644,0.028533536919658535,0.023649253431284524,0.043248258075079336,0.011213861654662345,0.01405678920711746,0.007045524481721798,0.015417937642977069,1.0,0.06915829881233115,0.07554650396301255,0.031219710075458148,0.0026002154821310637,0.008889524328479018,0.007303621445031304,0.055484679897773295,0.017793717332290522,0.006633029568715866,0.004387958275391774,0.00796228610114585,0.006410997631962207,0.005107250833307838,0.006478500973322958,0.02347781645965145,0.005759461396516694,0.011901755421757304,0.00909677805252366,0.0074383988529790855,0.003405734948947293,0.010246006378765514,0.01449956567120606,0.018022933883511227,0.013161784686373273,0.005710674368399197,0.02158553400642168,0.019462103262076026,0.011681828069050574,0.014494206750487508,0.01100106715750472,0.006129449610382751,0.00850728288165481,0.004208315224552913,0.012609023538594399,0.016051258539564867,0.011092096257816828,0.014714690293759812
South Carolina SB 474,0.03559957051261721,0.06922324136217513,0.13026830613639245,0.027731828976269374,0.14705480248708183,0.04968309147274269,0.033909280531168755,0.028499509224383046,0.03366710654932939,0.03326261472938484,0.01351052602060361,0.046250492182547724,0.22883241792897774,0.13567839807598198,0.08051070831284181,0.02605557890747697,0.02517573739792871,0.03275441847017983,0.02173944311812839,0.044528625766874566,0.07445718917335711,0.04222530311314082,0.02420223725273442,0.03184965302408279,0.09918166335344719,0.04130219805998425,0.03286384937640208,0.09750083351820109,0.04911920412618004,0.1054229644575696,0.04595296086097325,0.08784206824276555,0.01125624620124846,0.036708467363010484,0.03988728002477298,0.04691715739710445,0.04314659588696142,0.037327204074151396,0.03447789623815122,0.1898821230752115,0.0825436615736459,0.018021745507411566,0.03207114467701914,0.015164179008535058,0.027314816060850847,0.09765336511558889,0.28380915288999603,0.09642641318043228,0.09878357024256858,0.09837435904389114,0.06742898054317988,0.05801737457066214,0.030941269620540755,0.06328782314743324,0.4052263054882251,0.04777350254936006,0.05297708556673493,0.12016534850713943,0.024884294893298717,0.2949590091105467,0.037939622947654954,0.06054912817641524,0.057603558062126574,0.09116814768919568,0.051671434286415234,0.05340891950303765,0.026450286988367343,0.039496000918307156,0.04282881835346607,0.015911439048852755,0.02304521312619958,0.017836103919066048,0.013648090895373593,0.02279791403954536,0.08049046596768865,0.05999958244535364,0.011953811553946455,0.016569784395716138,0.06633791386201224,0.04307652149461989,0.020822852271015338,0.0062926934832737876,0.026507263377646886,0.006016086791393146,0.02122242262968146,0.027390464251123566,0.024309469192332026,0.029548337827424838,0.05214108230086093,0.18775827361844313,0.047535891140693426,0.036949841549881374,0.059756843664190026,0.02604605089192799,0.021447677226917494,0.03578888084036403,0.020719466465372698,0.07882772539070858,0.030522295138604705,0.07790741817298179,0.06284776100999082,0.028331026547952574,0.03348248688457079,0.03503041720067775,0.052219465581415256,0.021442990071912176,0.08995257415170374,0.129869193225493,0.0789789731114294,0.09853281499889999,0.07267023307935529,0.06989244655165598,0.04980314171390219,0.13851971169222269,0.06715542361289012,0.010082489917275313,0.11452613427797682,0.20399624108804013,0.05474910832827534,0.05961347573690295,0.15894815550826888,0.022729944596817413,0.04862695632755717,0.07583078579867622,0.027943839849881497,0.0662283800630904,0.05481141631554067,0.1255470445404149,0.03876404316922665,0.0432734275279991,0.037782877996798844,0.013284915768351389,0.062949737491426,0.028391712235174178,0.015400666321128501,0.03036295351380909,0.05419630532422256,0.27094119599952504,0.1089809655302246,0.0694055206848256,0.042524006513248364,0.12471116491738331,0.3293512908405859,0.028363175152422287,0.03319823695834335,0.041441184585613355,0.053569853712463165,0.07034955963689983,0.021328929543900373,0.08440418937234306,0.06915829881233115,1.0000000000000009,0.024510614866985626,0.02543400689229969,0.03820207196802078,0.16346118132230875,0.09074152558921916,0.01820703513110142,0.06649352834043534,0.02181953590804584,0.02578960256656038,0.03165789370908265,0.04868228489921735,0.025843652748718242,0.05429741488931265,0.15723792845945606,0.023132814950379506,0.28526673187106527,0.08497148053425538,0.07086402756296888,0.01980384949126595,0.059923397578514274,0.024994979418993417,0.11052953312628486,0.12437313491617281,0.0687307278841493,0.0223285771025082,0.025602743840199612,0.032438427362440875,0.030991500492378067,0.01794696169810751,0.050393546788468614,0.06984310457394093,0.07919232851599488,0.1408552714913627,0.040178270554650536,0.23569763082176545,0.11790510655664836
South Dakota HB 1220,0.019354106710732268,0.018526586498988695,0.017833523003120487,0.012639655852355351,0.018854444578900276,0.03351436429644252,0.019222883810897727,0.02113661503452125,0.01079185163790358,0.011549121646965862,0.02090559787957905,0.016429254598418763,0.020718750053976383,0.022306281888295094,0.018615372607949897,0.013219431777238975,0.01652656604316108,0.020778772897816582,0.006770257579304724,0.013878147135865097,0.011314739395914009,0.0032990159525730207,0.010919137578092316,0.011492670462829523,0.0032821508109115256,0.004237815308268647,0.013838260728913566,0.006853036914552712,0.004756697390971075,0.016391538207858655,0.00814087724539473,0.01349638375389063,0.012695281657314044,0.011892115989538266,0.017132898987262765,0.020428621050022272,0.009624598174781788,0.00495233532246077,0.009388231597182786,0.013044214569589405,0.011751151407254416,0.011645407953122161,0.01320023148558051,0.016388975011299788,0.033282756870064045,0.021458373678120566,0.010158232196770105,0.021623413898457705,0.02531962200938865,0.027812460115693084,0.016211132780475552,0.01536143401654831,0.01563840402837361,0.010396182863189309,0.026437291346134942,0.014756174156254754,0.010561557546814813,0.02450293949708295,0.009733497827509114,0.0122674591000306,0.015667311468437396,0.010870241749532224,0.007862532899271251,0.024877187193335436,0.018421281777018142,0.010680912053258712,0.01155456180538916,0.017053659585294603,0.02948041855575705,0.013594909117701549,0.0062011065181936526,0.009923380490763932,0.01110414596785472,0.013651331234674394,0.008811923507979585,0.017264702087661878,0.006228933837871872,0.004111425550974609,0.011173487758341,0.008007543707649237,0.0030671205033392817,0.028068986542523346,0.02761074315589043,0.02554718234114379,0.009562102512010515,0.015692890844791387,0.017189964295531258,0.02141520023376032,0.01661223839422735,0.015522298640983517,0.029901877160532102,0.03553329719189395,0.013053489170965634,0.015928090301814187,0.0257261230776698,0.011663151159478706,0.013595609056600847,0.01911297607337974,0.007124577036147738,0.011892483059168383,0.017761877126724737,0.007007199474053539,0.005981177100447281,0.010530129220983992,0.012351517908831258,0.004469317487450281,0.017575967814856406,0.020709301607503405,0.019606667728702152,0.023622271036883063,0.02257704108288725,0.013794777599570646,0.017501080143503777,0.01870721699946488,0.01385481753533555,0.018098804907662698,0.0160918200148265,0.017275679492086263,0.026009379919899583,0.011580538921480974,0.023911771853227144,0.005109287266183696,0.00859931925630077,0.008672974602864512,0.003289507595846539,0.018180924364191567,0.015326526432591947,0.01790602248266872,0.01214372149761267,0.011845982072315879,0.014169132876146868,0.01382929562513879,0.005349750566328545,0.014798059956537976,0.007626433492102284,0.010919507795630484,0.012234839719511576,0.013818711914550665,0.01551092736027947,0.012752946416218719,0.04027975724062588,0.09352278708567148,0.053692237245532834,0.053896444615254474,0.022516430703657928,0.007743530411315187,0.04033374263160419,0.015219348525321776,0.014534277248881044,0.03531598909876844,0.07554650396301255,0.024510614866985626,1.0000000000000002,0.009670494732055298,0.01097323765745323,0.011569046135713086,0.013929378290347499,0.020803116862430252,0.013959031250128378,0.009912671679192823,0.011712975301923143,0.017673948247218015,0.013088332766160437,0.01687108119120338,0.008239931705266447,0.012777941249696964,0.006476504926592905,0.01622347946638565,0.012336439565526882,0.014874230213422678,0.008841899135997712,0.004934698442698319,0.005778389625214922,0.01571211577188977,0.010741457493346818,0.00640118894062859,0.05724428586403602,0.01696424715602919,0.03569432588852108,0.034853823942767044,0.015793579850881295,0.017026320763910717,0.010437998905210119,0.007804585255037307,0.035652308984963764,0.017794167121084628,0.03918381633547511,0.056537299207626505
Tennessee HJR 133,0.011780026419500395,0.011481671162936347,0.014666385207425066,0.13485856428293597,0.04156488554713773,0.02468630276512246,0.04902114159512476,0.010663208047789549,0.0352711390397021,0.0051815803952705965,0.009341030469111751,0.01376192126004325,0.009201017975077733,0.01757074179450982,0.037688585025942155,0.024010395258691142,0.021162395503418106,0.0503637462680725,0.010256691248369408,0.014178567204612198,0.024218454908056505,0.016336707813150143,0.010781955817923699,0.005037975882184626,0.021563998778922646,0.01598497394794013,0.012314388365692154,0.02519346096562239,0.007308849537832016,0.018665764508293173,0.01307314985309615,0.017679407734032003,0.021660584605810492,0.022512402890458853,0.04933107645582811,0.035717227386949955,0.01368609675265059,0.007539842236367764,0.037698056298223606,0.05870987897327542,0.03386352383054049,0.020984721168006468,0.02250661282823236,0.029578798950775486,0.027722015193825597,0.017307115889702275,0.034864041813044776,0.00632992021549341,0.02366998641953181,0.009866217533119543,0.07804668954388798,0.016373262926358104,0.007541048702679878,0.010313086771038598,0.015046659833440309,0.01027132154035329,0.0034144907860207472,0.02045909284973489,0.011076459431182566,0.02611842515894873,0.008558542939562422,0.01223855831222266,0.0066937908378843945,0.02712236885092089,0.04816201383924328,0.017247450464429544,0.06687204669543251,0.053699887281878994,0.017501845706515914,0.012980297237447452,0.009174517753533075,0.001956077281561495,0.001926599795872375,0.005915590704304254,0.005884157091378984,0.013385776986905849,0.008244521039106023,0.008378786654955431,0.01944465403566034,0.012222551838940974,0.007576050451230625,0.00938664344754316,0.011478723840334689,0.008678534535712669,0.02079074273740346,0.01692763454798762,0.029381676487833026,0.005650066466071404,0.010345072441484478,0.0371920788044248,0.021464895392126523,0.02998471150047915,0.013591574508063175,0.008975500763925138,0.005784788530644145,0.005747051172451869,0.0236841265231417,0.026766198382651558,0.045973750998514744,0.009634448521498506,0.021099974304467653,0.03475852546636602,0.014896696224544308,0.026471872191546588,0.009497375593431367,0.017460772626366916,0.013715348198673165,0.023874272948408437,0.027967828341025167,0.015348138405670704,0.009091802835188753,0.011231542662490651,0.014978127491823385,0.011471101173484027,0.019348300094034855,0.0022746161844525996,0.02195035612794184,0.021530884773718773,0.01511240530103403,0.02946950178051876,0.017254939318783902,0.012052349207271029,0.029773755426102774,0.007536554234266684,0.005265174310458474,0.016396315256215523,0.035542921155042005,0.01259260798428047,0.01599636431083856,0.014360083002987009,0.009677339386951516,0.0060765473185872085,0.012149358750607547,0.011030004509558539,0.04014359436363851,0.030115978726161417,0.015288158074945104,0.034513517933217504,0.02226375808926844,0.01764072421284725,0.008843152299045589,0.025123295998098177,0.03463164817805642,0.01853787510966038,0.02059445829792299,0.0477743345977202,0.021776542551821737,0.018751255257888524,0.009044072887880812,0.038233224156245804,0.031219710075458148,0.02543400689229969,0.009670494732055298,1.0000000000000002,0.1002242442899774,0.1587078898950501,0.06356162067352995,0.12249780912935762,0.03263420808121782,0.009490714271643573,0.005890496093734221,0.017927786858464485,0.021769615320829584,0.00738636521264782,0.005994007922509737,0.026367479439372794,0.004447202403055856,0.028728012472898145,0.038150910961366954,0.011615552566401736,0.005978823193830442,0.06756069770232864,0.12050610828213841,0.028104526863369974,0.025609701530245978,0.023198876600035223,0.015902196383207067,0.007616780759998945,0.028554639568112872,0.010553624711956372,0.0127572217312945,0.06818260720032317,0.022620449690386058,0.007215119954461576,0.017142161466795494,0.009094652653338909,0.03768749503728479,0.01796743367007504
Tennessee HB 90,0.01851583827395319,0.028299781989250115,0.028508645479597715,0.006016099620623241,0.013040444928940811,0.014989586109139558,0.019062216046465442,0.012473451084478147,0.013238520827979555,0.006171970205535677,0.016011718304532307,0.020789852579664973,0.007154813254393304,0.009160928881873774,0.027779260836449986,0.004383083174011019,0.005014513302732162,0.007696148394032543,0.01757821818495312,0.024374743954640708,0.03803866170973385,0.008210841714933258,0.011570183727862773,0.01614066810720704,0.017515861768397697,0.0180148442712134,0.013984357336744335,0.03145413422996563,0.019468364957208908,0.050706017434099485,0.02416322015463959,0.032012266508120266,0.004410239807155472,0.023332872281500248,0.015260992596555861,0.01240739784533862,0.022914977963601542,0.02725596890670978,0.019565473369513513,0.03024125217922914,0.03118926046900716,0.009014217308057017,0.003854732649769871,0.0051817709778888095,0.009686319852441184,0.04381953196799574,0.06336021513989082,0.03286080561187493,0.02530910727275061,0.02991404946859652,0.01686265493756267,0.016596273662413088,0.010126396869490994,0.010921870963608643,0.020432256657472336,0.020784266993208168,0.009524651442067818,0.03035029641527092,0.016755602461597973,0.031018368070410703,0.022692901192508348,0.015278454474145782,0.01829686585270738,0.0255285861550931,0.010743597558076837,0.05215084054299243,0.007684691375769387,0.012785329764766241,0.027250072454212564,0.0028657682151100867,0.010807517386675016,0.0097719037039088,0.0056112975983995915,0.009203564062115458,0.04638717621190092,0.03255639520698331,0.014837948854913668,0.015400955195752224,0.01960827207833325,0.02125274693042524,0.009624605291520703,0.01073182687152957,0.022175337887232516,0.006408027722636728,0.006358488553732638,0.012640597535730966,0.008113217728844048,0.013704815860019709,0.024741454492749202,0.03415565868263511,0.012862991561957575,0.009219582971031554,0.007480278106146223,0.014073277618163047,0.014969566659421495,0.013109309277886038,0.008538504244910932,0.03220356922715093,0.011355727420719367,0.029325662433682842,0.025613944847829213,0.01114234860317546,0.011306988654741675,0.009664920014556516,0.011961586199874247,0.007781493926188474,0.024121355138605798,0.027387221005834052,0.02209707445482197,0.025155493567354775,0.020825122010054417,0.023859869937654647,0.010910188728092953,0.02405917840989112,0.012329504634621046,0.022491657113382052,0.019960584841917862,0.031334916029260584,0.02662434120606527,0.02237259400837389,0.022340256967228578,0.03377980715999765,0.012628931873794774,0.012417751151615263,0.011128644388201965,0.030831315717693698,0.01517363230786341,0.043459034138864545,0.01566835968095032,0.013872823615185749,0.03200854116157538,0.019071064162042833,0.019994216173423736,0.02113862079380188,0.016620015359386953,0.009147577381426327,0.03598340352899463,0.03913375857241951,0.032139090347575866,0.040060687795637547,0.012432621402477284,0.025274505267442127,0.03161743559221493,0.01856377750969513,0.02047249526169092,0.006630445342976654,0.017056376566395658,0.031691794018984185,0.016671815140586313,0.025597888489225642,0.0026002154821310637,0.03820207196802078,0.01097323765745323,0.1002242442899774,1.0,0.44993474407511297,0.2884196592576439,0.0036208419202692307,0.01463256066006138,0.011643970239832995,0.014042655504699054,0.01738856600109952,0.019253069823964627,0.019012876340676662,0.01753860880144122,0.04929992448580601,0.018835047252316283,0.0410707864688951,0.02145857201828146,0.027886000546775334,0.013331786002420368,0.029465946480092643,0.001616149856146167,0.04353610475677316,0.031640819644793886,0.01899022786918615,0.014338106355634777,0.019760731698601052,0.026934898298943695,0.02452836067723171,0.013102262761444066,0.017964962834953753,0.025883435901090962,0.019722920886034386,0.026857785730252166,0.019555965883813097,0.029117669043733734,0.018730977270851462
Tennessee SB 745,0.026034217852315633,0.04622246909494495,0.0566794877327003,0.015265994088136616,0.05231734001845114,0.01727196639891013,0.01930523378439677,0.024015377893540815,0.01661275358008625,0.019759125532593902,0.021671902201515793,0.028707585785078375,0.06053034063604213,0.04593344579631751,0.03618809402735043,0.010784872413315166,0.012538230649104786,0.010186306863888897,0.015730747325582186,0.01691614859527473,0.041562192153400096,0.017775266482583076,0.017742280714402148,0.016988793414010352,0.03243230286665502,0.022299236010441398,0.014893131386892482,0.04332408516124158,0.024918495005132272,0.05009332357796244,0.031847919512857974,0.04108338511114056,0.009921893400824364,0.015932473546638824,0.020002125242464922,0.019861899330318608,0.03647731236152682,0.028996701120867663,0.03084852827839854,0.08399616183421238,0.030631813347099236,0.011985797567221613,0.015485726908274468,0.01230939459983156,0.021824829656619363,0.06720688452053594,0.17542630673275358,0.04244123874354726,0.039226572276438235,0.04745042939870314,0.03257521804005852,0.024077916017501526,0.018373239097496576,0.01986742147661834,0.0813960753342645,0.02141511127068028,0.028490361991986967,0.04650624309904535,0.013999182095751277,0.12128996968823108,0.015494031749475091,0.01952547289355288,0.019581785553066288,0.0409582124533232,0.021187299345625327,0.01705909535599236,0.012757658182431084,0.025611130834885955,0.03496099159038474,0.005534149783010486,0.0073813328575649245,0.013249453081106474,0.007204613273819049,0.021356261455428956,0.038690853575959014,0.045586828435739704,0.007431393930594621,0.016054171151133265,0.02945307856967134,0.026698519142808564,0.008089267076630637,0.02027865858638772,0.016638281198680847,0.012132744077937341,0.01864792094072531,0.01260049681315821,0.013514429756161102,0.013496251553119934,0.02703968506506827,0.06062365002893555,0.018782348326783514,0.024633097630880767,0.015220739153780938,0.013099922819603014,0.01512200762147099,0.021109558376545802,0.012645753210136884,0.06244575754888348,0.02110376135666838,0.02535253559497409,0.0316198639585598,0.014803680992902902,0.018446028624550154,0.0256038083481408,0.018912037964316782,0.013828034534094986,0.034597367721526835,0.0518274188903434,0.03564476882423851,0.04054364358448239,0.021286983429231597,0.030483421926402715,0.0177636321952991,0.0353030187467477,0.026252780034192538,0.029316804229420953,0.04484976394411328,0.06833766562753466,0.022240353012128827,0.02427051938536463,0.05174924898929009,0.012298145111099331,0.011620736717426292,0.02383049836225619,0.009107077349148075,0.033128987026936306,0.03013278038348443,0.055108020558157216,0.013981649603731187,0.014794009386948944,0.016213341264420058,0.02019287008819928,0.023569622728000443,0.022414628836561812,0.006009931322609347,0.015349713658002723,0.03641067993994864,0.08280139263737779,0.04188689847383002,0.025258828032491465,0.016524131019865537,0.03521907768440484,0.11391100839460899,0.021568403456738054,0.036681175620697656,0.014135886350400185,0.035249446862452405,0.029050682315201207,0.01816454705099284,0.04778987829813223,0.008889524328479018,0.16346118132230875,0.011569046135713086,0.1587078898950501,0.44993474407511297,1.0000000000000002,0.31993680101123406,0.007184717294869013,0.036611298570889995,0.013936891842898796,0.02282958300006276,0.029156171066946266,0.029559249582885534,0.026497970732494523,0.020256186500872332,0.07835048462011908,0.023032493238117825,0.11060037890331395,0.04118381623795637,0.037982560135552686,0.022212526443583562,0.03238896460066625,0.00965903032747988,0.04196306641174814,0.04652513745010504,0.02531287592079748,0.022763561950212764,0.019884161842206146,0.029048917143640923,0.028946039901399167,0.019018017878970832,0.022880524768973353,0.03176096128094263,0.03599569836970668,0.0636759600652058,0.026759354045700273,0.07618734786394966,0.04868519041773072
Tennessee HB 1895,0.023954880820661755,0.043512448774119375,0.059431689661196774,0.01745808259105549,0.04387422831770425,0.029137362193218504,0.017139783459661915,0.027647322618304302,0.016255405043414516,0.036012384261163446,0.011936065956652683,0.03874271612453971,0.03661283735457083,0.021777366456691982,0.02509385698151363,0.010062970765281294,0.010300844532521853,0.01386669033083229,0.008375899156715374,0.013480856599018105,0.03066731175508439,0.017273121492686765,0.006288375465732728,0.020474499903117005,0.032988363409076925,0.02046686098251108,0.018152863243804628,0.06330803650236254,0.017218965321087763,0.05895260623392188,0.029533976349416638,0.02430150448322662,0.00680527563763587,0.03177610978741405,0.01615059510358723,0.02241927001994157,0.04935969469287166,0.030735482547278408,0.028731830861959785,0.057691457313826244,0.040625159245599514,0.015644025949899235,0.014444400204132526,0.0147516599742441,0.015329902261174179,0.0636478156840941,0.10569405032728292,0.099352881794324,0.10154101103721405,0.06969518126563876,0.03252777360373364,0.01917023204132683,0.014799314073224833,0.012699988850396025,0.04916287951147485,0.020377076243697508,0.016531907404616006,0.040470044751698575,0.01238369265998592,0.08145484846739616,0.016554339958043632,0.022582028349486374,0.049164528413969524,0.036001445397315805,0.03421919877358142,0.020531503408860074,0.014734279821891303,0.013384006201482291,0.0288552415810639,0.005290907643868105,0.011176658305232255,0.013153273644992152,0.008958902289556626,0.016490626905149082,0.019983449652574096,0.03801683196453884,0.004833323306398619,0.012489625936613166,0.045345408548019855,0.02855354811165555,0.012271974051610615,0.011152198882770439,0.018169581890941762,0.006639744212185893,0.01534934481475145,0.018246276158658474,0.013192237065735064,0.07346038979265464,0.027569255635856684,0.055027439969847866,0.015455846830754598,0.03578252082947716,0.02680984029420646,0.016449526652516238,0.01872012823196073,0.019007117948348397,0.011173560041619335,0.042378495616634065,0.014988615543504087,0.030289887586532987,0.0447954151099563,0.0254398129460206,0.013000100882290954,0.017808474925534,0.021175011692520427,0.013279796913346494,0.033833101851461836,0.053085126270230966,0.04276686586944698,0.042442820016401456,0.014533284136316826,0.04753895880616844,0.02497011546948151,0.03790940690659988,0.03921626281555179,0.017021534338769073,0.027685888095322374,0.04501985236300864,0.017809906868506146,0.04200203353954366,0.05517549253915286,0.009859826535720805,0.01492351194032164,0.020662965076635936,0.013684818194519256,0.044787273766050274,0.021442009380634397,0.1086009328132904,0.033968002722751404,0.033472118449885666,0.016121654903582493,0.008765249503353573,0.012120944071852642,0.016415808514428604,0.014531593104403188,0.006700350374742099,0.03312981163204259,0.10649165968448865,0.04030175700233576,0.017968930061125408,0.04066722591007338,0.039738632271294275,0.13360312257277432,0.01018165181475114,0.023245994431438693,0.017905806767747466,0.025934381307670732,0.04562923995085393,0.01554548899586135,0.03670063085573295,0.007303621445031304,0.09074152558921916,0.013929378290347499,0.06356162067352995,0.2884196592576439,0.31993680101123406,0.9999999999999991,0.0066485747067261715,0.022938068348891102,0.011252925823231555,0.027645725396513745,0.02037967023661192,0.03309167884158068,0.028064222242759364,0.017029141055890464,0.07369071787910504,0.020090474709435615,0.10745228674681688,0.02152871690015974,0.04886701659143365,0.017784979827992896,0.033764093837348456,0.013308376662773241,0.06936359570038918,0.048210382659097155,0.024568022006945217,0.025823761088179374,0.024658723425926454,0.027174320323893227,0.02886452539669841,0.020726974641496233,0.0260587112125093,0.017079548708113377,0.034629737954295074,0.04051220367482095,0.026829913826287962,0.05971302017590159,0.029460611938214393
Texas SR 650,0.015429930690911673,0.029909437866824345,0.01389349293407663,0.08674293653283481,0.03196952402303909,0.03559510248375937,0.042278868066216266,0.03491085868638483,0.14255809270621045,0.004513423153135663,0.005097066937184907,0.026216239969697408,0.006861415054435939,0.026102316801352946,0.054423847830340884,0.02622431316254427,0.038272287688092724,0.07488903889920517,0.02092128506105055,0.044650981548260006,0.02684864864429671,0.028177070006215388,0.016642727821336734,0.0076128229353941475,0.009502997757400294,0.018670558756738776,0.02205291449430243,0.030458281877783492,0.008254600225379223,0.024522148861738848,0.007003628292350184,0.01569524458809156,0.028082553324386094,0.03319291401020735,0.022545406852433315,0.040756585944108754,0.014913534455718027,0.009538414191919356,0.024927987222642268,0.04382050396088411,0.018489765664654483,0.02648796163390869,0.021140682458390327,0.029299327175151334,0.0392842313206515,0.026324932057586684,0.016739420673573605,0.008302638220749078,0.046997129412126346,0.019094613168456703,0.03721718133273185,0.017689530371935106,0.010664306958733041,0.007923749070268098,0.013048877133927083,0.012622548112776666,0.004676916365249471,0.021066142241819606,0.018474844537869857,0.01918676798887127,0.013214810159256943,0.016636944290281997,0.009883568204138788,0.023884188813454006,0.07020143916368458,0.023281359261839066,0.11605629723500589,0.037605112210500724,0.023992106992784937,0.007218548733006334,0.01002220078336674,0.0028902608728370955,0.004193006578209213,0.00647253783989427,0.007027198584115914,0.026130785130150918,0.0059203888495936,0.011427501133753716,0.020217779901249455,0.011263532109596686,0.01833177780372311,0.010776148040182874,0.005566940256258353,0.010670878596398124,0.05610501907019362,0.022984374766179354,0.040298226691969766,0.015041613991564189,0.020423197835347285,0.0220755673818446,0.024227175252059537,0.03273618987912052,0.023686689183655102,0.01414965278362126,0.01176381426689981,0.009213958523392228,0.011144223547879605,0.021330080177577836,0.06267391712672309,0.014934763336478545,0.040711613355524534,0.010496485879445946,0.03701931210896331,0.028402420123627113,0.004736213231918578,0.03147567365528648,0.01702714218427093,0.03196902408021186,0.021632884546636533,0.016219015938722752,0.0189569382551839,0.00951323975972415,0.012534264044352057,0.022942584335192747,0.023282193984452776,0.020799602404525906,0.022824990886769533,0.021805171887255573,0.018823813451344575,0.033724383461118966,0.017861298576463677,0.017507875857973684,0.03117237770847732,0.00910916251127368,0.00559817315642147,0.016575008019785255,0.030154833839567904,0.015590527569433058,0.03643682011725214,0.026529519266044767,0.007299620197474144,0.009568046901181735,0.018625237909002373,0.01994328294559925,0.05002381219728382,0.08291833858345625,0.0108892300065198,0.03315521866597895,0.026793964275254524,0.02229193276227538,0.010526410527108659,0.01900179257731264,0.024057378819179936,0.03127773956487676,0.031782696498458114,0.10557968255351316,0.01682683009122281,0.025962146073361156,0.01326528021474614,0.032272801421294545,0.055484679897773295,0.01820703513110142,0.020803116862430252,0.12249780912935762,0.0036208419202692307,0.007184717294869013,0.0066485747067261715,1.0000000000000004,0.04672083678933704,0.07914862398496626,0.019295564434573344,0.0701524552235645,0.04194703072061343,0.03224141651175653,0.014406468064339598,0.027467993963310736,0.007357081127982461,0.021472745912481887,0.014974647224617034,0.010792532245398079,0.005885821852105793,0.04601433033753334,0.08886801152438029,0.034481805010850054,0.024058713617321873,0.020771477713057436,0.017893962089241416,0.0127354837488763,0.03201767354358585,0.022255550754856333,0.0193115419313884,0.0653188176138123,0.008246188141567927,0.00877527161035696,0.02075348297251513,0.02050199660674224,0.0249517480616696,0.02921283617963341
Texas HB 1575,0.031871494826657853,0.0657781187291056,0.07303232180848332,0.052137552377807005,0.05501615243961433,0.03913174828607772,0.050161151928185266,0.037812658516711964,0.0281645902627681,0.023421712858261654,0.02996750201143311,0.06234948669112436,0.06271131154962413,0.043542421875767116,0.14996411904371632,0.022817427388972022,0.02410716965216155,0.03735221636134332,0.041653168323310695,0.048760547261363876,0.12605421592730237,0.031120703467570374,0.05450491101068768,0.020495077501927646,0.057647108732195904,0.07386845724475387,0.049645320413639143,0.06828251225529013,0.06670554770218894,0.06281312546525931,0.04030716264147581,0.07572007893684991,0.020011139113832937,0.051944698059782676,0.023826350384535615,0.07769262232574677,0.04843968675418602,0.08445886913840973,0.03991489231919087,0.07825202318611578,0.054709103954540324,0.03720887236081098,0.030802450335985315,0.05105427938703072,0.03138168777484484,0.1031658380737721,0.06642774046064136,0.044516838866081876,0.10743879881156822,0.08261752171105931,0.07123081599386245,0.06091326182819635,0.04917759647474775,0.03741739011850556,0.03961778566470935,0.036899032437396374,0.024850587037848156,0.041735291414901544,0.036128621656065354,0.041382579695575586,0.032636380291995955,0.0463496275106736,0.041478693610539304,0.04045847704890484,0.040184824215050124,0.0612032120614482,0.023289909282064494,0.051463214894223,0.0933412920350915,0.009047499758414889,0.03210102729009183,0.020368614480333176,0.022200950481751344,0.031883280963537604,0.025038986809417678,0.07832809270323295,0.03369531219358182,0.03008126146876528,0.08778363640522255,0.03310943622719206,0.016870557828415008,0.010849760548563387,0.00982566709844017,0.006769422685237021,0.033089694257830427,0.014776502510560294,0.03127704868669092,0.019694875291636677,0.017285336544206532,0.07703744014882538,0.010467382573497976,0.05105830071726309,0.029994452349533907,0.018496495627676458,0.013794918825497094,0.022171591083798917,0.028873457163477133,0.14307161308876845,0.017546908168056017,0.048740203717235926,0.06758121660178026,0.03430868679162852,0.046192030187439954,0.04562327444897092,0.034128218754928455,0.06613800583775171,0.07367391520670602,0.08680796896264734,0.09742819935905615,0.058807292762830095,0.034452546641963885,0.0328790915734436,0.041032885630945995,0.0274379834578144,0.028099491759337875,0.006661332559295706,0.06893648717633642,0.03505713256155182,0.018692393023850888,0.07172469057315271,0.0463212170345181,0.09937503525838731,0.027815224159132255,0.03811384748095343,0.02924009774679188,0.05460680405947786,0.06434885343619973,0.08056539772182622,0.04988613082367459,0.047296415133505944,0.027815699484562847,0.01248438429461067,0.036800356947967336,0.06725395879662457,0.02718970319015208,0.02194722703102463,0.053121002655205696,0.09176891575870177,0.11100962418953358,0.05374422736984748,0.025031705152312445,0.022201718142202086,0.0641551682788482,0.1380012181841465,0.041808528500024755,0.024745499888646175,0.048880675447346235,0.061338949637729664,0.062096491511451135,0.1391687885262278,0.017793717332290522,0.06649352834043534,0.013959031250128378,0.03263420808121782,0.01463256066006138,0.036611298570889995,0.022938068348891102,0.04672083678933704,0.9999999999999988,0.05303857476350148,0.04696530468295604,0.47609653933920676,0.608130484157941,0.27100769159291443,0.03465138968755195,0.06835353466223022,0.018190399594842793,0.07528233939446624,0.07369645902637773,0.05687491557423534,0.046684034423217904,0.08217710259969335,0.028285661415156246,0.07653640726885873,0.10247923162169409,0.11217999741546636,0.028634115533233594,0.04707351399624056,0.04031326968821992,0.048992427745579194,0.04524924865494577,0.09984859268885003,0.040154836236582676,0.043514272585545605,0.05934874870795067,0.07613792869047492,0.03817848082978309,0.02343651045942913
Texas SB 30,0.035817357459536764,0.065543179593731,0.043237202942189835,0.012550624603386403,0.03796601825777354,0.04583020103348411,0.10225632189050496,0.04031188197346952,0.01870454907188896,0.01950163004322578,0.02150724121515369,0.03960667514648798,0.015674164081368427,0.022147076558781082,0.05210640684669943,0.011183087989440423,0.011281730217625557,0.020891902789276592,0.14655463946749878,0.1817340172773924,0.10750909859466307,0.015524635124552487,0.0351238495161347,0.011873159666979268,0.013980684453372595,0.0542523734406499,0.013465861910705883,0.031150508965204993,0.026513077130387766,0.058571866706696805,0.028786240082528208,0.06018686354006052,0.026921720516732098,0.0234525028929955,0.020427981654001608,0.046346200277816774,0.04360516109724451,0.02958058599694161,0.03195510108099692,0.063306297736598,0.025361961626682597,0.022644088219762538,0.0193289203834187,0.032248539156274424,0.030721408041466468,0.07388409754605214,0.030472746912357428,0.026397468530577447,0.06915179450709703,0.04394814726333231,0.02743204723807361,0.04669173857119351,0.022268835505994483,0.016158040033896336,0.009619758856268448,0.06791300745217857,0.008741765642826839,0.02193519212110733,0.13814842318194923,0.019131057146440464,0.05738795233769205,0.07340733317645866,0.018940843566807766,0.02476714260342981,0.015458903542819187,0.0473313156287007,0.01324532836684266,0.042305214420331125,0.15915066416530238,0.007077448991247412,0.011360897074038648,0.022515007603996776,0.0125731367459581,0.025046675725537395,0.016031311966713483,0.07003336223759563,0.13732785771113107,0.032264742226391356,0.059807554750837204,0.02561249888488336,0.013081756503908843,0.02608224191638485,0.018396401743886858,0.02203538010595332,0.04459304636961624,0.023316282538522175,0.013719192611036784,0.019720395120652073,0.014179686482887551,0.0606894539884113,0.022043779212753287,0.052759209618031246,0.025526861793126788,0.07376616646742858,0.02714621339005567,0.02734221592151816,0.010559552832558565,0.07219542377384945,0.019393665138982108,0.04558465367933066,0.060764471032883446,0.028331906027590184,0.05276375664157446,0.05258443332935637,0.02563724465927825,0.19666549285239443,0.05696258385621577,0.07344808657695788,0.08272536727766827,0.06944927681810772,0.028262102317777985,0.027771459753585095,0.030737571657990757,0.018208798883455415,0.025276900466230587,0.004364153575524749,0.03186945476776786,0.0326304296732496,0.04838406594169004,0.04979136351343916,0.02763430081979495,0.18465708945420856,0.012440638503480216,0.026714873511188866,0.016876174263638778,0.038256163449039794,0.03820446252705441,0.05767654594482596,0.02019807504631076,0.020921590487731585,0.017696769345769824,0.0144148193436402,0.07309213768113283,0.15085033391767114,0.015241817859462587,0.009827037426924111,0.02603861441499362,0.07109744012122711,0.08725495417641098,0.18141800034835553,0.023438228695271044,0.008324538929675713,0.03895337123065004,0.04689945499376482,0.08005338602568535,0.00928840005907215,0.046774662645113416,0.041865288050100355,0.22242832135494953,0.05186533491196928,0.006633029568715866,0.02181953590804584,0.009912671679192823,0.009490714271643573,0.011643970239832995,0.013936891842898796,0.011252925823231555,0.07914862398496626,0.05303857476350148,0.9999999999999998,0.029741714473691342,0.0574441981769575,0.0845380266546906,0.024747656498440428,0.04380815647547023,0.07572445687891566,0.027889977817824818,0.0451137374805186,0.03727595213329082,0.04254801041970389,0.026083146682035152,0.035025696696874005,0.01459297674969488,0.08512059564544706,0.053029074300976385,0.03807001130700069,0.022493399005399928,0.028601879677548372,0.03247526659316393,0.03358894799081232,0.14344381028433134,0.029888251874336087,0.024601048714434214,0.0703504015481707,0.03988968775836464,0.044894598132160846,0.04721421830355911,0.02907368016968769
Texas HB 1589,0.017149027817688924,0.03588260919706193,0.03665595743857021,0.008827300100735439,0.019774259826488425,0.0171278158255038,0.016883346406017387,0.01671087539885284,0.013471768197821418,0.010648896573891061,0.011697671357614046,0.07510402502581637,0.016489315068205425,0.019248325173721405,0.03511613618241402,0.006925427921256507,0.008705573338704886,0.011517092592210525,0.009226356228461914,0.016362351286558264,0.035368855599058904,0.014307938930815415,0.024250610208933904,0.01681639244651938,0.047062822413198195,0.016495573267699685,0.016132845701061167,0.058866666308592205,0.023839712755490485,0.04620062401382651,0.022707629504033693,0.03956329301926176,0.016777858421943504,0.028558476009905416,0.02207676892122543,0.022208414126375066,0.02158625940317627,0.03755711296454136,0.015438671346950828,0.02686219340933144,0.028765635662450873,0.006425805944595656,0.00983035683387986,0.00985858996312322,0.011863330478927474,0.05357638897452731,0.03496358960935771,0.04364909379253746,0.0443622582142773,0.12865337077758474,0.0183198884154794,0.025275848944658428,0.018672783070448274,0.009785359179866603,0.013709999292982692,0.021931843782622286,0.012195638254179918,0.028011465401531717,0.00968301639227044,0.018992037831754262,0.013217924536025803,0.026051616827671195,0.049385857920168814,0.024319797378083197,0.013072891512335517,0.022056296716485745,0.006598606858046342,0.012482566758244565,0.0214938239755998,0.013881244003835017,0.007315462029890236,0.014018270831227987,0.011216667102566798,0.020445107901014774,0.03126981235855263,0.04121232660971045,0.00798343658290903,0.006773047711923496,0.032815251947484116,0.025328882682804903,0.01297351170665515,0.011425980920391059,0.022377953645674874,0.009396901327966337,0.010973363704357964,0.01602855652345505,0.012775759392590263,0.011115961185370683,0.045887912491546244,0.04724441813150155,0.007733644382630765,0.018326392536308477,0.016509833438505938,0.013065408131671875,0.01592950741102023,0.036779919734687916,0.01646650938409266,0.035159362593654736,0.011378818123232702,0.030186450301108145,0.029343444114850875,0.008699564296290365,0.010813119602633404,0.008002542300485594,0.025411842015051804,0.018859827875297556,0.034181483641253764,0.03240779657834323,0.02831214350921072,0.03423308503025128,0.01646436390737991,0.018296361665072702,0.022998365550264493,0.020818794049177934,0.015733635533269928,0.006511893744442166,0.01274970355623068,0.017275782937774348,0.006930004801218088,0.02187827002108565,0.027277621455526375,0.013863235950221516,0.009671449548382222,0.025637449490952483,0.02035051272355947,0.0382532562184372,0.014878423355430114,0.09853810831754362,0.021919135963674702,0.020760414966309978,0.024961596057860174,0.008282659977099172,0.01091075558230245,0.013153836069792195,0.006529561413419215,0.013587702027148731,0.02884654101307965,0.042805397320953925,0.03325339352691984,0.018211777666175342,0.024134484562776556,0.02227873951408188,0.036760757125113334,0.01700324339822832,0.05437736447546259,0.009142886195698162,0.015860064839811106,0.05034313262282591,0.01649275134879043,0.02347176803548739,0.004387958275391774,0.02578960256656038,0.011712975301923143,0.005890496093734221,0.014042655504699054,0.02282958300006276,0.027645725396513745,0.019295564434573344,0.04696530468295604,0.029741714473691342,0.9999999999999994,0.06430860607616502,0.05173547636571124,0.674398764987874,0.015261645584377112,0.037905304126121225,0.01761493992490123,0.045882370826780546,0.020340859402394277,0.04387191646884935,0.010095754537658699,0.017417849186042916,0.0015865594344315788,0.0435835041373736,0.03176932083619119,0.016687859138409786,0.027483538871025354,0.019046735779505903,0.02801400980604231,0.03213296768077752,0.01363538718719265,0.01247878730895241,0.013954144388458555,0.08612535372196647,0.024054416086808753,0.04028839864697819,0.02179800885649734,0.01696913285512331
Texas SB 2376,0.04799781053497117,0.08308454790789645,0.0524611653565888,0.03948019211917654,0.04691186462175792,0.04778351635442545,0.06927869864315299,0.10934946558308259,0.04705544143429302,0.028819465181294295,0.04049087007125175,0.06955002190050116,0.030006801873443657,0.037209695958546805,0.08584823299435422,0.01865158495790236,0.020065136325420816,0.013316086931421667,0.03633044481360602,0.05757843063319568,0.08418127817108134,0.029278745986864176,0.025604361278642906,0.02028823736691353,0.0436172745954891,0.04564511220276529,0.023343186908583523,0.05473654945911247,0.03762285872546055,0.12715023884001528,0.04188176063277045,0.09717161499111815,0.020974235330913235,0.03229997072203743,0.029608952438704348,0.034177832435776746,0.04871265872675482,0.024620135532438827,0.028467419405957553,0.056247059675213,0.04092146562437039,0.023426756459275614,0.016026961758510132,0.02244414820510801,0.022820145373724166,0.09545565978069381,0.05406949125027308,0.05268701593109348,0.11399713464998626,0.07693945426175706,0.05237323094513179,0.048171111569266505,0.04021095485711473,0.02260033563089091,0.017562620010407575,0.04451937498049414,0.03954755571189511,0.03504728118000751,0.051400775536331635,0.029200577144037548,0.05245160052748477,0.041699711913379484,0.029830298848817556,0.03486301174188145,0.04158613192599267,0.04507536905060353,0.030348127958974454,0.07171933926903251,0.07342149284422707,0.011092394124415024,0.016448252834214288,0.028760508001894773,0.010638228370842173,0.028007527503921603,0.02427877174251837,0.07493389146734244,0.026041778980077483,0.018840595120573646,0.036395164207896936,0.027408411451132805,0.012490022151260508,0.012110915643707951,0.015517352786445207,0.00792653501001761,0.019288472320108805,0.01438862621593166,0.019337354988061533,0.020079675194532604,0.02104410050828376,0.06709142736750699,0.01033353313588846,0.03422769379003614,0.020754831787898574,0.038042752929361184,0.014819348670588586,0.022286099404278878,0.016962629206474608,0.08241595757567637,0.016136658627329683,0.05425156148409678,0.06722043879134716,0.024311206451792494,0.07535919455096732,0.0704858114275881,0.02724964841354016,0.06283949682488754,0.05622283123687768,0.07207014175401674,0.06549750563627604,0.06487920788031823,0.043746381345510545,0.023934031354772553,0.021526416621758537,0.022464611903664167,0.015238195154322967,0.00859898984662487,0.024381793471701177,0.026132859355894763,0.014873192089003659,0.0412721459066308,0.033876476981040994,0.04597502423531364,0.015478117148450467,0.04551335931152732,0.019975953754843418,0.05274546764088068,0.05118351483683882,0.07631329605646722,0.03409322103833086,0.036388819729322154,0.03304699571130069,0.016984769513499774,0.03689077623545328,0.036769841768750935,0.012510432379494474,0.014731540637449633,0.04112284968582263,0.06506535143140074,0.05840468047128545,0.052744674909490905,0.030189302754420458,0.025188729701019708,0.048511808576152324,0.049743734969925076,0.067021515300769,0.03564075876295862,0.029593910101448632,0.049737378121401714,0.06666845920367262,0.05118076084491501,0.00796228610114585,0.03165789370908265,0.017673948247218015,0.017927786858464485,0.01738856600109952,0.029156171066946266,0.02037967023661192,0.0701524552235645,0.47609653933920676,0.0574441981769575,0.06430860607616502,0.9999999999999994,0.5626549357938823,0.36955396946488506,0.08769115571829,0.04897182706750317,0.02053030492216713,0.05861644801660441,0.02870302096719878,0.042102155590679584,0.02640560170981628,0.036677723838159336,0.02448436541377835,0.08866293173875114,0.06072745993315676,0.03072999107496673,0.03589079580024451,0.03189042433032717,0.047087827447247065,0.053397412261043324,0.05512958845904358,0.06377748404741884,0.034185570919650375,0.04082993651015676,0.05255546173182661,0.05958085005996982,0.038503543666064975,0.026645339443664335
Texas SB 24,0.04605027360692855,0.08854862031484295,0.0886273553469968,0.038163658491356514,0.055312674429541686,0.05687671172645083,0.07214089321612843,0.05043041344374659,0.03936693398915528,0.027893337225144105,0.030843536072817403,0.09160651031975442,0.04522040931616465,0.035087308733362875,0.14662154973120792,0.013216155017613328,0.014759419963122482,0.024876373336417113,0.06152745462562718,0.09350776099635962,0.1413269160784462,0.01933336253048581,0.053549735459663086,0.023457313446888495,0.047075513188283756,0.06669738135359912,0.0346412143928602,0.0666627769872872,0.056465983503176824,0.13034357421424528,0.04681488440743161,0.09654098586684724,0.02816002095525481,0.041029084403758215,0.02558058751794123,0.0605267266987449,0.049218701933445075,0.08204212542118024,0.04417512621038744,0.09317118689737754,0.04919166077601348,0.031208471332850707,0.03292335025917715,0.043070167238558714,0.024020865504847534,0.12919200830274427,0.07267050952884854,0.051145577501373385,0.2615202649460004,0.11037383291684277,0.07034303068302909,0.07834275309335907,0.059896140895759724,0.031192819952510737,0.02678586981436601,0.05926384445271241,0.031518650577456904,0.047036199764905265,0.07024498288680406,0.050695317559641385,0.04544057784106622,0.060813211496523426,0.0459188933008106,0.04664632667036514,0.05011916240356068,0.06608107593023722,0.023054174194975463,0.06103598963687505,0.13892287671811393,0.009539452314212592,0.01867124376853692,0.023907227807016963,0.022982907817892816,0.047239118450503395,0.027694153238453437,0.10514342109960848,0.06092302474207338,0.049412289606079074,0.06988838316398233,0.02661394413552202,0.02398639863538697,0.01306955340470626,0.016920150817777087,0.006966699565599207,0.03772552395871256,0.021820633798587813,0.02797384940602737,0.042190959465796665,0.016746496324288197,0.08759161101497831,0.009639439724944986,0.0717104749386064,0.022833768286204106,0.04684764991589216,0.014220155406385514,0.02744053231534875,0.025798585641935837,0.14252576981634912,0.028091491118880464,0.05345111838064438,0.1383125431447679,0.05615553019380664,0.057855295407780075,0.08338384307959637,0.034216424667637746,0.1289567224878228,0.08479786681560911,0.11227355036926658,0.1216025246139807,0.08433152432491287,0.04563729406158148,0.035105608704329425,0.029360096445416282,0.03746486749858209,0.019647560606986258,0.004616554669765361,0.058566128743680154,0.039830196201576344,0.019192116612539355,0.0695995464254817,0.057623758439991624,0.12921830416813093,0.015043339275336484,0.037331706115407516,0.025718454803662645,0.06915051629701585,0.07259396373037041,0.12728457860169298,0.04001783090228775,0.0496203893445266,0.039923820443697446,0.015913741158175603,0.047236870577781566,0.08405730722133722,0.030605583533461232,0.02036031950511973,0.05732583365285848,0.12156519391764291,0.13487557750629628,0.0855409644474742,0.03427706227099479,0.023391724753148713,0.09089437377724373,0.0753134435941874,0.061799517252284414,0.029447311511711448,0.051338596122405024,0.05919104901504674,0.10594526790332878,0.08598079995893426,0.006410997631962207,0.04868228489921735,0.013088332766160437,0.021769615320829584,0.019253069823964627,0.029559249582885534,0.03309167884158068,0.04194703072061343,0.608130484157941,0.0845380266546906,0.05173547636571124,0.5626549357938823,1.0000000000000016,0.3090906263868823,0.034583110105306104,0.10304906130765423,0.029917340187840827,0.08050460242480123,0.06127268321328017,0.05504878090286285,0.04536155567802028,0.0704781686265639,0.022420461625679736,0.1309327197595225,0.10173472544023565,0.0798980058996127,0.022519490218642666,0.04381740931987151,0.03936116156081616,0.05459852435785793,0.07488775184547419,0.12557936378005394,0.04905817383373073,0.046635665501024916,0.07163402948031604,0.09399000521530025,0.0346624694032713,0.014501439169415587
Texas SB 840,0.018806129874078065,0.03884640306537387,0.05095327187646664,0.014101549169034238,0.034971337552176227,0.023926615923928606,0.024629201084501968,0.021680217730517582,0.02376777276878739,0.019279123041206766,0.019466328606264634,0.07515176960090594,0.025212155759096164,0.03262244941331586,0.043775297225721405,0.008666067733744707,0.010593625261823385,0.01272347769853228,0.010945875199835132,0.016815924392252588,0.041935326513142655,0.01734971005185748,0.027559242446021714,0.01825843458302175,0.05290926935886537,0.021087626466638167,0.016443657728127732,0.06655656326563188,0.025425837502356646,0.04749556818694184,0.026370763712313852,0.044619090712672914,0.022685069079261638,0.02893082932832933,0.02319569468005859,0.028990037326477307,0.023355919055973232,0.03245259396976664,0.02064710174318012,0.029227766470927796,0.030535883958486464,0.012896381807259914,0.023952671509429587,0.016293499980365975,0.01662982013077645,0.06132284133846469,0.04232402546385746,0.04589832689874369,0.05258645080144537,0.1278022241697793,0.03844857276075527,0.03027656190760508,0.027234015859941257,0.010657735120574777,0.017763713522070304,0.020251991887126706,0.018044561394826134,0.02877407101647129,0.00977202638546601,0.02343553153865934,0.017623031739235604,0.0256029499039415,0.04132403418356198,0.02322457377992373,0.02052184240558053,0.02753578477338566,0.007971644840008889,0.016266381039515748,0.031145421294539725,0.012182691032976204,0.0047648540926970556,0.010803679004695607,0.007993167710921728,0.015319835310545675,0.027054519733533185,0.04105912759609391,0.010998049449663722,0.007190001138370422,0.027243493706433593,0.024316067642718594,0.01375784747186962,0.016437585012735307,0.02227863061564997,0.01214742155579134,0.018750704114385335,0.017080542646492638,0.012477750574000194,0.01330050169707753,0.04766759778828305,0.04808192387557676,0.010045951456507001,0.015997378944078922,0.01615044494628549,0.015721578177830212,0.017344385960816337,0.03522760228386077,0.01873234552604042,0.05935021316981847,0.011182675853176486,0.03230488649640779,0.03141548193702289,0.011283599697808408,0.010576675257840723,0.012233974247368416,0.0243536213164718,0.02055295919804075,0.03373936807486026,0.04857124665267421,0.037308746945091724,0.037977112044120326,0.015552263183449575,0.020009203179259284,0.026635778172351517,0.019926668342604356,0.018614144331166375,0.007939915194663996,0.013984696088723322,0.018421088875513685,0.010105687379985774,0.033538379645819065,0.02831750978065215,0.014403195346029,0.010295808505522582,0.02960753031137779,0.019382889487049224,0.04299496962976634,0.022175212428363646,0.0960533596402483,0.028805062069802694,0.027327630098001928,0.028938290196545598,0.012619555024021777,0.016584691963874413,0.01858140242363534,0.0051282019580904436,0.007130111537000219,0.036866880570317284,0.04715272949727182,0.03769927181364765,0.02237464335473424,0.026036682984614354,0.02932467613083134,0.04636511178558359,0.0218399468584184,0.044495553930435826,0.016125412501703892,0.04658305104872507,0.04684214536623615,0.0275664484421537,0.033434215001030186,0.005107250833307838,0.025843652748718242,0.01687108119120338,0.00738636521264782,0.019012876340676662,0.026497970732494523,0.028064222242759364,0.03224141651175653,0.27100769159291443,0.024747656498440428,0.674398764987874,0.36955396946488506,0.3090906263868823,1.000000000000015,0.014066519048128326,0.033040639850535236,0.018288597497975557,0.041248687799911976,0.017475485638566726,0.04071361340405495,0.011245628176249117,0.021841167585833668,0.003051879840339326,0.053727834709532026,0.038163938085799105,0.01805626410090581,0.035124190708948094,0.023372541723408403,0.03177513944168368,0.04092488159556602,0.01818731747261124,0.020599439668995828,0.02036052789820528,0.0711681063528114,0.03492694696562153,0.04143643418518831,0.022362008796770333,0.016435754459053913
Utah HB 26,0.03368342886606541,0.10331649988542324,0.07002545950992402,0.008461723661897435,0.025219099956396013,0.030132863108764982,0.04062333814965566,0.034662603293971694,0.018967401843983305,0.0236192488187384,0.010168787282724804,0.05381357128600977,0.014298858211638106,0.012832238156356042,0.04266687709899978,0.007920784678144057,0.009903710706689143,0.016328941253908803,0.03718861107951309,0.05052860018546259,0.07745868694194596,0.017754579778364175,0.022480816024732255,0.024076372954170925,0.026983275664105327,0.035860721568976704,0.028023708190140828,0.043588308746586646,0.03895537919990679,0.08696077275660943,0.04960435204763857,0.10620187005095374,0.013603344484356473,0.027699137584153426,0.015257929462621984,0.02626544861412552,0.03802295085889078,0.03222184499229011,0.017962863977876983,0.03856544762604719,0.04534400473525184,0.014275473495657696,0.010904826923947869,0.014333284906898395,0.019862642051636615,0.0964737634723509,0.04670649896533296,0.02568207730824386,0.06089251850773292,0.0555333499178509,0.02554968421901447,0.060170084950247026,0.03443376259751626,0.01767778851077058,0.015826696652554775,0.04957223462932052,0.03657906834529424,0.031043866809867267,0.05747653244749175,0.029253495444440513,0.061534294801767746,0.04673052244589738,0.03825391486755364,0.03051321616711776,0.019585788100441464,0.06488620010479135,0.008455033173241429,0.04523816568040437,0.07054023666939747,0.00687860114204464,0.019260950154311875,0.021910118290835345,0.01196317912538687,0.025407219420391064,0.018378089314026493,0.07013734071815123,0.049994300470357314,0.019309864742076306,0.04556899730830527,0.03432051147640235,0.020379751620249995,0.004369923634131949,0.009631241301868387,0.0036025977685603546,0.021711965318200906,0.019486945440196385,0.013290879341711161,0.009149452568971806,0.018200015534386674,0.09283574272144758,0.011192985096359302,0.02039720025812186,0.021640717474929915,0.05708267124814247,0.0159335051552466,0.018208226839758576,0.007189087979176603,0.07575762239123952,0.009787033496373252,0.06784741967023407,0.055629499569096214,0.022091631789691625,0.05400572467272592,0.03352667683198924,0.0480236907205,0.04195738200565488,0.09058382064381094,0.07452571679646576,0.062416623460079625,0.08672149952600504,0.03524366458367732,0.039977539734766955,0.025827390258982008,0.018560071227633597,0.017675684337242436,0.006380247961926863,0.024543992495690548,0.0223702565553444,0.008861322969937363,0.054236598731532804,0.03481281323568227,0.052139635335824226,0.012270909678851544,0.05988828773007256,0.020142742150975754,0.07942535950701672,0.03031848070238204,0.09863898595345776,0.021218321164766556,0.02798291196102326,0.01861233088211102,0.017151338648085514,0.04064182523522599,0.045545191767070135,0.01644101926320254,0.013454255068566375,0.03897944062035681,0.06303955918736467,0.07887656163388153,0.06064008107957565,0.023807753209439297,0.010778149300007835,0.03015048666714536,0.017972201111257136,0.045907770846146834,0.01494990207148505,0.02782225011227964,0.05903374367263572,0.04557459087644976,0.027484236430220865,0.006478500973322958,0.05429741488931265,0.008239931705266447,0.005994007922509737,0.01753860880144122,0.020256186500872332,0.017029141055890464,0.014406468064339598,0.03465138968755195,0.04380815647547023,0.015261645584377112,0.08769115571829,0.034583110105306104,0.014066519048128326,1.0000000000000013,0.14026888343423705,0.07804631600538212,0.15449661107347742,0.07863917216957815,0.2260477328925802,0.15115329575305472,0.031766562870422656,0.006289678937426116,0.2506179558475633,0.10775106408775818,0.03596028304229246,0.02197932712467946,0.0268703027917445,0.025274276598136414,0.04749025812214781,0.040587283457902544,0.02881314811951883,0.025844475431887337,0.15056958540108048,0.040660712180768,0.057213261505243335,0.034788750084189315,0.023758898916003263
Utah HB 297,0.05955304388934434,0.10906263768075224,0.10964182077441277,0.024013089320183544,0.07615530524300197,0.05998227492756819,0.06226901984221657,0.0420291912562527,0.03172864520053978,0.026545904470757373,0.019437003120504514,0.09992520959060969,0.06364678694005561,0.0487807776419382,0.11235441670503682,0.015244902714134973,0.018968289926706735,0.07220197802110563,0.05355287930315363,0.08402931083018192,0.12526956451495486,0.036242272022107995,0.12046236465661228,0.02949041513701891,0.0645629723306707,0.0947790558774807,0.03440028693790815,0.09140914276585292,0.05416147996311259,0.12279539480571496,0.09058681730960944,0.11162788401026227,0.020700824034455508,0.06401350274445373,0.03566822803108087,0.06192933215812405,0.09567078269937135,0.09474528739179616,0.05689703007974237,0.13524545845259806,0.0785235099842863,0.01876925900494732,0.028683819262372647,0.04737165281571246,0.015236690744659042,0.12433982000038761,0.1717369436938978,0.07125995878189913,0.18359976185878915,0.12174269569387645,0.06784525105078033,0.1267589271236407,0.059476885936559254,0.030176151402382445,0.09799495968837758,0.0699315017932182,0.05026738866091141,0.10112464329954239,0.07303691787431615,0.13434336452603035,0.05538780727524972,0.09205376171638606,0.06774449687019203,0.09630892659205957,0.04965086064805655,0.07569099570674767,0.014207410238964633,0.05909710171253402,0.09938307017434601,0.013899732528885418,0.021239352576197468,0.029518072027428167,0.019008431576054672,0.04548176542932426,0.07524719048255242,0.10787698869490243,0.05089269507503699,0.03753945791381007,0.1143029213269292,0.05372295911295615,0.04254037998986217,0.012733246566676652,0.03612827468634076,0.011727988967574684,0.02623895212204377,0.033626756476993126,0.03642456070871888,0.032458263902422305,0.0844058336021266,0.1700036560768329,0.024771375465879056,0.057273935246992744,0.03961174796440768,0.05156407187918231,0.029994192123256148,0.03498050082474819,0.019236928520348057,0.11013762559693938,0.02669713424303513,0.07314858915795028,0.11127031623178904,0.06946342783981316,0.06451601849448367,0.08445388507389685,0.05755933988797756,0.05930768766026976,0.11686075043336445,0.1622153335744351,0.1168601397661569,0.12042863951779613,0.08890726500503163,0.06316433450707673,0.04700912006750944,0.09326884121644388,0.060540058114854446,0.013092064645451054,0.1055801650445188,0.09651450360337381,0.03748526727609232,0.08977974982912441,0.1027864539637998,0.07473589435550472,0.022682398783871665,0.0706744128658485,0.05738539173989734,0.07922885752079226,0.06790724385423662,0.16360448337546588,0.034767574256202805,0.04800295719670436,0.06864019995652741,0.022739460539084082,0.04857716356381563,0.06390762951959589,0.01695529166266144,0.016708120743968827,0.08212006887413703,0.19162929959254107,0.14052630572779884,0.09319815425183049,0.03620101295501926,0.06529242252843113,0.1855419856725223,0.03829241829808849,0.072015343897716,0.03156618322550809,0.061724244134030014,0.10254205322125184,0.07482342346464403,0.06519564295807868,0.02347781645965145,0.15723792845945606,0.012777941249696964,0.026367479439372794,0.04929992448580601,0.07835048462011908,0.07369071787910504,0.027467993963310736,0.06835353466223022,0.07572445687891566,0.037905304126121225,0.04897182706750317,0.10304906130765423,0.033040639850535236,0.14026888343423705,1.0000000000000024,0.15999612773966393,0.5354131705272545,0.1688209736665071,0.3107993629144699,0.20732257913218557,0.06987170919705635,0.020063804640774605,0.14957413414300794,0.14965150766198781,0.07018766196061402,0.025636493612016736,0.07064550666702306,0.03605627977774216,0.04863347004010136,0.07175281070038367,0.05601352769257387,0.05758277547374816,0.07049459884347067,0.10872605895069488,0.08034079075584487,0.12553795605036466,0.07047768947006965
Utah SB 97,0.3719564255384313,0.06189434945659978,0.054023036552271156,0.011821053382108627,0.027787634317829935,0.021779943627938093,0.025523886168023414,0.02153353875863093,0.0269906330055711,0.012371594885165052,0.018244038348857242,0.043310469728451116,0.016845774071259617,0.019534090694244735,0.0377323990722815,0.005924138035941151,0.007760366151777597,0.008380763444496814,0.023760519043271783,0.03503984122223205,0.045493147383494865,0.010150548338044721,0.012882648516635807,0.022094883024592848,0.016894548996242358,0.033679869940424524,0.016663441946921837,0.04474636524396976,0.033973503712883706,0.07927928867552692,0.05849415654101852,0.05101666040818271,0.011099152526112805,0.026803526342638783,0.016958957890108064,0.04100327647889708,0.03930730107912821,0.019693446629187365,0.017713690640143803,0.0508181059679759,0.03577607136061801,0.015833292538444184,0.01092412849325388,0.01984627471408704,0.014980993291814852,0.06612286519032565,0.03612313674445564,0.035270754216527256,0.039227152545142814,0.041528514391482294,0.026234196564598418,0.03817596713452944,0.03038760467367568,0.010285808206805259,0.00861638852003444,0.10273688472108847,0.011443307701687873,0.015539270054762576,0.0185724610699247,0.023227105149443948,0.025390318135652033,0.020760817070898618,0.014529934012330376,0.01250225005177461,0.017308824645195064,0.025227271447934758,0.009681314942238794,0.017333530771813453,0.05352098675363464,0.018414990798953944,0.01593085445515327,0.017535158700929063,0.011853485903681642,0.019515927693125674,0.015560884788482138,0.04958109855033024,0.017161866232873503,0.014837596537946644,0.03986209184257642,0.03445574029253813,0.02032117715148838,0.006581168257234398,0.009951110314604687,0.004883055909846182,0.01573663338756648,0.02020205071796614,0.019432807218180907,0.007088200952580084,0.01710736696849683,0.047568640822986605,0.012254437805206563,0.016927244194229724,0.032679428059850024,0.025832843356942168,0.015242300423913835,0.020578485220584385,0.007083822177197282,0.06058352807620891,0.011431748341534813,0.04346189607115974,0.034923550980411326,0.027485123660876878,0.029243239705266818,0.02714876547588738,0.025479739408301817,0.026254333558592205,0.04282858065261748,0.04530177861857543,0.042148617289998025,0.04727519441484451,0.020766450151220337,0.06584768773902465,0.03467218030022702,0.016776292939622475,0.014301588800932376,0.00865911080806276,0.018510295747918633,0.018117716815807115,0.009707936300173239,0.045191918849772056,0.032633565349405175,0.027782087003904367,0.01914196192587776,0.01993523017797772,0.03816544092560892,0.06723387147300475,0.023407565319755713,0.06067863777756127,0.034620686660621416,0.03669004631256675,0.013925244739509825,0.008054353782268516,0.01966423128107622,0.03382892832688926,0.006934673173052412,0.004323463004006692,0.03544194442788674,0.03584845044179257,0.040572256501646226,0.03708240946553131,0.013943359962846838,0.010843976603253824,0.023452112764970025,0.01405891644124627,0.036348541243985955,0.0115987395026943,0.029703429217572328,0.04331268675013473,0.03575759445796279,0.023920579588924747,0.005759461396516694,0.023132814950379506,0.006476504926592905,0.004447202403055856,0.018835047252316283,0.023032493238117825,0.020090474709435615,0.007357081127982461,0.018190399594842793,0.027889977817824818,0.01761493992490123,0.02053030492216713,0.029917340187840827,0.018288597497975557,0.07804631600538212,0.15999612773966393,1.0,0.13069469894232613,0.1320727503979272,0.17957883677280656,0.12505762182221372,0.027550042023673824,0.0035959754240207733,0.0680137499141282,0.04715903719654311,0.028073651381241932,0.014165872578287239,0.054615417856169655,0.022317632880846868,0.03300453635018263,0.027791776531222032,0.021540157628873288,0.011814518900752326,0.02504371024282537,0.026864834739060716,0.029926585345527404,0.03216090651066009,0.02758616109570542
Utah HB 467,0.06008402854059061,0.11322981181180347,0.22653231940828494,0.030331725359782128,0.14396501532276493,0.054851847742550856,0.04489367970922684,0.04674079829371101,0.03673404642843872,0.056530003111747835,0.02230005759388219,0.0768066655638915,0.14298161550860394,0.08466604876541264,0.10613958549789729,0.021040971720978473,0.02439630709825038,0.01761160417111094,0.04259117675387438,0.04777050584824824,0.14483231564651064,0.09610991706958273,0.03670277497595575,0.04604383818072989,0.1023268817471599,0.08924317075362223,0.075473670870564,0.16447830210322462,0.06959362151362213,0.12703372531729779,0.07387639252818415,0.1373478905640613,0.0173889743436185,0.0823658932148374,0.05821085622990919,0.13437731646733675,0.07652017980937852,0.055960999248578294,0.06270342449188994,0.1819963371693125,0.1309682185848521,0.0268563681442549,0.07223739663097652,0.044737546481188245,0.016862571888756107,0.13515107659946354,0.24076996820641022,0.08072225376834348,0.19215395976590624,0.1231285126552969,0.1028318943384293,0.13693441713861448,0.0641061671894703,0.05978721708981637,0.17175124249429088,0.06493095743265619,0.06083452207284897,0.13648561112139557,0.03577794375533812,0.22225403296173174,0.05549871014117657,0.10068209241404161,0.06582744082572445,0.12592881690654847,0.06953654171527955,0.08364830621091335,0.021291273872816742,0.06660386239888336,0.07734241343278146,0.01731566199228169,0.058852394870991684,0.03294095419956432,0.027623032722716826,0.06066607744147024,0.10786023277676897,0.11728995701608344,0.023937150447320577,0.03844316149950451,0.15770172811203842,0.07947281316991922,0.034440002827364063,0.008578896101924789,0.029673569299654135,0.0077513783260917835,0.0364681271918562,0.03587790570047923,0.04206423400415681,0.06312373062776395,0.05073765036044197,0.2784893903201197,0.035055064970128585,0.06728690251558903,0.059168087555701486,0.055448685336010724,0.030387405769374737,0.05572889760969402,0.03604686001059242,0.13639643289528888,0.034915001037790876,0.10673082489444259,0.11175533737825055,0.04413602227128852,0.06931816686173407,0.07434956113205828,0.11255385207574653,0.05797963065852751,0.1894498112699782,0.2573750525229268,0.145077362059222,0.17970983884438815,0.12221097354181444,0.1390353309948577,0.11757831192773342,0.1618440713681436,0.1316036113457076,0.017608235784639995,0.14897455826588252,0.1720006615992548,0.04573457515273286,0.2213028108493591,0.15419593560043,0.04953474282530213,0.05439075933861378,0.16774623062430838,0.04231639454343361,0.10326305443308677,0.0805424848508986,0.16738335497288562,0.056585284042369496,0.06852155402234034,0.048192699366078055,0.026708676269245897,0.04377284114579564,0.045983841066867384,0.017855733661225726,0.02445966568403224,0.08576240576186192,0.296536553706769,0.15704799880609074,0.07601387702665423,0.06702165076695206,0.07899982288514977,0.2896336402113274,0.043851505086463106,0.052240847986553256,0.04566940439823453,0.11129739347625763,0.14471580078185436,0.04516028550130483,0.09199146384891702,0.011901755421757304,0.28526673187106527,0.01622347946638565,0.028728012472898145,0.0410707864688951,0.11060037890331395,0.10745228674681688,0.021472745912481887,0.07528233939446624,0.0451137374805186,0.045882370826780546,0.05861644801660441,0.08050460242480123,0.041248687799911976,0.15449661107347742,0.5354131705272545,0.13069469894232613,0.9999999999999896,0.18333078892617197,0.44374054392692186,0.21320847984823643,0.1269405161134793,0.026744908745405704,0.19639323393484845,0.254896169015361,0.11406613286620297,0.03805126610335299,0.05530679967431822,0.043357762320239406,0.0647528256812881,0.04118296038787886,0.055126114009151114,0.06627787559653812,0.08435061487661892,0.16868485033285852,0.09131792827420006,0.14392385254680573,0.08142699775326666
Utah SB 133,0.03202020708634524,0.05503637418672888,0.047722198320291426,0.039608761434079036,0.05955280607085735,0.021340545058789646,0.04606520458000326,0.0296236840239763,0.019148614840254978,0.01792938704999723,0.016911756495254157,0.04802163121127702,0.04841852891808212,0.04318300611584006,0.07252245626443314,0.013000828562067334,0.015751725658610365,0.02540326807226587,0.024035000779253947,0.025555625842410154,0.07679473644835444,0.012367075027409503,0.016610943870057706,0.011383268076750446,0.04539724037648058,0.030780461326459483,0.025052933932286695,0.0556571869090454,0.034055732848670923,0.05571118526096085,0.023741276415018765,0.04277612912212296,0.012836555049501387,0.02645245841378214,0.01781267875465994,0.03855012520145909,0.03498907684176473,0.03220534683198095,0.040435562484836894,0.08437665773955101,0.039686518045404934,0.018152374255506663,0.013616697909756679,0.03230281014798449,0.016103497798218163,0.07253503666821381,0.08821302755708856,0.02949920355042653,0.06875195167731304,0.04663967395576538,0.05095066332908659,0.030830859845218134,0.03457557665983178,0.03804023481619288,0.04182217326888895,0.021934828534746598,0.02335311332499214,0.03666648880938954,0.033262339676002214,0.06509593830883269,0.027709837761167394,0.03472977613693522,0.028600639652040304,0.027261818813408074,0.0320354001459695,0.05788412647931671,0.015266142724596947,0.037913018771870824,0.06589834633717322,0.01150666058342463,0.021918235216320345,0.029410560573525653,0.01393921882429746,0.0953797779125105,0.020975052665776258,0.055134677789576265,0.022987898979132605,0.03231063850737932,0.04055695726935931,0.025473460663379664,0.012272658778484824,0.009731059205533308,0.009300749165528475,0.007149023015134138,0.021742336899385643,0.02122060427501537,0.029252254330416432,0.008930379057945902,0.018029460165908475,0.06125364217396021,0.02261619716147612,0.035876170461108615,0.02664051165889563,0.02206115177885894,0.009474556193681673,0.013117665063484284,0.03411114262547584,0.11442732100010894,0.027141536568454836,0.04569659520352074,0.04175974537579408,0.027045961054639658,0.03451251940846557,0.0498693849035694,0.021286669782581345,0.044940953982569816,0.039461331111741944,0.06218762449753616,0.09851855086870485,0.04580390408328355,0.0199844515911242,0.03680786944096676,0.018851229120536894,0.03132895527830686,0.016261421140506722,0.0071836673046795085,0.08507650167995198,0.0352347919542511,0.024007317417840415,0.05321256838371529,0.04114351143160922,0.046082685652212324,0.02615410181494043,0.016912669492530976,0.01841672555777117,0.041226042884485906,0.051563070533664906,0.06744215058637876,0.02477980836063768,0.025052160311667262,0.01564498389077575,0.008721148070824936,0.048826062554082235,0.04560068619898133,0.019246580764493683,0.022699593176883262,0.0413610254118716,0.08894625046881495,0.0699955038127148,0.03448355739103319,0.019804031599169335,0.036858452469047336,0.060309343490599854,0.029522471126175544,0.041089972835045285,0.016757969872100747,0.05007567226112072,0.04082968105589151,0.035329830067084345,0.1357598652930721,0.00909677805252366,0.08497148053425538,0.012336439565526882,0.038150910961366954,0.02145857201828146,0.04118381623795637,0.02152871690015974,0.014974647224617034,0.07369645902637773,0.03727595213329082,0.020340859402394277,0.02870302096719878,0.06127268321328017,0.017475485638566726,0.07863917216957815,0.1688209736665071,0.1320727503979272,0.18333078892617197,1.0000000000000002,0.17319758190258475,0.21193979075285882,0.0751086027069896,0.03133999872035871,0.07107459120205367,0.07476492703162912,0.08869566758080467,0.022640869739469875,0.03073397825817704,0.06048872679861798,0.02835851947249587,0.03148478663748599,0.06802306947134397,0.03533788064379821,0.05042338246873816,0.03767475989294829,0.03541335440572823,0.06270302860451367,0.046742922003098604
Utah SB 208,0.057040971857730625,0.0988088179891803,0.21732615071854017,0.013989661515505054,0.04047936090279163,0.032366108484484235,0.030006858945253036,0.03252432538619718,0.02095914656516467,0.025381192883478263,0.017367417960278853,0.10159793459127588,0.027954468138999718,0.0254186005794318,0.07156310224124225,0.013295409056944872,0.016505115944093516,0.02016762062868072,0.03920254567330017,0.04613419384273636,0.12541383788319774,0.05743877984597391,0.03600742422935139,0.046828558690090595,0.0597877215579048,0.08150919047490676,0.05021441945681557,0.1220020312976702,0.0740283589032533,0.10007113462199008,0.06801170213074045,0.1446475504159481,0.016267350625041515,0.07192912134027105,0.04880722511632287,0.11550356829413032,0.06934836250287142,0.061365171045068605,0.044927772950242584,0.07835750220169758,0.10738457527268018,0.024452283878804958,0.05686886840871876,0.03425698116063819,0.020210335924663213,0.1427267153992057,0.08475045598617473,0.05625350878906996,0.09476499197437258,0.12967538802714412,0.0674855182261157,0.11014836389373364,0.05288171374582854,0.05866942594408885,0.03692562819294946,0.05811464340545316,0.03897987636095523,0.06748448992818218,0.035669394118229635,0.07329395347032254,0.0538275905378813,0.07199169944641613,0.07544569596575969,0.07363018831300815,0.03300581935913029,0.07256840473114966,0.015545287838888885,0.04904086752694888,0.07191976333479905,0.012895120750565182,0.04020231736135134,0.027034109384340307,0.02248658898083495,0.05090445644450774,0.06610336209259893,0.11163018808980918,0.02629765014964896,0.035140144409987896,0.12327507424444992,0.06982946275735799,0.03229414321037976,0.007819433169798629,0.030060075682733188,0.00672514991447983,0.04544512173271517,0.034676133441218865,0.030584162775311344,0.01721793225329716,0.038100850412804074,0.17476495735308,0.02766549466285477,0.03492942966934016,0.0485525706974,0.095962647055742,0.030003760757239373,0.048744891600120265,0.021970025840231864,0.12377637467225555,0.01914412589820397,0.10369544994259904,0.07924841587940394,0.03609352562848606,0.05217952326831084,0.047030997885294384,0.0931254262283119,0.04475798739190237,0.18252350508653872,0.18429621558160855,0.11634817121447695,0.16751895541862308,0.06654643144693755,0.20877303816007484,0.0891064818846587,0.04462062095542123,0.06312177125896948,0.012973914950047885,0.059527478662458076,0.060821725637857836,0.020184914379600717,0.13320967649579976,0.10317151318118757,0.04865999477169561,0.033390595672879386,0.09079642905090465,0.04477628849884995,0.11471644946887638,0.05808212454545622,0.1954643930490532,0.04685371045994942,0.057440160766532695,0.03869104593963357,0.03699930235955281,0.04462016885797306,0.04357459391502623,0.01395462954060293,0.009020473042591926,0.08801810848185743,0.12588886768054536,0.15697827815218474,0.06893474444467089,0.0542171961773112,0.028232433549342267,0.09627448020742163,0.032856442574031,0.053578113261358175,0.024271112676042466,0.06370936333589473,0.1245662860486273,0.03868800056722128,0.06902184043122646,0.0074383988529790855,0.07086402756296888,0.014874230213422678,0.011615552566401736,0.027886000546775334,0.037982560135552686,0.04886701659143365,0.010792532245398079,0.05687491557423534,0.04254801041970389,0.04387191646884935,0.042102155590679584,0.05504878090286285,0.04071361340405495,0.2260477328925802,0.3107993629144699,0.17957883677280656,0.44374054392692186,0.17319758190258475,1.0000000000000042,0.4721912937283258,0.0948455344256933,0.010067973564746664,0.17358923529864373,0.21093293312131806,0.09749479592444005,0.05077959074541877,0.05145852055168338,0.0365171230055522,0.0641524194676046,0.037029739592161146,0.03808537139608543,0.03105770307733871,0.10068864425347863,0.0900452130915982,0.08321517470085514,0.066496974151308,0.0479004171589654
Utah SB 39,0.02614633714898764,0.05537729575887884,0.04903124094841022,0.015056317056667805,0.022451375196133272,0.02322027370465772,0.029187777535904035,0.022388503550452948,0.013985817205048389,0.013134712125727619,0.017657252164968138,0.041482751749460534,0.01606070333415187,0.018942768985242896,0.057745682690231254,0.008366466229754564,0.009594533889641172,0.008685381152091122,0.0262578990767555,0.03040697471096323,0.0736796176540393,0.02072362573072573,0.021259757375579676,0.013794169409617866,0.020245706370125877,0.0351996207978138,0.027651829985927558,0.04209887851880837,0.03422934001563185,0.046308769143697574,0.02303248339297459,0.04689857402228436,0.009965136608709088,0.02842793915045226,0.012738346505855064,0.035364984445798935,0.029624806258077743,0.035784214529688295,0.01906211456494313,0.03606786429880775,0.041723047663641336,0.01665393725893111,0.014531505984634988,0.03258655770582876,0.011647119798388148,0.0647618233939077,0.03838095270340767,0.0274562397704232,0.07255215760632251,0.04811873126746266,0.031725149253654564,0.04069998764607132,0.03195089256707636,0.020070885653304782,0.010159406542205793,0.025935982216713355,0.01941344770931764,0.01989071602936145,0.026646086354031075,0.02037624388655011,0.02272917555766545,0.029005971540173165,0.018049361064084658,0.022039387411124718,0.0189780780633519,0.04910069973514255,0.011749473932753527,0.03719957956031915,0.05858679955676249,0.007690646263890272,0.017044330984470148,0.02160031484299643,0.014626616882125607,0.02980724171152762,0.025566732362839923,0.0677174820309059,0.022953202954760207,0.019113796834099226,0.05126152372279376,0.029474834382545185,0.009354688013509877,0.003510641904703586,0.014841768445797892,0.0034333945259894406,0.017617653420302887,0.010977704623858166,0.019254425218968,0.007363725406251937,0.011041187916949349,0.05071317468008023,0.007806999485061145,0.022200959785604137,0.014158891321101966,0.027005018196130274,0.010323341939352651,0.012355174544608216,0.00935346168217559,0.08442139588211792,0.009673390929186692,0.03897136367724533,0.049701940507940315,0.019410554564107584,0.03654362882976204,0.03277259826791627,0.025087677490352244,0.03989007263147321,0.042991394384399625,0.06190370557034545,0.07111993160824591,0.05128720153087696,0.03537569841489259,0.033814029031341966,0.026451987617048922,0.016693510560700217,0.02188537525021972,0.004375726891721707,0.04252265828573617,0.017298740408187217,0.007901734776620309,0.03787419070071612,0.028337509027147413,0.04869507386669391,0.010951731997191046,0.02046689535787757,0.013393744772957747,0.04428182765797026,0.04399816077958026,0.056710212980291885,0.021571552307212725,0.025951143459633435,0.023431752204475097,0.014378456749829963,0.03793003270228706,0.03926034356027981,0.008804786933294909,0.005850014013504329,0.05872191873019875,0.04930102497071115,0.06086148417230401,0.04469091428719713,0.019728009781195776,0.005362396033302017,0.02882809475540626,0.028086136888744298,0.031900799540148926,0.01683983423853476,0.027769207777113225,0.04082242693522642,0.04846683954313486,0.058307630297845234,0.003405734948947293,0.01980384949126595,0.008841899135997712,0.005978823193830442,0.013331786002420368,0.022212526443583562,0.017784979827992896,0.005885821852105793,0.046684034423217904,0.026083146682035152,0.010095754537658699,0.02640560170981628,0.04536155567802028,0.011245628176249117,0.15115329575305472,0.20732257913218557,0.12505762182221372,0.21320847984823643,0.21193979075285882,0.4721912937283258,0.9999999999999996,0.05239376891834714,0.004839605687222955,0.061888308281688335,0.06056381703736167,0.05823029756083224,0.018347906918789385,0.023770854217574407,0.028628048163139734,0.034547126025722796,0.0313609834992392,0.03342457365525419,0.01456133790109669,0.027853318506654772,0.02925642451532989,0.03635657682451743,0.03250115983967595,0.014344987061141987
Vermont SB 37,0.05947673722044728,0.07423076743195389,0.12504480544042107,0.04328585060053688,0.045817789554256694,0.029557762511193887,0.04625322028392338,0.030674494875717877,0.01684966598371435,0.018139474856892056,0.01860388661501825,0.04651742566816019,0.02652064583158116,0.023799102588567964,0.11459187800777172,0.05614782804785712,0.053058330889248585,0.044672381948891456,0.07172661223427763,0.05448897882205957,0.2245893723696929,0.1728067777328844,0.030797365780069863,0.0700867945012662,0.08032795746675453,0.17701235651320832,0.359494886550725,0.4653213235213872,0.11954515867671671,0.12333365201862055,0.08326731946610191,0.12653920551122375,0.011667629815201865,0.4867130914447958,0.0830487194065416,0.32731736642051745,0.08896046793656459,0.06910831285352631,0.1307579687536039,0.10695353112567364,0.23434441370258577,0.08337604935331797,0.05633395721105162,0.2053779713236358,0.013133755962019145,0.12049253484738592,0.08062423067942318,0.05178922985136787,0.11015525859024307,0.07242304324965558,0.26754959191736355,0.12990464366562374,0.060184246360539706,0.05022726271073381,0.034015457769559006,0.07039048129744553,0.036159095799636665,0.08155190368676007,0.04372761817281545,0.07659497055019251,0.057256193648530906,0.06886359757394699,0.034711370875493336,0.07907210039578194,0.028316700941271228,0.1600040100662278,0.016942713097086084,0.05159455507775279,0.06638263131465416,0.03267320845754392,0.2656036323032579,0.06464076235932334,0.07232783456924703,0.06694580064244353,0.06624838576903785,0.10898561554423032,0.026592394885563995,0.11757873309687504,0.3269201173133214,0.30946404819722206,0.044177151395031575,0.008315023880061313,0.015367758065062574,0.004467071030171491,0.04694350902579472,0.034396153700571086,0.07165029321114821,0.020015237369032705,0.022052371398281943,0.12338559832978771,0.028792356035604035,0.07377491205556541,0.07267072664633824,0.034840994127272894,0.02222064583061615,0.04144790465154547,0.13592281440513962,0.1694406948428188,0.0254667816981003,0.11242917605406921,0.08745449812880923,0.0351694950630946,0.04513528335327473,0.0798927178140198,0.08738020912213178,0.06063423138061252,0.13118083203976075,0.16857512113087253,0.12387799323572063,0.11151496912833912,0.08367799220130223,0.08950696421195133,0.1972531163793363,0.03592097649727669,0.11370651103036501,0.009675160738135092,0.08912771840504705,0.04717856127747998,0.018837032332532918,0.1855566604186722,0.11450808696659348,0.06571903360706524,0.10675272017852856,0.07181184639255178,0.058208384649153025,0.1994878825619359,0.1893104415989372,0.09686227695534054,0.37273763851449815,0.4516060354244658,0.052204835276759606,0.028061816452664652,0.05519989280661353,0.06825652830762134,0.03917628276458381,0.022677317343099752,0.2855099177296787,0.1425409253604463,0.12449269275090204,0.0917249152710975,0.0531956976990437,0.028815757955581917,0.08340109286818488,0.05124749489910722,0.04349591579534525,0.03145284239624932,0.11628903930747972,0.2380963396411878,0.03526076345269085,0.14429207037130515,0.010246006378765514,0.059923397578514274,0.004934698442698319,0.06756069770232864,0.029465946480092643,0.03238896460066625,0.033764093837348456,0.04601433033753334,0.08217710259969335,0.035025696696874005,0.017417849186042916,0.036677723838159336,0.0704781686265639,0.021841167585833668,0.031766562870422656,0.06987170919705635,0.027550042023673824,0.1269405161134793,0.0751086027069896,0.0948455344256933,0.05239376891834714,1.0000000000000027,0.07049558413878096,0.14094605328354262,0.2156247107549918,0.1561214966292896,0.04126900375329887,0.09059084200019953,0.10565331772741479,0.08989590784041254,0.04171442548299467,0.05595558888522236,0.03884557135325586,0.03905025032369016,0.07969436315973238,0.07684982239631895,0.054000259978219445,0.035481343409391526
Virginia HJR 594,0.009102701252932374,0.01847912422857444,0.009815177494298773,0.15343231981209457,0.04433379566807112,0.01815278363687109,0.04889967622948812,0.013020629212491848,0.015144543050251896,0.0026576713391039683,0.009259552702817428,0.01565194679604532,0.00529479098336803,0.006242676044526212,0.042952012772295586,0.02105780836962686,0.019965913348484743,0.03482416361104377,0.019738049243931396,0.014699332122591103,0.021863751316394453,0.015865171268964973,0.009063560572016422,0.0030447624782169343,0.02500544972711299,0.016580837999132805,0.011576361674745166,0.022756381557678187,0.005186418102554194,0.020692714277570797,0.021794886610117768,0.013013477852146118,0.01668468927716961,0.015425714795598131,0.028091502244246263,0.024267263623921717,0.011700342411485279,0.006732458768781748,0.061527632878970034,0.08029233058674214,0.032221820260319105,0.014288463180206738,0.010599973441129711,0.01313657958457339,0.018615895797831718,0.016761493113716757,0.03373716290831382,0.0030063838386050943,0.021583660026931448,0.010122293329991351,0.12748031060001389,0.019657486312538677,0.006678446371465776,0.006558118261063463,0.012775720541232992,0.00559306737828714,0.0018877608692474085,0.01603835344310429,0.006906726453993209,0.026302255808316004,0.012235587812692005,0.00988043517131593,0.003346153767733783,0.03099825701515123,0.03339765868964692,0.012910157425829984,0.03760032329775571,0.03846435882484205,0.018775530044490046,0.015443911556668275,0.006368671526420774,0.001297271027586647,0.0014527133580935375,0.008206972497987557,0.00805327411854259,0.0109466508046949,0.006638812228507094,0.015996569812846292,0.02353248149584873,0.008101994714200342,0.008638269261688416,0.0032961007658846293,0.0029403895530282775,0.002986960039704378,0.01810485179878401,0.017508857238397887,0.028608628824865534,0.009206450689456636,0.0031779632694408718,0.02842940266082562,0.01959460816656202,0.02129210323875139,0.012616733098932955,0.011383978545613647,0.0036775264706421,0.003621486013962671,0.025939967801443684,0.019565425984522326,0.033807757580432495,0.007360484186545323,0.0190074134119459,0.009465316740053673,0.01635242388254009,0.025673982622708143,0.009683297641014495,0.01963950708161843,0.013260460746601747,0.01734501261014868,0.018562403963021532,0.010325503764185224,0.011061900921865672,0.008366230611465948,0.017078478053168134,0.011691409708693886,0.013377605808077023,0.0017295371176080478,0.025927958899464854,0.02244145922216346,0.017519578891281532,0.02801260709787737,0.013756491246475256,0.01519972354434426,0.01691278584728046,0.00599445360486082,0.005389846850460601,0.013212023545080285,0.02992095514581461,0.010752209922312387,0.01307674706992398,0.010336186170892941,0.006734222477764332,0.005187102328153049,0.00417007894846306,0.01624346306667013,0.028561445012809064,0.026124044373213903,0.0119244839009828,0.031839603332894324,0.018037667379057123,0.014117880724301987,0.006361467992095945,0.022053766053992053,0.0338398174161556,0.0236197733971196,0.010783372476488091,0.028766040164751594,0.020576345038365026,0.018724233761279338,0.010738331083167213,0.03056921671109566,0.01449956567120606,0.024994979418993417,0.005778389625214922,0.12050610828213841,0.001616149856146167,0.00965903032747988,0.013308376662773241,0.08886801152438029,0.028285661415156246,0.01459297674969488,0.0015865594344315788,0.02448436541377835,0.022420461625679736,0.003051879840339326,0.006289678937426116,0.020063804640774605,0.0035959754240207733,0.026744908745405704,0.03133999872035871,0.010067973564746664,0.004839605687222955,0.07049558413878096,0.9999999999999998,0.03273788444393447,0.026973734094659255,0.01950750245552364,0.008905393643208187,0.008656123927951662,0.02643441966851066,0.007178102620607723,0.009944053805649474,0.07104320207297304,0.033176798836306996,0.009636061869291303,0.021297750743327952,0.008786704568259963,0.027505941154842253,0.01793196905941534
Virginia SB 798,0.08880930486857297,0.2542555825975372,0.15839539153415474,0.032874022209556514,0.06887805039318505,0.07068043351361902,0.07179225321387611,0.09526304407738319,0.06869611584344104,0.027600479038203875,0.04380891076335063,0.11915435134890426,0.044689521906658355,0.03476057652704186,0.13944913528250757,0.02752917388996534,0.027774863563168006,0.06659092257767588,0.11698781156613841,0.11736410388508492,0.21627112900331436,0.0755185534968269,0.06381313821330797,0.05125850509436199,0.11826787505429785,0.11959544714871986,0.07957091030478111,0.1706589019224306,0.09129168312897802,0.28646297311553526,0.16982201896275076,0.21700508078406072,0.028213562036141625,0.09534769574359458,0.05391078295680898,0.13517461456204033,0.133308327252669,0.11635908563269763,0.06486128389890965,0.1314494199670958,0.12068453033697792,0.04623766766843204,0.033318961551245176,0.049823546903370874,0.03238815888216175,0.23898903809385397,0.13560763034126888,0.08340634779341026,0.3294517522756616,0.1832877419578311,0.08953630202423732,0.15454714490273289,0.06605595213420665,0.04336392134928435,0.06422376398216567,0.14208668948598743,0.08315930744877824,0.1154166288142469,0.09553690382251748,0.13034448797504194,0.27946080070647683,0.14825314551802488,0.11475308493983416,0.1146462117651767,0.07473736344642203,0.18144239788786037,0.038253087833795,0.11192058923290427,0.1559517235454281,0.02326064596015516,0.04393880629470346,0.033804121734321575,0.023723561042485335,0.06740871618577678,0.051489509016226134,0.179329289401659,0.05547002939394627,0.07051459662442984,0.14332698570379784,0.08423511595153779,0.10356160714013236,0.013319449291306011,0.042764975661767776,0.009381477493076232,0.052106873211101884,0.06099183765011567,0.04613148803897488,0.07891152759712856,0.06272699543875931,0.20533560063137254,0.03153987835395097,0.08069294104384218,0.06591798859422851,0.10817132407130113,0.04053895150830306,0.07607175276299576,0.041663320132865195,0.2222817402355408,0.030488708511625738,0.15788282728776232,0.20421044539330416,0.09603424954461047,0.14982555833535163,0.1138134442948571,0.10394712035067967,0.13397366470739328,0.18708734918385717,0.24090392459514412,0.20671711055331593,0.1744570157284757,0.09964991189146147,0.12585476107173643,0.1070989968734535,0.06900690563242348,0.06562043743138125,0.018185125401604496,0.08031617995076648,0.0826316665843061,0.03095103821239964,0.22531446829472468,0.1349665029271686,0.12393624005076653,0.052480190380466224,0.09771993254043175,0.07105072112254497,0.14983786408126867,0.11455409974861895,0.27818424859641866,0.07724182004348923,0.08706547240450524,0.0451958541068619,0.035810761711830584,0.07964669388736088,0.10750092791225327,0.03778685317389747,0.025128744227100867,0.10049970140632992,0.2283799469592436,0.22337394112390752,0.16488733970020217,0.0948177171038025,0.0479242272323615,0.15123128328586435,0.06667904894524532,0.0945528643038578,0.04880307500630679,0.1333769819979633,0.16078303265886398,0.10214548151243097,0.1570681835131431,0.018022933883511227,0.11052953312628486,0.01571211577188977,0.028104526863369974,0.04353610475677316,0.04196306641174814,0.06936359570038918,0.034481805010850054,0.07653640726885873,0.08512059564544706,0.0435835041373736,0.08866293173875114,0.1309327197595225,0.053727834709532026,0.2506179558475633,0.14957413414300794,0.0680137499141282,0.19639323393484845,0.07107459120205367,0.17358923529864373,0.061888308281688335,0.14094605328354262,0.03273788444393447,1.0000000000000042,0.33920408320243883,0.18388184196714796,0.02977452766535235,0.07931244103769008,0.05178974127929436,0.08845561004815533,0.07793881503407503,0.11963369115859537,0.06545859148430222,0.2408317066311112,0.1358985707745301,0.11058297184258958,0.09999458222640811,0.062119896490316955
Virginia SB 975,0.07753916535957933,0.1415258136878774,0.33821296069998796,0.026946648441572046,0.05716945100439779,0.051265531932215676,0.060288927787807346,0.06341288954229603,0.030477971792594986,0.047377819308469675,0.03824710666353401,0.10048162323898821,0.054664861585039484,0.033442027021689184,0.13972684526453266,0.026659840614547313,0.025438270062895316,0.048406765163178773,0.07488960000307418,0.08928014203081042,0.252428701491348,0.1356549954476752,0.05638612520740274,0.07136881809734737,0.16888866711221984,0.14460628443185256,0.14280286454914384,0.2625419687865824,0.12081329355390705,0.20177301408955248,0.13257711364008096,0.3325897149397016,0.020253126023289728,0.1230862534245196,0.06499664482862372,0.1794573355956998,0.11101512079080544,0.09720591941217942,0.08384271072972692,0.12508985856367638,0.19051751331446776,0.05232712119090423,0.20734271888943756,0.08086402885661731,0.024466172606068783,0.2282895335684826,0.14474251521999487,0.0688061735780285,0.19895767316051166,0.16019899158199813,0.10847279893406543,0.25179955935568715,0.0780059480160193,0.10067618358055001,0.08434093895999409,0.13262762660879668,0.13046584883324777,0.14883566119982436,0.07963129368595769,0.13287554880568914,0.11548635859312345,0.17440081145278657,0.08605341343484611,0.16646977111310268,0.060000843612089697,0.19735918993601997,0.017696429319627734,0.09348113065049758,0.10884247560300928,0.01696278879655875,0.09126269838649194,0.04007474624955526,0.044828646730121095,0.06544387109637471,0.12032785319717017,0.1430266510392597,0.04090809904819464,0.06728723593270144,0.2252879438364696,0.11773367825948462,0.043816622549338345,0.008803627709366681,0.032517397629119024,0.007946047527001942,0.04856247672562599,0.041083602595619134,0.04956913646240869,0.03711508950703646,0.0452701137156719,0.260557791702956,0.024847371401648645,0.07462090532402574,0.062306887636408265,0.0541408533039885,0.033885199046818554,0.07088023044102598,0.04738850196193324,0.25160682048046457,0.04058965225399424,0.1632742447746815,0.1537736517957326,0.07056005272893787,0.09529979444736869,0.1032006553718834,0.19755996941416265,0.08305377683365493,0.47130744098285127,0.41666226510958,0.20780327559590722,0.29577100296219055,0.12886745608177122,0.22487747602973895,0.1785232801518946,0.07763424706133995,0.10486375841745027,0.010321693813731386,0.1476123854856048,0.09987865652134197,0.03246167785410432,0.22885111255174864,0.15355363539973133,0.08659434399472124,0.06840485176441931,0.207438222968913,0.06881217442709595,0.17343655065196548,0.1319909830196199,0.22920338423435083,0.0879985826923636,0.1002943677892256,0.05201955740800059,0.039521457643390885,0.07957148014097509,0.08107725433029024,0.029561665890262406,0.019679097755789746,0.13294530059914175,0.2846677446584191,0.2294047222847269,0.14329591881303796,0.10383784133622376,0.026731636414639166,0.16999362389332495,0.06417067185157566,0.07493482560409111,0.03210422363656055,0.14290772864553697,0.19490874823200646,0.06712457784508541,0.18460181663141978,0.013161784686373273,0.12437313491617281,0.010741457493346818,0.025609701530245978,0.031640819644793886,0.04652513745010504,0.048210382659097155,0.024058713617321873,0.10247923162169409,0.053029074300976385,0.03176932083619119,0.06072745993315676,0.10173472544023565,0.038163938085799105,0.10775106408775818,0.14965150766198781,0.04715903719654311,0.254896169015361,0.07476492703162912,0.21093293312131806,0.06056381703736167,0.2156247107549918,0.026973734094659255,0.33920408320243883,1.0000000000000044,0.4867607426057746,0.0596072996259909,0.07286803391971537,0.0742065200958871,0.09551346089049632,0.05674740401595212,0.08022685423544915,0.0761862595962656,0.11763182326550382,0.1736504831858634,0.1716958224960763,0.10292222231903461,0.060437352656057375
Virginia SB 1538,0.05222419118477462,0.08016391787490489,0.13141701069203213,0.027140586510126463,0.03693378634950429,0.033427794085027905,0.04250505959596588,0.03089870776888284,0.021131320499351156,0.02739042281994585,0.018432169850243613,0.05601822389521781,0.03935855942426086,0.027278139194766945,0.11791891964285647,0.02319808714301238,0.02224955025296705,0.03137323885856853,0.05438773450660554,0.0646701338543421,0.17918101017701712,0.06735593261519443,0.03894691677597887,0.03265778146936604,0.07249183203568653,0.11025986822820089,0.09605549926540446,0.12691649852638567,0.08984679945357646,0.12796165045144728,0.06394198921936967,0.1282434116187327,0.01696397772179945,0.08558939901754764,0.04636038826539619,0.12457728102900828,0.06442877118770192,0.05937621454187356,0.05903432082559666,0.08666544898535823,0.11143339862154082,0.03342055633815347,0.03353024767418841,0.0633031441706048,0.019320978391265963,0.1242520210251495,0.07038754722833279,0.03998325147783405,0.12594303352158698,0.0809905621736134,0.07229020349411593,0.09121956740844493,0.0488531117403803,0.07635812349242652,0.04329763169306085,0.08091394101423086,0.0520244884053429,0.07763670944222575,0.05560260209594074,0.07681468418703585,0.07603815027987197,0.09178355693739068,0.061228286414215745,0.09504724261658637,0.026285010875953474,0.12185922870165859,0.016013544659451012,0.05720647665458715,0.07517621657758392,0.01564630960735546,0.06633811063430207,0.031594270792338196,0.03871662033977243,0.04242410797357192,0.036183460823200175,0.09273016585271378,0.03490406220461169,0.059870002230591586,0.14798991763571567,0.060774106681504535,0.02711866521041533,0.005716168320875153,0.01123725179025819,0.004909922643188052,0.031368281947157586,0.021156017834169677,0.04292233835066348,0.018960383704161102,0.016485206577815482,0.13550853793089276,0.019533667659839316,0.05425606917116495,0.03650475289149169,0.032519056121669276,0.016983505527577044,0.03205332920334988,0.028707428825515087,0.2302231180100487,0.027506672907514577,0.07811829951478363,0.09854085523558863,0.041120797472598246,0.05510888236803627,0.07105148328276417,0.07487997786106206,0.09064353480692157,0.12466164644397075,0.1799128136387012,0.157668601869098,0.112777671194987,0.0657269615067746,0.11540323598234468,0.09718301779221104,0.04549155757700245,0.06933320048211583,0.0053331708000930525,0.09208423927783098,0.04693565313100801,0.01571258336221508,0.1410763794365729,0.081443651536491,0.0722906197282562,0.041417126831567085,0.0698810956265167,0.038596941928662455,0.1024981213975576,0.09694884891450149,0.11266572967105264,0.06475942314753161,0.05617415929036915,0.03109725497206704,0.022758481127593815,0.058366498030748074,0.07979883963621644,0.027815189567123495,0.016029745292117033,0.08406507301476539,0.14731387075369384,0.15454732580752276,0.0880349463320603,0.04454786465599593,0.013834963302430564,0.0895783289814529,0.059168560968146974,0.04113923036339616,0.018570301859031368,0.08900335486524986,0.10960965874066386,0.058444658795624375,0.19215176195946443,0.005710674368399197,0.0687307278841493,0.00640118894062859,0.023198876600035223,0.01899022786918615,0.02531287592079748,0.024568022006945217,0.020771477713057436,0.11217999741546636,0.03807001130700069,0.016687859138409786,0.03072999107496673,0.0798980058996127,0.01805626410090581,0.03596028304229246,0.07018766196061402,0.028073651381241932,0.11406613286620297,0.08869566758080467,0.09749479592444005,0.05823029756083224,0.1561214966292896,0.01950750245552364,0.18388184196714796,0.4867607426057746,1.0000000000000198,0.030181963339633303,0.043165293116997176,0.05231270252305337,0.055243156782817715,0.04281840544724451,0.07694777091240265,0.04974228193471218,0.05410227886117778,0.09415306256322774,0.08161678962397079,0.0516371252443635,0.0367579560502377
Washington HB 2115,0.024993749118437783,0.0354713769423682,0.07094916149308872,0.022838317353110097,0.03894802980920326,0.025995278717314385,0.03774859333495641,0.02901044152047321,0.015649311840098743,0.02525882272018471,0.02843301824495518,0.041943978108906696,0.022840899613214328,0.03105722746908462,0.04478337486644509,0.029213897842645175,0.029676737335097673,0.021601048615129504,0.010848008702929358,0.02383169425933792,0.041928003103379796,0.024668089806197613,0.021439138200621138,0.011628251002026531,0.021789208482591468,0.02045422512269484,0.01915317840038684,0.032193963586730004,0.01848957790829926,0.02732239919050121,0.017281582227632517,0.03043394473026844,0.023432007434535072,0.027691434143802377,0.02321984328337991,0.04694982184525727,0.02936119381921796,0.012039056586202699,0.03954200494526546,0.03488606010348101,0.02883961162938791,0.03250888847912981,0.028477976144688884,0.0477089952073645,0.046081205395298155,0.05288067287251278,0.03191652646322306,0.02384725498575892,0.033481190818635084,0.03572369869164903,0.03374631223611081,0.01951955732901294,0.020658538679064545,0.027423357543737967,0.021331592008697064,0.0201370815780818,0.029138802155626906,0.029467960496687193,0.04012458613721469,0.03279682720507577,0.018981434283642646,0.019985080978257245,0.025344857799463483,0.042642231139113466,0.020561701362341724,0.025737570488604828,0.025820192183651468,0.02661165714755637,0.029603392598554264,0.009445279627339154,0.014493438327816115,0.023641500765071714,0.01463026988009603,0.022994356847046378,0.012033650477362854,0.03282910073354093,0.010647905632574181,0.011144448643931833,0.04682382438907154,0.02781123451069233,0.006837019750066406,0.027248129744109527,0.029669210378946067,0.019383545008111732,0.03328868744289393,0.01780607866192836,0.015237640571389044,0.01981026783117093,0.01315241832440165,0.04132174937475529,0.048093077873530204,0.033021356572317834,0.025507578609273072,0.017433016358372484,0.029462475877190673,0.014538221318535277,0.027838735078837,0.06062281410982952,0.01379195414921325,0.02287647428123253,0.02074003509260641,0.01451574717311365,0.011032887337690984,0.026598583695371276,0.019812785064626918,0.013577201082783453,0.031105794206104417,0.04763200662293678,0.03214828184711713,0.04030428800036589,0.04299037915963111,0.10299080974197841,0.05643166518573378,0.02955641937925681,0.03597670546474578,0.017393265053367007,0.0349809551831203,0.026805759409428455,0.026533603078898866,0.051091367711058426,0.03303430706123616,0.016341806893341266,0.019757076535334595,0.02367462569459425,0.01309589147217944,0.041591115383417906,0.035565883783247765,0.04911850571269792,0.021131810084387196,0.024710524865773426,0.018182533120010558,0.02162070590997789,0.03682177835202289,0.019744976644592863,0.005904995560568918,0.009992829184777912,0.03265757248093847,0.03833536401402507,0.04445452019039584,0.027243653072655007,0.018340126051432336,0.04495836966813528,0.03281384266688385,0.021717433723218875,0.03745131943179484,0.010198392480153317,0.04245004331089095,0.03287434794955603,0.024173526032620803,0.024425587029522806,0.02158553400642168,0.0223285771025082,0.05724428586403602,0.015902196383207067,0.014338106355634777,0.022763561950212764,0.025823761088179374,0.017893962089241416,0.028634115533233594,0.022493399005399928,0.027483538871025354,0.03589079580024451,0.022519490218642666,0.035124190708948094,0.02197932712467946,0.025636493612016736,0.014165872578287239,0.03805126610335299,0.022640869739469875,0.05077959074541877,0.018347906918789385,0.04126900375329887,0.008905393643208187,0.02977452766535235,0.0596072996259909,0.030181963339633303,1.0000000000000022,0.0965090210397286,0.19201621448942716,0.26837189806135375,0.06633630116616239,0.02662503756767123,0.022338052897124434,0.023014682630051176,0.040163408742114076,0.040228479140667996,0.049251291535771576,0.040666646007887795
Washington HB 1155,0.07626766471827724,0.11164994694171401,0.09159829679342564,0.026034743996220803,0.04308978796236839,0.03458950559879581,0.0427576108782,0.043252737523555504,0.033760095446602564,0.02360980127413989,0.03083282939222563,0.057360076188749644,0.03259172964410185,0.02648195836948853,0.06844813613399917,0.017573063525361844,0.019448842623670623,0.01638619370324153,0.02701918133850555,0.05807197926618917,0.06853318650578973,0.03104956964182703,0.01741696900354847,0.028888961337878893,0.0258462096633811,0.10155732686822233,0.043859688280003334,0.08681322323997857,0.026700624818064702,0.1196629179290849,0.3055838942982438,0.08665031023109236,0.01692609918681494,0.06154370964426292,0.027703186377287803,0.08092010739405521,0.3713125085639698,0.027241026512069645,0.046606518360259246,0.043613710731873506,0.05158238096888914,0.03991686502617102,0.028015618755948248,0.0583944510098384,0.0254408654684144,0.09414072746106332,0.051705787812263704,0.04111235340670788,0.07039432224417566,0.0643529222138779,0.07190257296802624,0.06152705841169219,0.037256032201245466,0.019872541158799523,0.017372815891548113,0.04309831324400916,0.029473282954005527,0.03547605451328049,0.03143656960992121,0.02902708495894314,0.033155202944910554,0.021859424011181513,0.024165970447075347,0.03249921979286237,0.027739412134805717,0.04771670763378033,0.009213937563042222,0.028804204173282447,0.07619022551464621,0.011527714833026986,0.03050983558815284,0.02053695571877753,0.016021664341688564,0.024111427942930495,0.027245669329994213,0.059352857612985734,0.018517659117472676,0.020413203284960612,0.1226548448831414,0.03168934578295107,0.023426699926368023,0.011873255008156764,0.01595199715787037,0.008680975696305137,0.028571588293928092,0.01982907967552223,0.02059408241864037,0.011925607962402683,0.01509091543517447,0.06700997213028476,0.015693146601295928,0.022083844796452357,0.037092882541938925,0.05275592126432046,0.012768567635628588,0.015836637576353636,0.037270650648774266,0.09958743145871538,0.015964517768776214,0.05030043877242822,0.04103360523542866,0.02588146737706753,0.02665038581447268,0.04180497334764388,0.03418499455671829,0.034882646875837524,0.05608515617283896,0.06915299266367039,0.0512269020528628,0.056857614057601126,0.04041675828146817,0.046997881405058374,0.044462716656649866,0.025071781110028505,0.024257485649832575,0.01542784418547733,0.0314663414942621,0.025367060730748455,0.01171196641991289,0.05578957014506556,0.0660942985881248,0.0342156277729243,0.03356685510254232,0.027333385444480596,0.8067490047760815,0.09808968392645931,0.06967493935986206,0.09771652325651657,0.07739908235166415,0.08594615608566797,0.02437150523123003,0.017585452573785288,0.03650800407636076,0.04768599818641375,0.012477109099919677,0.011671228404059852,0.050862083146954215,0.06028562187414768,0.04945721204601955,0.039047932454275264,0.028711897548860627,0.016840953502765828,0.05715845117931718,0.020957422019711264,0.0546039487732647,0.01148824055941866,0.041138768562138515,0.0881725716412349,0.04790040123859968,0.04668800606753515,0.019462103262076026,0.025602743840199612,0.01696424715602919,0.007616780759998945,0.019760731698601052,0.019884161842206146,0.024658723425926454,0.0127354837488763,0.04707351399624056,0.028601879677548372,0.019046735779505903,0.03189042433032717,0.04381740931987151,0.023372541723408403,0.0268703027917445,0.07064550666702306,0.054615417856169655,0.05530679967431822,0.03073397825817704,0.05145852055168338,0.023770854217574407,0.09059084200019953,0.008656123927951662,0.07931244103769008,0.07286803391971537,0.043165293116997176,0.0965090210397286,0.9999999999999992,0.08711614086175541,0.13929287687974834,0.06354195730884712,0.030792724687526037,0.03635497894522614,0.026919033164431005,0.05366501772275905,0.049165938314466744,0.033651561849485125,0.019754638612021706
Washington SB 5242,0.03423138721718065,0.07706008776106511,0.04972290296621243,0.035654347761853125,0.045139319099591915,0.029848576791132755,0.05545216303563912,0.03822300880502084,0.023060424829360236,0.023773566965575456,0.04052931349271406,0.04622920622078057,0.02613571947011194,0.02866776600643499,0.058258542591560665,0.019435096594386386,0.028544277696961093,0.015837802023431782,0.017702288266132016,0.02399982178117641,0.10726568568728626,0.016117542949757563,0.031453620022861284,0.017357494715573754,0.027844585008556404,0.04179235695533357,0.050312910134019055,0.05137932134356486,0.04268931336964672,0.05133320682730154,0.02472980701525127,0.05240547172225061,0.0179935746188577,0.033810935781655053,0.023557908430892574,0.053227838549437204,0.03374027063560078,0.017029435209144617,0.10133478946587497,0.04598971435657087,0.04353769510721736,0.027569476648828355,0.022232736360039935,0.056415329613368675,0.029780124951667816,0.06584666808189711,0.053470284745336896,0.03243191997505824,0.057523184454241746,0.046906144916744025,0.04817641173585814,0.04832470051108122,0.05643166001999833,0.021739732120046786,0.019143665438725237,0.028466834894060534,0.02623571461449773,0.03207271732900052,0.02919270211044229,0.03605738990665691,0.033587358370130924,0.04129948776273204,0.022246444856147143,0.035116259669725314,0.026546793033569955,0.13848831900909533,0.018240786649706055,0.03880572389152489,0.047972297312213176,0.017754764063847135,0.03262944202253854,0.20738188507755267,0.08291936525766508,0.03011855073022966,0.02375530042470009,0.056593563416278504,0.014367741657563087,0.07674616963018267,0.05712354614661203,0.050202684350315024,0.012590667506386214,0.03850082365597679,0.027735192915263034,0.02900721757068108,0.03673644762021127,0.03278678028251794,0.02431003090672123,0.018725403669192033,0.018636985468002673,0.043716469808037235,0.029651109534422657,0.05326882220688259,0.023545803094898447,0.020246426353129884,0.02252617191673751,0.019103240995979535,0.038274893840335035,0.1055513432780654,0.016234896819255367,0.05316478753131309,0.03593829132719119,0.017469756782783997,0.04330581535492143,0.028384127284435665,0.023190324961942215,0.026621521004101853,0.03532559857560151,0.04935198856252213,0.05386734595474334,0.04716558489637165,0.03774007986192835,0.041814977210283336,0.040918831659392495,0.03834475138551269,0.03460438823194814,0.027110038754962113,0.06142490891214658,0.034339507870917586,0.035471427438089474,0.05549118385379288,0.042497457388619944,0.02749277552368676,0.027700433435228735,0.025933621168855597,0.02200180786335792,0.05552876123323416,0.05956703179326531,0.06907176955984644,0.03386935334393723,0.036195738225217634,0.02535626661275833,0.018997253832507652,0.04099382247688819,0.041821617329206716,0.008663676439720755,0.009638200039454446,0.047594227609812946,0.045406308617412926,0.05147271768921619,0.041577795112462006,0.023664625178849596,0.033685387671760506,0.03827473576689791,0.023498089213197366,0.043927867834480674,0.016152950736109013,0.04357033714199491,0.05694619812337329,0.034943307188708056,0.08227870837946435,0.011681828069050574,0.032438427362440875,0.03569432588852108,0.028554639568112872,0.026934898298943695,0.029048917143640923,0.027174320323893227,0.03201767354358585,0.04031326968821992,0.03247526659316393,0.02801400980604231,0.047087827447247065,0.03936116156081616,0.03177513944168368,0.025274276598136414,0.03605627977774216,0.022317632880846868,0.043357762320239406,0.06048872679861798,0.0365171230055522,0.028628048163139734,0.10565331772741479,0.02643441966851066,0.05178974127929436,0.0742065200958871,0.05231270252305337,0.19201621448942716,0.08711614086175541,1.0000000000000004,0.2952981588562586,0.05847137774462244,0.04692711669173247,0.0420446362209768,0.027432396214283995,0.046411807470351646,0.034197992024017326,0.03163017075880649,0.033159513616889916
Washington SB 5768,0.04673723621383376,0.09263785942974614,0.10292034549506132,0.02609724042679013,0.06556284212922102,0.048040126109491786,0.055079035477080124,0.0395070952554938,0.036776210283481076,0.05542581983423074,0.03698816270397899,0.07354772448251046,0.03505050459947965,0.041988748684618236,0.08425918196111758,0.03665410358958453,0.042407441296760405,0.019640180941714595,0.032663102834076786,0.041571688551142814,0.09266331894958407,0.04935176714118757,0.05100660805956288,0.028186975912312034,0.04633303874508285,0.05169500231423018,0.06065297188034161,0.08347125440035627,0.04540184735422916,0.07063311694990906,0.04226400291821354,0.08397586017212842,0.021362187567412025,0.07256706517283756,0.04297859787421607,0.07389601324936777,0.042237138321904455,0.03608529134181555,0.04242955738071408,0.057212341581005695,0.06011422787386618,0.07019374217293117,0.038382449907205796,0.0793146952842822,0.043377350017469445,0.11780289742199845,0.06448484454972732,0.05180592520692918,0.10473760896002368,0.08549915785259164,0.07227208981394118,0.06267854984504544,0.042522070355871376,0.031506947282589286,0.02978879972313151,0.048185567434089714,0.04748034054758275,0.049998704800121266,0.03624009038123939,0.03939594321171912,0.054022860742459024,0.03940067754127145,0.03834196680863785,0.04322016322905925,0.029751482301656258,0.05663444726363326,0.0217237336889867,0.05506826859706635,0.07982951187079777,0.011042395035229486,0.04474536052848731,0.022238295056703092,0.023668018142992898,0.028601823718017484,0.03502783763210711,0.07092389100088066,0.022007996421437005,0.026600406473288138,0.09664940011067448,0.045328849852510796,0.01455816683889358,0.032263396264671285,0.028323608618627944,0.024201241502622792,0.06968439008899384,0.022000678471573262,0.06450765041125171,0.019966236498509406,0.020813483694904794,0.06714127263994839,0.028186439467599956,0.041830676276041055,0.037723203452747364,0.061762540934040426,0.024243415316498818,0.022731767482684906,0.04772566915122305,0.121495843222712,0.023192137239308935,0.056832083253154274,0.0606993922370469,0.03328150236672669,0.04271777975293836,0.04731323237971231,0.04784021990715019,0.04383164777593306,0.08536754326098626,0.10469314173073757,0.09037829282392427,0.09583101895906647,0.06891940420592575,0.11362659568938567,0.07283590790778897,0.03530000126633663,0.057693001041871125,0.028656722060019603,0.048634136247596035,0.040478051205961194,0.018792676931670523,0.0819652976441164,0.06410006406340958,0.04927389594668949,0.05103559707335756,0.0468670890019129,0.03105175297840742,0.08675523637852232,0.08843180017814603,0.11025526724889544,0.06708728865164602,0.0765982685420646,0.03501962801891626,0.04163947603511887,0.05107138511663994,0.04678979554351078,0.015403900164530181,0.018216756993570667,0.06442492364027988,0.08559469537526669,0.06751628221942521,0.052550506872529254,0.03488275032785357,0.02765229323936333,0.04529587900917385,0.028233010160204523,0.06645339535389017,0.015506629832874982,0.06693216205425419,0.0681578285811265,0.05670006507311106,0.055194460002862676,0.014494206750487508,0.030991500492378067,0.034853823942767044,0.010553624711956372,0.02452836067723171,0.028946039901399167,0.02886452539669841,0.022255550754856333,0.048992427745579194,0.03358894799081232,0.03213296768077752,0.053397412261043324,0.05459852435785793,0.04092488159556602,0.04749025812214781,0.04863347004010136,0.03300453635018263,0.0647528256812881,0.02835851947249587,0.0641524194676046,0.034547126025722796,0.08989590784041254,0.007178102620607723,0.08845561004815533,0.09551346089049632,0.055243156782817715,0.26837189806135375,0.13929287687974834,0.2952981588562586,0.9999999999999983,0.09129321303843656,0.037380830950334884,0.03648049414673607,0.05211179341685962,0.06432780800153087,0.06356323393222951,0.04350600085843748,0.0375783549560823
Washington SB 5187,0.04606648721416422,0.08204698096897485,0.06618726617159461,0.026637212312103094,0.03993864900027241,0.05782872169086542,0.13491858042814486,0.044175846427412686,0.03258166875771348,0.020189255362907527,0.02610382877929953,0.061407445053452324,0.025992849611085084,0.025504152170209852,0.0802988234096961,0.012880707612016446,0.014573081830408051,0.017710145693794775,0.18276726476603938,0.20175312184107588,0.11619529241569515,0.01402857397153899,0.061330347780417196,0.01501749657530916,0.030922974033593797,0.038276053556784456,0.020160394799136484,0.03695196401990195,0.030464544555528373,0.07321338358290409,0.030753104852330553,0.052667899468963636,0.026899481346840382,0.03496516431066203,0.019153483132234625,0.052554421595232305,0.05008645180343395,0.03192175708443463,0.03852932834443568,0.04939863964788085,0.028629822232745645,0.03257378173444861,0.028398811361774315,0.036825952725959996,0.031908245249464555,0.09477500687229766,0.045830841880345106,0.037979906274163276,0.09222211287812607,0.0702227282669722,0.03765714372103481,0.04633166256993714,0.033783005583177476,0.015404015005435385,0.01127470270327055,0.08599320832618323,0.024516219346134564,0.028625923203308912,0.2341340741079443,0.02228233967732833,0.04028792679524896,0.06436389461297336,0.030165582041963894,0.02723126537765461,0.030040556409189952,0.05640933614506508,0.013412451977021154,0.04609880251105346,0.23342566818262708,0.011581503527771871,0.016348283194748167,0.023583424591738834,0.017384206875413914,0.023727886654058658,0.017044802977228334,0.0635843055207833,0.25532750429585976,0.02265583206807203,0.048392394712531386,0.021937875132513,0.013263387013893367,0.008998534990811581,0.01279166200555789,0.004831938694045758,0.02594157364308695,0.012793301622682371,0.021092619210039965,0.009957668319178447,0.010344226834209559,0.05589039394131365,0.010606481540092394,0.048199402849774746,0.021756394184003318,0.11751987770444906,0.01440998797413962,0.011347183691390761,0.01449440048563458,0.10793938069177923,0.016289579938482072,0.04789665287671585,0.0587121699053204,0.02852640261987259,0.05310612406904457,0.05112294905953161,0.0211506294607706,0.14807407244454382,0.04679037178289072,0.07806376716353491,0.08788584918034743,0.07333508351985907,0.028586095733251115,0.03375437887413348,0.02357152434008975,0.017064130548239312,0.019334410857374442,0.004706659399104923,0.03470997704159132,0.024090642212500204,0.08212708756515012,0.041256281245819475,0.03411913787385054,0.2501254925400237,0.013544457645225657,0.01973387402873312,0.022696538750770462,0.05359424096632252,0.056149961746727796,0.08885212985650727,0.03447443623269547,0.038765416296400436,0.01999321394517141,0.013372791916604445,0.05985242427852558,0.21353079071930545,0.017616456086159422,0.013016708030233014,0.03809171030018352,0.07057019212077649,0.07196542805844582,0.19513019169965132,0.027225166875462534,0.010293341497228523,0.03085230587471754,0.05637845893898321,0.09206692984759712,0.010394979508508812,0.03562739682531219,0.04405668630666392,0.42268475713065407,0.05273796743389922,0.01100106715750472,0.01794696169810751,0.015793579850881295,0.0127572217312945,0.013102262761444066,0.019018017878970832,0.020726974641496233,0.0193115419313884,0.04524924865494577,0.14344381028433134,0.01363538718719265,0.05512958845904358,0.07488775184547419,0.01818731747261124,0.040587283457902544,0.07175281070038367,0.027791776531222032,0.04118296038787886,0.03148478663748599,0.037029739592161146,0.0313609834992392,0.04171442548299467,0.009944053805649474,0.07793881503407503,0.05674740401595212,0.04281840544724451,0.06633630116616239,0.06354195730884712,0.05847137774462244,0.09129321303843656,0.9999999999999999,0.039067821820714416,0.02392091139783274,0.043053876558212995,0.044193913142578,0.04553041742866318,0.043683680582958316,0.02548139595729054
West Virginia HB 2002,0.041079523375674956,0.0906296954684351,0.05384049652318198,0.3646372535363402,0.043886851094986794,0.03254606537797849,0.28870308168429565,0.046069654945266304,0.022810574234717645,0.014677470145457502,0.018646655080248573,0.04285517211752477,0.03478099261120306,0.01914543225537846,0.11381349171216282,0.015986250543562477,0.016734153011645093,0.020800506700440174,0.042156996119766546,0.054618354845142075,0.09110111615074747,0.01060573058741403,0.03754188647516017,0.012841394094322155,0.03969804848261594,0.04534427839788312,0.02286558077051866,0.04331908442898916,0.04627858772602043,0.0931370527855888,0.04022977995990989,0.06703408210831839,0.017778939584685557,0.031043057995572085,0.027834002117953227,0.04629299900702248,0.038787826203567605,0.07415844544712061,0.0422624481945684,0.09498708828788517,0.04825022524624207,0.019915225091325962,0.02416285996690151,0.02645964659327843,0.02064829285220794,0.07660844018192259,0.06186896629291705,0.030416122164915536,0.12765534404714204,0.05585807406909833,0.07792904116817315,0.04062728655183037,0.034338189217518786,0.021238891581360993,0.03215374481863664,0.039159100577906385,0.027228222791067985,0.03523321640010329,0.03747211667914622,0.04745940749061803,0.06186607805156848,0.043081577971124274,0.041392592204160354,0.038891861548333906,0.03129148576186032,0.06069769279838404,0.034684996453877834,0.07149457400900246,0.09081888601040615,0.011068685343098681,0.010847044651149568,0.0147904341692081,0.011458859214925713,0.016307845102165843,0.014966303368003593,0.05786820423469604,0.03428113993636845,0.023282137696941044,0.048374300818508825,0.02295424379086731,0.016508600086610824,0.01519775429709293,0.016279976207072295,0.009501487253026124,0.021807678472959374,0.028778945017988482,0.02769688728947343,0.034269316730691245,0.01015151152451648,0.06776061283752884,0.025641690619731174,0.03345699834099156,0.02655345975189223,0.03763768721538063,0.015165862637038965,0.015540976750434268,0.02850833084943945,0.09014497654736717,0.02080084304135216,0.046822789961576176,0.08131258286968253,0.03374761299761495,0.09717662904610967,0.06299547884528858,0.01917646616790059,0.06585872330134021,0.044373245851019365,0.08537511760758966,0.08630550462980743,0.053404799415219195,0.039654017652807634,0.032863749312433695,0.03724708532220558,0.0318581503619827,0.02873503808784129,0.011621947226710717,0.06485980038265549,0.050014215092248814,0.038185431681355096,0.07845654687731272,0.03910203555608945,0.09267546697567802,0.027398112131194422,0.022444096569379506,0.02245028239319339,0.047220703183506074,0.04773165164585645,0.07230690195876614,0.0366346642555193,0.030796968203703687,0.023836141122601188,0.01448931700054442,0.03469973671525417,0.05788305285052641,0.027677826412170547,0.011745924605560823,0.038577333553420405,0.0867080438312549,0.0985952553756392,0.06082787661232103,0.024404193401584326,0.030326512055590095,0.06461886516539543,0.06548700678940078,0.04252669996176199,0.03463710801133747,0.05365451763899869,0.06947819858496897,0.05390362605263332,0.07712634966511044,0.006129449610382751,0.050393546788468614,0.017026320763910717,0.06818260720032317,0.017964962834953753,0.022880524768973353,0.0260587112125093,0.0653188176138123,0.09984859268885003,0.029888251874336087,0.01247878730895241,0.06377748404741884,0.12557936378005394,0.020599439668995828,0.02881314811951883,0.05601352769257387,0.021540157628873288,0.055126114009151114,0.06802306947134397,0.03808537139608543,0.03342457365525419,0.05595558888522236,0.07104320207297304,0.11963369115859537,0.08022685423544915,0.07694777091240265,0.02662503756767123,0.030792724687526037,0.04692711669173247,0.037380830950334884,0.039067821820714416,0.9999999999999989,0.1186097047650943,0.14790853835758996,0.13363623232240707,0.03802907149749908,0.04235182587025333,0.027362996680078525
West Virginia HB 3199,0.027461216241545766,0.056554663727048864,0.06213167691250661,0.03165532675845742,0.057342874172833826,0.03629978333832189,0.04408298572679024,0.03291697324439138,0.030591550206611116,0.023423586795749424,0.02473134014713665,0.05242009247101435,0.03724644471733472,0.030189690092796574,0.05830587736483795,0.011137882203374904,0.009972922428717617,0.0158895410396858,0.02666232090184711,0.030696186531052865,0.0487263023694282,0.030975885235459192,0.027020609325646105,0.014729709478152853,0.03523008040978304,0.049581213994101765,0.017072141538677317,0.04536159456956089,0.021921831717874714,0.05965485231250846,0.04893742593825816,0.06197974509436489,0.010619608817675999,0.026260301160250438,0.017063550990395658,0.02838486264050155,0.03519739508764703,0.021729029325958663,0.04796392777336923,0.06235167474576908,0.047759518520554226,0.021886343898973804,0.036250759589845284,0.033910001027379885,0.018680322192410368,0.07356497287920342,0.07759053789994388,0.03569885466199174,0.059453052840691516,0.0648144713245629,0.05005961157761379,0.04497304260209123,0.03228025890079309,0.020689168297448973,0.03372854199540757,0.03221993032840538,0.08320132252785502,0.05989747851735364,0.022696360790306902,0.045432430743947504,0.04137598584539453,0.0262469245946764,0.0238915737511749,0.08164753254373948,0.022043404093152513,0.04358131079240854,0.011532275046060326,0.038161570971223586,0.04290983817853043,0.011372171801424242,0.008888395111278945,0.00804988488683611,0.006966503660901153,0.015742857503861594,0.0479857934480326,0.03618617259009932,0.010829434122602666,0.011868105795383789,0.050238009346695915,0.01814809486777711,0.011804601674808231,0.02174854634007618,0.01943134380192491,0.013353531107684712,0.015987136930291985,0.020673009427674315,0.011349798528955768,0.012349987935833293,0.015857985379406084,0.10221816886100231,0.02232924655293846,0.024976698745667505,0.024764560258022008,0.014948539757496767,0.016873786366656887,0.022532648274917935,0.028222358167261815,0.07882175208312894,0.012887481625935391,0.034318557198428086,0.04161204522806418,0.02306435809662118,0.019264455353054332,0.03937975509116668,0.022975229583150205,0.025723901222592663,0.051212204831537364,0.07574933758507398,0.05324785586510793,0.06978721271725308,0.06434295139217425,0.02909385304378859,0.03202420467008875,0.03957451470090811,0.027376462329680544,0.010123369201380666,0.04938619648267912,0.06806586636894893,0.03012819632123381,0.03674259917479619,0.04378110594210814,0.027415675777921075,0.02104329127765542,0.022082838188229204,0.017346553586156537,0.05408599192106504,0.06579020916151927,0.059559084257644467,0.02637937757313993,0.034061572274072506,0.03390499058753988,0.01637889148606421,0.023672230464231708,0.024261072224975776,0.012714189085797092,0.009051092476386722,0.04172620236122428,0.08949421691274383,0.05224583438518844,0.036872421316524656,0.024350379742689998,0.031944518206625826,0.08744985996990233,0.01614683884001751,0.053530582941197245,0.013047627787537175,0.03041371601468096,0.045546236953745045,0.033881402196242666,0.05536329867329041,0.00850728288165481,0.06984310457394093,0.010437998905210119,0.022620449690386058,0.025883435901090962,0.03176096128094263,0.017079548708113377,0.008246188141567927,0.040154836236582676,0.024601048714434214,0.013954144388458555,0.034185570919650375,0.04905817383373073,0.02036052789820528,0.025844475431887337,0.05758277547374816,0.011814518900752326,0.06627787559653812,0.03533788064379821,0.03105770307733871,0.01456133790109669,0.03884557135325586,0.033176798836306996,0.06545859148430222,0.0761862595962656,0.04974228193471218,0.022338052897124434,0.03635497894522614,0.0420446362209768,0.03648049414673607,0.02392091139783274,0.1186097047650943,0.9999999999999999,0.04756228201093863,0.2637189348127126,0.04845478860644704,0.05241501043200488,0.02513068519515092
West Virginia HB 3302,0.03670130098747509,0.0901288620703666,0.07240945320074389,0.010640902942328537,0.03577803001613038,0.034780522936411803,0.03180428906885313,0.038169636489434444,0.024674977536037004,0.028022612886683864,0.015010094619629776,0.11132343336317771,0.028594583662526495,0.0313136216541704,0.05990930212105371,0.009056623100569145,0.009930905761215069,0.01861706088327803,0.05841178723152625,0.06593668603747029,0.0952396786594218,0.02376647047460786,0.030730177297843844,0.05376968452903237,0.0855200333203995,0.038665223328136815,0.033300869772110143,0.09485282450148311,0.08821763700991213,0.10912003922126462,0.05076666945394268,0.11172965081284007,0.011433144184888649,0.04076187502660783,0.02083597873264949,0.03280147036470276,0.05129496470981552,0.07925826556096136,0.017890107812415786,0.05811883338923729,0.06929600386957893,0.012905337409903534,0.01106298994930466,0.019471608731865316,0.013937292983640276,0.10431013770746286,0.08257969643138789,0.05898363890277156,0.08028989472804433,0.15404285290421113,0.025035968456367443,0.05607170101247261,0.037532234846002946,0.025235676354894404,0.03362878209552465,0.056340327733406595,0.05287037772058691,0.06271940861362668,0.043232379631368945,0.057612611812053606,0.07042072066306701,0.07954489049597853,0.1060034752171182,0.06029226879433591,0.01870456056190097,0.061663285686056064,0.010302148998241015,0.037516207020578486,0.07381019573614837,0.01075132697568472,0.014173640817463003,0.013896355620995098,0.010615103501763017,0.038946628974848685,0.0315401938267161,0.06714836827370207,0.022494329716457404,0.015952341310630953,0.05922739874189607,0.04634987719583623,0.020282523100478213,0.011964115039370256,0.03527683984158024,0.010183224758745068,0.022552428354892993,0.021927854863907786,0.013798493752219088,0.01607286046634653,0.09335696289300013,0.12560839693914444,0.014457784269159188,0.023470990760712424,0.023664008812808997,0.039624376759727145,0.02774995224001333,0.03994083097138261,0.010230502489847828,0.10241808265804389,0.010695843259850821,0.07568221016372836,0.06284500558582318,0.030824176337626866,0.048631727484321964,0.03365405285895888,0.06100314462688809,0.0404583579399853,0.09713998835802416,0.10519100684179622,0.08750237076521952,0.10172548780841754,0.06303089126881214,0.04772338785223561,0.04735332918595912,0.031022959680483898,0.03701893849157075,0.008320402514974644,0.048793960309349724,0.05596485159739894,0.022091219764858287,0.058852746226389537,0.05950626808888876,0.0681318961927696,0.016556738327055513,0.05265738919869801,0.0322050184059221,0.08299743347307145,0.0537520284195088,0.18956387709790648,0.03308379970595967,0.03931484859978461,0.024657365928970804,0.015498451559440758,0.06859570729149668,0.059591785402613666,0.009645206643205721,0.008009953642090074,0.04562478601092871,0.10768396955435947,0.09637685704578085,0.07541531765032909,0.04381634679805345,0.01931933297975755,0.05684533420067558,0.026896643847878685,0.06748285583474739,0.012051041634233843,0.05301612339381497,0.07864838311224895,0.04618103004725756,0.05260416213852029,0.004208315224552913,0.07919232851599488,0.007804585255037307,0.007215119954461576,0.019722920886034386,0.03599569836970668,0.034629737954295074,0.00877527161035696,0.043514272585545605,0.0703504015481707,0.08612535372196647,0.04082993651015676,0.046635665501024916,0.0711681063528114,0.15056958540108048,0.07049459884347067,0.02504371024282537,0.08435061487661892,0.05042338246873816,0.10068864425347863,0.027853318506654772,0.03905025032369016,0.009636061869291303,0.2408317066311112,0.11763182326550382,0.05410227886117778,0.023014682630051176,0.026919033164431005,0.027432396214283995,0.05211179341685962,0.043053876558212995,0.14790853835758996,0.04756228201093863,0.9999999999999999,0.09472195420393185,0.051789302271057276,0.06016305221805474,0.04677763387913787
West Virginia SB 552,0.046276852772938575,0.10563402398082418,0.14364515837852113,0.03469842493990071,0.0653745898962913,0.05382797323294258,0.05134422359742298,0.0646700734293976,0.042017337853037344,0.0628499398645609,0.033955511318397885,0.10106824911989122,0.09099185513557614,0.051675115023555936,0.1077681279731114,0.016178111311418834,0.01814009593837758,0.026259160148528027,0.03473140726315952,0.05035071872879639,0.10453195508668502,0.05357053664677124,0.03885271679467722,0.029710552838404784,0.06508964188791322,0.07976767880421777,0.05142543934242406,0.08615626079911481,0.0488700432783003,0.10785917975040857,0.07499871321939677,0.11493938379925835,0.01970522356594116,0.057843571330475,0.038797611573915855,0.07447359315854622,0.06581386638653637,0.03875570822206106,0.057916842146289275,0.09449660301703011,0.07585817307811636,0.03315282231989444,0.05368999009961045,0.040435011398167436,0.02967798437672957,0.13170494752205092,0.13097584807052212,0.06930318548013495,0.11867133701422564,0.11484276862209805,0.07539567525269023,0.09208629357325906,0.05391394083214113,0.032076085765994036,0.07807341292335071,0.0481096425897552,0.05882275557971658,0.09746624186005579,0.04094211897530068,0.1278262195744673,0.051057705259643225,0.057747307932209134,0.045523451211551366,0.08688606392990238,0.03791766010855345,0.06351991179227466,0.01791665394478908,0.06603756218496236,0.0760159763514811,0.008334569943322503,0.05039481793871458,0.013596871370107028,0.0120520052009649,0.022190991327445838,0.07237021115701511,0.06620775193911833,0.016184783316804893,0.027048786661008618,0.10799999696600814,0.05828472980016471,0.018141917380518714,0.01824141908332086,0.03311818304159213,0.012995355303290207,0.04466068803206408,0.020518835010076928,0.02565825895866788,0.02060448986529154,0.04610087054677498,0.18621558822190348,0.023883602567247898,0.03175884545307372,0.048923724867801895,0.04125915322843597,0.02199240005923049,0.03665535718651955,0.024361242865613926,0.1404382393783397,0.03028392400998063,0.07349378848704996,0.0761216911644978,0.03713064885290504,0.04696810255613911,0.07738228875109164,0.06716829957124688,0.03609302609944258,0.12369067619062915,0.15821067530233346,0.11197662177673307,0.1268712440253209,0.08149386573587947,0.09252508684750127,0.06332872596428897,0.08955544705896962,0.05578743410359284,0.02063556118922595,0.07378677352272113,0.09792449586845611,0.022391050379574902,0.07490600059797232,0.09470547910761014,0.03970789992865066,0.044418758326435874,0.06800165502250916,0.03587447607334903,0.08953763239283494,0.10951964927706408,0.13686105606294316,0.04360459867682696,0.0671912333416556,0.04216061968840643,0.018160316503210084,0.046575313742952464,0.04239881691855161,0.01530894109692067,0.01184274296388625,0.06681248103294896,0.20626530063671805,0.11409212371199672,0.06756588279852187,0.052557468007150325,0.024839016204893868,0.18895387171288727,0.04300055239179501,0.06942438665359436,0.02580942520430491,0.06513995235172122,0.08209804924345428,0.053483425808647185,0.10006837525115846,0.012609023538594399,0.1408552714913627,0.035652308984963764,0.017142161466795494,0.026857785730252166,0.0636759600652058,0.04051220367482095,0.02075348297251513,0.05934874870795067,0.03988968775836464,0.024054416086808753,0.05255546173182661,0.07163402948031604,0.03492694696562153,0.040660712180768,0.10872605895069488,0.026864834739060716,0.16868485033285852,0.03767475989294829,0.0900452130915982,0.02925642451532989,0.07969436315973238,0.021297750743327952,0.1358985707745301,0.1736504831858634,0.09415306256322774,0.040163408742114076,0.05366501772275905,0.046411807470351646,0.06432780800153087,0.044193913142578,0.13363623232240707,0.2637189348127126,0.09472195420393185,1.0000000000000027,0.09821725821821796,0.08476476394932039,0.056928083669782914
Wisconsin SB 196,0.04984780230598992,0.09659121092599944,0.1706903117346956,0.027032875764804877,0.05235130574269755,0.051448012131149586,0.0602532482841761,0.047719614520240886,0.03766434320965091,0.049582551410282207,0.03301203052810856,0.09665130628718292,0.03771306501946983,0.0337108524583469,0.09306747771573312,0.02685791582365866,0.02801293851685745,0.03297803567785478,0.035078418576003606,0.05600914701365584,0.10024953642129074,0.030137567952087684,0.04676587004980389,0.03807204090028848,0.06263814532593104,0.05007541068959472,0.05528436628024828,0.09085817117734073,0.06061294072636895,0.09896243833555192,0.057617296777923106,0.1731966298012572,0.02936548255969513,0.06102814140554619,0.03890498330760108,0.04654019608993053,0.07589440211663215,0.05194596474475202,0.04083249892252894,0.0745395672894875,0.11019435093506949,0.036750220661634976,0.06376359018113709,0.048480839273522265,0.038385649966034045,0.2977088979620076,0.07631860550205784,0.05927435642047642,0.13036005942949744,0.12722674693866037,0.0712182407091442,0.08369208224677836,0.057970616639827006,0.02558549157391076,0.024661627707508776,0.06790460313172707,0.05553292258207723,0.05526186687086579,0.04538018216207173,0.06340282010252683,0.050453192312561214,0.06477378519933218,0.0493533754240744,0.05113593454371595,0.04267416101218565,0.0673342188317152,0.015340882149738517,0.062262845010800275,0.08840215193232624,0.016258098461991062,0.05428690723083174,0.023622482711932034,0.01695848621156621,0.0408153582839525,0.053164087278899416,0.11589187969890365,0.030812289436043142,0.022605696956142736,0.0817544898901891,0.04786821343772142,0.02650457918693136,0.01621310731392536,0.02258526298627603,0.009565090756295427,0.03416221793434119,0.028609825542098836,0.024086341914741655,0.020991026838784878,0.028956889995495325,0.10210071241260216,0.014109121015675284,0.029182900109827808,0.041762584589703576,0.03412757899304861,0.027249900144150064,0.041870985644218366,0.041748124392131596,0.12792629236981778,0.020900776644528916,0.08934293073490356,0.09019924507862645,0.0386960651324803,0.04362847421307075,0.0472785996948017,0.11962043195625474,0.05712761083316507,0.43599917421642476,0.14241980259665935,0.0993272451199116,0.13046688625304995,0.06030156949094736,0.0679429910684459,0.04866887481372352,0.030538201800694078,0.031212373234066632,0.01251297152961599,0.038419119228491956,0.03851043736965811,0.011979157672309294,0.07193946906228116,0.08506842339629067,0.050229900330716254,0.04803707899808316,0.08976397820150638,0.029778143896736955,0.10167827038067116,0.06404421573893677,0.12824566562014036,0.047474754101170406,0.07303659319730395,0.05669365494101862,0.03020564345824104,0.04414383199259588,0.05073416394088272,0.017605836965407625,0.018372467745335477,0.07940542584702073,0.11382502701507514,0.11027827812946334,0.06881635392165875,0.04378288949125565,0.015458461583483692,0.0702423969147733,0.027273120074305934,0.1162533279256076,0.0177914415702588,0.03760220161436232,0.10904186507604613,0.06447268091345075,0.06673403768598136,0.016051258539564867,0.040178270554650536,0.017794167121084628,0.009094652653338909,0.019555965883813097,0.026759354045700273,0.026829913826287962,0.02050199660674224,0.07613792869047492,0.044894598132160846,0.04028839864697819,0.05958085005996982,0.09399000521530025,0.04143643418518831,0.057213261505243335,0.08034079075584487,0.029926585345527404,0.09131792827420006,0.03541335440572823,0.08321517470085514,0.03635657682451743,0.07684982239631895,0.008786704568259963,0.11058297184258958,0.1716958224960763,0.08161678962397079,0.040228479140667996,0.049165938314466744,0.034197992024017326,0.06356323393222951,0.04553041742866318,0.03802907149749908,0.04845478860644704,0.051789302271057276,0.09821725821821796,1.0000000000000049,0.04524115603939051,0.02703578296025293
Wyoming HB 152,0.05281664505003212,0.05877988315671254,0.09172514476465958,0.037137201796823394,0.10936314610364814,0.06230840256003909,0.05435631695852681,0.04305658793284052,0.052556720991518244,0.030768998955675468,0.02145515427255166,0.06835546785413966,0.0840846308459705,0.06763177950755214,0.07536756955929327,0.024983891818592542,0.025892540683614216,0.026252520892351017,0.0360773514486808,0.05208960409733076,0.06783043663171934,0.029308000297580555,0.04046162521021236,0.02652333338785611,0.06387617994771554,0.041801248054286075,0.026319623467951483,0.07872671489743657,0.03685416397013579,0.09216839574928526,0.04579447211999761,0.08268148361552952,0.027804950267686427,0.03975238038046885,0.03397575119450038,0.05019970972598029,0.049496753382886644,0.038068134882401294,0.030726061154360534,0.11179405071428482,0.07182869813430057,0.03544334257134485,0.03768815689933035,0.044475017992489825,0.07206018640017371,0.09403481633009671,0.18197763885099968,0.0929069213562806,0.07922030587095441,0.08293105805080803,0.05045531959452466,0.06042417730290239,0.027525414759091198,0.04342327681134549,0.15009762837767043,0.06143775012064301,0.0551037158801877,0.09953080490933887,0.05198060051693703,0.14138873800647736,0.04578991610335671,0.06380071746384164,0.05582191210034506,0.08384139034163798,0.047482660858579155,0.05302242951542992,0.0400724211146501,0.040985081019693045,0.05967920471939252,0.012266315835877247,0.019398778775602834,0.01018441594369203,0.00738977693084664,0.018051036812493853,0.049340405402446254,0.05745530024105919,0.024593696020990853,0.018675291439800346,0.06226811590913777,0.037236129885146595,0.023025544160887625,0.019036734888370235,0.030368180382065867,0.01728685041864594,0.028303831154165193,0.027333771131603884,0.038101335943802966,0.031869053712306875,0.05055860730914587,0.10446307891996114,0.04054911626872106,0.04090202099249362,0.053276896330844696,0.03562899380272396,0.03128464936313551,0.03322368521885823,0.026562144278978062,0.06919931772600905,0.024171112909986508,0.0624460732257316,0.06009438357133571,0.03088790250115196,0.03643828173374718,0.051417705759139586,0.042785837837387035,0.023928520844369413,0.08236364844300136,0.09707013814216095,0.0740172935052481,0.08789104086684332,0.07338269026748057,0.056012953818696254,0.049137287038407224,0.07515350490758856,0.06779205647949331,0.013043798241213699,0.07203806091850834,0.1578474836635901,0.048958942094401596,0.055900025564628725,0.09700489453684719,0.04548913243210863,0.037969703284282175,0.05228974971057789,0.02607900151263668,0.06835422312622462,0.059796278637205366,0.12542463757795946,0.044645024650436314,0.0463914475975978,0.029496788686220302,0.016359441795887726,0.053932924151056195,0.04161280327134638,0.013110474071708306,0.025557576044174555,0.051297200415849176,0.16691214931983248,0.08911261736451823,0.06942396688008558,0.038342955073039656,0.11122969793647458,0.1749672220922249,0.02443645218949095,0.06168687449342096,0.03689776706950287,0.04687079314116606,0.07061121553413634,0.030021293522177372,0.061420706620274504,0.011092096257816828,0.23569763082176545,0.03918381633547511,0.03768749503728479,0.029117669043733734,0.07618734786394966,0.05971302017590159,0.0249517480616696,0.03817848082978309,0.04721421830355911,0.02179800885649734,0.038503543666064975,0.0346624694032713,0.022362008796770333,0.034788750084189315,0.12553795605036466,0.03216090651066009,0.14392385254680573,0.06270302860451367,0.066496974151308,0.03250115983967595,0.054000259978219445,0.027505941154842253,0.09999458222640811,0.10292222231903461,0.0516371252443635,0.049251291535771576,0.033651561849485125,0.03163017075880649,0.04350600085843748,0.043683680582958316,0.04235182587025333,0.05241501043200488,0.06016305221805474,0.08476476394932039,0.04524115603939051,0.9999999999999997,0.5588785509941167
Wyoming SB 109,0.03448705601528249,0.03995481605090191,0.049789730153091905,0.017428408735832332,0.055229669672291946,0.023041301575184213,0.034366436562204304,0.026631298642466644,0.017819702614288824,0.014531994529812152,0.023057561379342242,0.04825166289509076,0.03896086225686428,0.036279995544027485,0.04387122195348236,0.011180667628118143,0.01663452170929905,0.010337446500553037,0.02220367662714645,0.027349868453486238,0.042871986174731626,0.023237583460350257,0.02351525095573282,0.015394216580797591,0.04680602915369117,0.021356329686254463,0.016951915772705363,0.042872644239934546,0.023027710834854057,0.048970657385354964,0.028593139264132518,0.04265342720647751,0.010794121387755193,0.02877774634504618,0.038611176073473724,0.0307981216536259,0.03219125147911555,0.022307241663808073,0.02966942582918997,0.0703800711849943,0.03900756951568239,0.010046260198216188,0.015278000225799317,0.0178146504183792,0.03483272995597002,0.051119065127219726,0.1015399224170523,0.04770179938170813,0.035447493833046406,0.04895009651118551,0.03128964347442913,0.0313709825282862,0.019685196489437885,0.0449085647170378,0.07074818635925559,0.03717264723836471,0.03146208717179149,0.05325600492179643,0.0302320436287906,0.09065702404543668,0.03140115902854073,0.037542820699785096,0.047175727566013466,0.044215917225378674,0.01764775101957043,0.03329494177242917,0.014792187902236204,0.022308777197328045,0.029722862592947215,0.010452335369753348,0.012761666147516781,0.00992808820542282,0.007477790660746608,0.02047431552016244,0.03748876682579281,0.03794597869779272,0.013814726369621394,0.014239056470637872,0.03996703334692054,0.023953373352098475,0.012665527095403533,0.008943526061711705,0.011967081803159148,0.009529617704482943,0.008647426478062773,0.01832209272180412,0.019698186657551377,0.013069385786187835,0.04417294729652927,0.07444721817707058,0.037088624404379746,0.01920026521368936,0.021810525920212216,0.024873757751534616,0.015933026551180795,0.016194080983727075,0.0089403519667862,0.047285304197838975,0.012103261549258552,0.0362620251856508,0.03128324139563217,0.017811846410860296,0.024649247464577497,0.021842374809279214,0.027552794618883335,0.013845630736148995,0.042050878185680964,0.057138782150529005,0.03892366474047204,0.046905845654300456,0.04885882258062696,0.056918644087244015,0.03132763356760726,0.04403333496612293,0.04623015646494472,0.016652578264169302,0.06495459100496906,0.06027849934737512,0.0653993581108286,0.047527849402334024,0.04989866030040179,0.024264267299511512,0.02377930052619256,0.026097796663857163,0.01879513646491212,0.03424852850848748,0.044971460645808,0.0753817855272502,0.020464595391906256,0.019977550107527716,0.01819069610798065,0.014705973073515354,0.03857195504241327,0.026085174810986145,0.00823712860942232,0.016581801359685736,0.0324795833093234,0.09213322929351958,0.05921477090211439,0.03709400984366444,0.025557629366083037,0.041279272397064304,0.0789033347103185,0.020957330583679115,0.03156790583656849,0.032547214414563104,0.041403207050385374,0.041574726912172795,0.01589739546558914,0.03207850951411763,0.014714690293759812,0.11790510655664836,0.056537299207626505,0.01796743367007504,0.018730977270851462,0.04868519041773072,0.029460611938214393,0.02921283617963341,0.02343651045942913,0.02907368016968769,0.01696913285512331,0.026645339443664335,0.014501439169415587,0.016435754459053913,0.023758898916003263,0.07047768947006965,0.02758616109570542,0.08142699775326666,0.046742922003098604,0.0479004171589654,0.014344987061141987,0.035481343409391526,0.01793196905941534,0.062119896490316955,0.060437352656057375,0.0367579560502377,0.040666646007887795,0.019754638612021706,0.033159513616889916,0.0375783549560823,0.02548139595729054,0.027362996680078525,0.02513068519515092,0.04677763387913787,0.056928083669782914,0.02703578296025293,0.5588785509941167,0.9999999999999997
